time,solar_radiation,wind_u,wind_v,cloud_cover,pressure,precipitation,temperature_celsius,dewpoint_celsius,wind_speed,wind_direction,relative_humidity,hour,day_of_week,day_of_year,month,is_weekend,hour_sin,hour_cos,month_sin,month_cos,season,solar_radiation_wm2,precipitation_mm,cloud_cover_pct,year,country,solar_radiation_wm2_lag_1h,solar_radiation_wm2_lag_24h,solar_radiation_wm2_lag_168h,solar_radiation_wm2_rolling_mean_24h,solar_radiation_wm2_rolling_std_24h,wind_speed_lag_1h,wind_speed_lag_24h,wind_speed_lag_168h,wind_speed_rolling_mean_24h,wind_speed_rolling_std_24h,temperature_celsius_lag_1h,temperature_celsius_lag_24h,temperature_celsius_lag_168h,temperature_celsius_rolling_mean_24h,temperature_celsius_rolling_std_24h
2024-12-11 04:00:00,2727178.0,0.65625876,-0.2286816,0.6089384,99593.57,0.00023412636,26.843658,19.503326,0.694961,-19.211533,64.134026,4,2,346,12,0,0.8660254037844386,0.5000000000000001,-2.4492935982947064e-16,1.0,summer,757.54944,0.23412636,60.89384,2024,,762.51825,764.4198,796.94977,251.9036686904819,292.8730711560212,0.5926501,0.40701547,0.5216837,0.3613822066666666,0.12161234320539575,26.574615,26.790558,27.115051,25.149336416666667,1.2276533237040168
2024-12-11 05:00:00,2537207.8,0.7638327,-0.11414258,0.61155444,99522.14,0.00025134778,26.954315,19.480377,0.77231395,-8.499047,63.626854,5,2,346,12,0,0.9659258262890684,0.2588190451025207,-2.4492935982947064e-16,1.0,summer,704.7799,0.25134778,61.155445,2024,,757.54944,703.4109,736.897,251.61740369048186,292.3532346798984,0.694961,0.38684532,0.48281094,0.37337993708333334,0.13923668467342679,26.843658,26.891205,27.233398,25.15154891666667,1.2307836240456358
2024-12-11 06:00:00,2136538.8,0.81124806,-0.00682439,0.607131,99460.94,0.00027258592,26.990143,19.42334,0.81127673,-0.4819728,63.267963,6,2,346,12,0,1.0,6.123233995736766e-17,-2.4492935982947064e-16,1.0,summer,593.483,0.27258593,60.7131,2024,,704.7799,594.6964,628.436,251.67444535714853,292.44533675047325,0.77231395,0.42187193,0.414795,0.38944112999999997,0.16133594364183182,26.954315,26.860992,27.22937,25.1541785,1.2347231318232936
2024-12-11 07:00:00,1616725.8,0.77929485,0.06909944,0.60705256,99430.09,0.00026001636,26.809875,19.424805,0.7823523,5.067118,63.948524,7,2,346,12,0,0.9659258262890684,-0.2588190451025206,-2.4492935982947064e-16,1.0,summer,449.09048,0.26001635,60.705257,2024,,593.483,448.84396,477.13397,251.6238870238152,292.3835546746177,0.81127673,0.4866077,0.30969018,0.40566633,0.18288139899068084,26.990143,26.723297,27.08081,25.159559791666666,1.2427407684533207
2024-12-11 08:00:00,1036070.4,0.674764,0.0976646,0.60940915,99431.84,0.00024619914,26.557922,19.39029,0.6817953,8.235735,64.76596,8,2,346,12,0,0.8660254037844387,-0.4999999999999998,-2.4492935982947064e-16,1.0,summer,287.79733,0.24619915,60.940914,2024,,449.09048,293.89944,310.21765,251.63415869048185,292.3907886523072,0.7823523,0.54576695,0.1942445,0.4179890216666667,0.19791800952014774,26.809875,26.437866,26.83023,25.163167208333334,1.2475935115506724
2024-12-11 09:00:00,535889.25,0.544871,0.05850679,0.62452763,99457.21,0.00022358063,26.157013,19.352295,0.54800314,6.128785,66.16168,9,2,346,12,0,0.7071067811865476,-0.7071067811865475,-2.4492935982947064e-16,1.0,summer,148.85812,0.22358063,62.452763,2024,,287.79733,151.80757,161.7438,251.37990410714852,292.35508897245154,0.6817953,0.5798333,0.1336679,0.4236568695833333,0.20360244199060407,26.557922,26.095184,26.493866,25.168169541666668,1.2531550351833993
2024-12-11 10:00:00,197012.72,0.54878974,0.17970093,0.6246648,99483.92,0.00020231781,25.672241,19.46225,0.5774622,18.131008,68.55816,10,2,346,12,0,0.4999999999999999,-0.8660254037844387,-2.4492935982947064e-16,1.0,summer,54.725754,0.2023178,62.466476,2024,,148.85812,57.90401,59.571255,251.25701035714852,292.3993813660014,0.54800314,0.37691683,0.21652392,0.4223306129166667,0.20264229068798548,26.157013,25.6604,25.985596,25.17074575,1.2552055048350887
2024-12-11 11:00:00,43535.32,0.48372936,0.10836536,0.6353612,99525.984,0.00018988599,25.249908,19.605927,0.4957188,12.626962,70.933105,11,2,346,12,0,0.258819045102521,-0.9659258262890682,-2.4492935982947064e-16,1.0,summer,12.093144,0.18988599,63.536118,2024,,54.725754,13.128482,11.91611,251.12458302381518,292.4914632886045,0.5774622,0.3922622,0.19863978,0.43068667,0.20481139600851023,25.672241,25.253357,25.583344,25.171239125,1.2554086486019853
2024-12-11 12:00:00,2923.4436,0.4198838,0.044711333,0.6390081,99562.78,0.0001912361,24.936218,19.673798,0.42225763,6.0782375,72.57812,12,2,346,12,0,1.2246467991473532e-16,-1.0,-2.4492935982947064e-16,1.0,summer,0.8120677,0.19123611,63.90081,2024,,12.093144,0.87681097,0.65299344,251.08144394048188,292.5281651471347,0.4957188,0.41220102,0.27474985,0.4349973616666667,0.2050560952984442,25.249908,24.97937,25.254486,25.171095416666663,1.2553990371244077
2024-12-11 13:00:00,2.6495337,0.39073417,-0.03219871,0.6595521,99582.64,0.00020204413,24.645264,19.69812,0.3920586,-4.7108526,73.9631,13,2,346,12,0,-0.2588190451025208,-0.9659258262890684,-2.4492935982947064e-16,1.0,summer,0.0007359816,0.20204413,65.95521,2024,,0.8120677,0.0005768745,4.9776536e-05,251.07874630423188,292.5305730918518,0.42225763,0.4076533,0.3481962,0.43541638708333336,0.20501775794055813,24.936218,24.68335,24.941498,25.169297416666666,1.2557164290393459
2024-12-11 14:00:00,0.0,0.4048755,-0.104050085,0.6702842,99578.45,0.00022644793,24.402466,19.696777,0.41803178,-14.412707,75.0403,14,2,346,12,0,-0.4999999999999997,-0.8660254037844388,-2.4492935982947064e-16,1.0,summer,0.0,0.22644792,67.02842,2024,,0.0007359816,0.0,0.0,251.07875293369435,292.5305671544111,0.3920586,0.36757514,0.38459742,0.4347666079166666,0.20513425510663938,24.645264,24.40628,24.67276,25.1677105,1.2563811375529723
2024-12-11 15:00:00,0.0,0.46174446,-0.16754512,0.6704239,99550.71,0.0002553899,24.111877,19.701721,0.4912019,-19.943428,76.38388,15,2,346,12,0,-0.7071067811865471,-0.7071067811865479,-2.4492935982947064e-16,1.0,summer,0.0,0.2553899,67.04239,2024,,0.0,0.0,0.0,251.07875293369435,292.5305671544111,0.41803178,0.2951801,0.38246125,0.4368689679166667,0.20467373010641712,24.402466,24.145386,24.431854,25.167551583333335,1.2564818737203003
2024-12-11 16:00:00,0.0,0.5452251,-0.22583541,0.6811243,99508.055,0.00027043722,23.843018,19.683136,0.59014577,-22.49962,77.539406,16,2,346,12,0,-0.8660254037844384,-0.5000000000000004,-2.4492935982947064e-16,1.0,summer,0.0,0.2704372,68.112434,2024,,0.0,0.0,0.0,251.07875293369435,292.5305671544111,0.4912019,0.22679771,0.3620109,0.4450365429166667,0.20267515589201704,24.111877,23.906311,24.190735,25.166155375,1.257685134393591
2024-12-11 17:00:00,0.0,0.63070107,-0.2669789,0.6795675,99466.67,0.0002863,23.603485,19.660889,0.68488073,-22.943178,78.55799,17,2,346,12,0,-0.9659258262890684,-0.2588190451025206,-2.4492935982947064e-16,1.0,summer,0.0,0.2863,67.95675,2024,,0.0,0.0,0.0,251.07875293369435,292.5305671544111,0.59014577,0.2016668,0.33068094,0.46017604541666673,0.19920533687343542,23.843018,23.696136,23.97528,25.163518166666666,1.260504926165152
2024-12-11 18:00:00,0.23679408,0.69004875,-0.2843165,0.680999,99441.04,0.0002977898,23.409668,19.635529,0.74632645,-22.392824,79.35713,18,2,346,12,0,-1.0,-1.8369701987210292e-16,-2.4492935982947064e-16,1.0,summer,6.5776134e-05,0.2977898,68.0999,2024,,0.0,7.2887065e-05,5.9554066e-05,251.07875293369435,292.5305671544111,0.68488073,0.21830986,0.31364283,0.4803099591666667,0.19634040993753457,23.603485,23.53183,23.822662,25.15965770833333,1.2653270202344817
2024-12-11 19:00:00,2032.7092,0.70507944,-0.282385,0.6954647,99445.21,0.00031987362,23.267456,19.605103,0.75952506,-21.826149,79.89084,19,2,346,12,0,-0.9659258262890684,0.2588190451025203,-2.4492935982947064e-16,1.0,summer,0.5646415,0.31987363,69.54647,2024,,6.5776134e-05,0.50102484,0.7297173,251.0787526374056,292.5305674197721,0.74632645,0.24280328,0.33107334,0.5023106504166667,0.19528616601781104,23.409668,23.414581,23.680573,25.154567625,1.272386082431618
2024-12-11 20:00:00,34977.844,0.6746243,-0.27035996,0.6892832,99474.94,0.0003086055,23.2984,19.641998,0.72678226,-21.838755,79.924576,20,2,346,12,0,-0.8660254037844386,0.5000000000000001,-2.4492935982947064e-16,1.0,summer,9.716067,0.3086055,68.92832,2024,,0.5646415,9.054571,11.940456,251.08140333157223,292.5281984301167,0.75952506,0.2398764,0.4111259,0.5238407245833333,0.1939109961254398,23.267456,23.41623,23.667297,25.148437416666667,1.2814557076730624
2024-12-11 21:00:00,188815.42,0.60610735,-0.24908176,0.6975736,99523.195,0.00029182018,23.627075,19.69104,0.6552922,-22.340368,78.59338,21,2,346,12,0,-0.7071067811865477,0.7071067811865474,-2.4492935982947064e-16,1.0,summer,52.448727,0.29182017,69.75736,2024,,9.716067,50.44052,60.479298,251.10896566490558,292.5044331100202,0.72678226,0.22600499,0.5278283,0.54412846875,0.1882996247037897,23.2984,23.669922,23.964264,25.143527833333334,1.2885866578348306
2024-12-11 22:00:00,534900.5,0.66359395,-0.25705436,0.68014723,99564.086,0.0002739596,24.434753,19.691803,0.71164167,-21.17472,74.87206,22,2,346,12,0,-0.5000000000000004,0.8660254037844384,-2.4492935982947064e-16,1.0,summer,148.58347,0.2739596,68.014725,2024,,52.448727,147.9384,166.39638,251.19264095657226,292.44481421070304,0.6552922,0.21877876,0.41888765,0.5620154358333334,0.17680514950219448,23.627075,24.336823,24.777863,25.14174254166667,1.2907449276281147
2024-12-11 23:00:00,1045539.1,0.5767343,-0.3018246,0.67482996,99607.945,0.00025701377,24.87851,19.649078,0.6509382,-27.624584,72.71693,23,2,346,12,0,-0.2588190451025215,0.965925826289068,-2.4492935982947064e-16,1.0,summer,290.42752,0.25701377,67.482994,2024,,148.58347,291.19186,317.86966,251.2195188732389,292.4349412300846,0.71164167,0.22323726,0.5263189,0.5825513904166667,0.16331306085572622,24.434753,24.825562,25.338348,25.145822958333337,1.2882420768462155
2024-12-12 00:00:00,1603121.4,0.52767885,-0.35681197,0.66941136,99628.7,0.00024182069,25.378906,19.588623,0.63699275,-34.066223,70.314674,0,3,347,12,0,0.0,1.0,-2.4492935982947064e-16,1.0,summer,445.3115,0.2418207,66.94114,2024,,290.42752,454.5539,482.6616,251.1876713732389,292.4304403768135,0.6509382,0.30908525,0.59796804,0.6003722629166667,0.14467124529466655,24.87851,25.26184,25.828522,25.148029125000004,1.2877150008911096
2024-12-12 01:00:00,2114920.5,0.5656081,-0.39597976,0.6714274,99621.43,0.00024149384,25.852692,19.458344,0.6904437,-34.995697,67.81141,1,3,347,12,0,0.2588190451025207,0.9659258262890684,-2.4492935982947064e-16,1.0,summer,587.4779,0.24149384,67.142746,2024,,445.3115,597.6218,630.6359,250.80257137323892,292.1569422790989,0.63699275,0.39996314,0.60903406,0.6140350754166667,0.13078317426647648,25.378906,25.760925,26.291626,25.152906875000003,1.2883863928661288
2024-12-12 02:00:00,2504741.5,0.65244216,-0.37817854,0.67231023,99590.25,0.00023826514,26.36084,19.354523,0.75412184,-30.098095,65.37819,2,3,347,12,0,0.4999999999999999,0.8660254037844387,-2.4492935982947064e-16,1.0,summer,695.76154,0.23826514,67.231026,2024,,587.4779,702.8797,731.0289,250.37990887323895,291.6402658515852,0.6904437,0.49427015,0.5949974,0.6261384320833333,0.12333996566457771,25.852692,26.262054,26.77246,25.1567305,1.290403892563116
2024-12-12 03:00:00,2713948.8,0.74798435,-0.31899104,0.6673848,99539.56,0.00025350603,26.651367,19.297241,0.8131641,-23.096674,64.03786,3,3,347,12,0,0.7071067811865476,0.7071067811865476,-2.4492935982947064e-16,1.0,summer,753.87463,0.25350603,66.73848,2024,,695.76154,762.51825,793.4736,250.0833188732389,291.163307867947,0.75412184,0.5926501,0.5679214,0.6369655858333334,0.12266430661090932,26.36084,26.574615,27.067657,25.160846583333335,1.294234770947795
2024-12-12 04:00:00,2715962.5,0.8250598,-0.22975002,0.6631105,99476.516,0.00028196746,26.88086,19.240631,0.8564512,-15.560642,62.95552,4,3,347,12,0,0.8660254037844386,0.5000000000000001,-2.4492935982947064e-16,1.0,summer,754.434,0.28196746,66.31105,2024,,753.87463,757.54944,787.4723,249.72316803990557,290.506504158191,0.8131641,0.694961,0.54935634,0.6461536691666667,0.12736906179824903,26.651367,26.843658,27.296997,25.164044583333332,1.2979694559486004
2024-12-12 05:00:00,2502443.5,0.86679584,-0.12851195,0.646719,99410.836,0.0002903471,27.034088,19.17627,0.8762707,-8.433291,62.140804,5,3,347,12,0,0.9659258262890684,0.2588190451025207,-2.4492935982947064e-16,1.0,summer,695.12317,0.2903471,64.6719,2024,,754.434,704.7799,724.9461,249.5933580399056,290.2703210149341,0.8564512,0.77231395,0.56766295,0.6528824274999999,0.13414503169913597,26.88086,26.954315,27.436584,25.165594666666664,1.3000830170231117
2024-12-12 06:00:00,2135916.0,0.85309625,-0.037607703,0.6406242,99362.73,0.00028941166,27.037537,19.14624,0.8539248,-2.52418,62.011955,6,3,347,12,0,1.0,6.123233995736766e-17,-2.4492935982947064e-16,1.0,summer,593.31,0.28941166,64.06242,2024,,695.12317,593.483,613.0227,249.1909942899056,289.6178819000402,0.8762707,0.81127673,0.63399917,0.65721395875,0.13973120142562467,27.034088,26.990143,27.374481,25.168918541666667,1.3049478804658734
2024-12-12 07:00:00,1638418.4,0.77414906,0.022425905,0.6525494,99345.75,0.000284985,26.92334,19.126953,0.77447385,1.6593064,62.354786,7,3,347,12,0,0.9659258262890684,-0.2588190451025206,-2.4492935982947064e-16,1.0,summer,455.1162,0.284985,65.25494,2024,,593.31,449.09048,468.58215,249.18378595657225,289.6089422203741,0.8539248,0.7823523,0.74610513,0.6589909616666667,0.14202795665210863,27.037537,26.809875,27.24414,25.17089329166667,1.3078563468305784
2024-12-12 08:00:00,1074801.0,0.63201714,0.037227634,0.6547981,99361.945,0.00026922088,26.713867,19.135681,0.6331126,3.3709917,63.163025,8,3,347,12,0,0.8660254037844387,-0.4999999999999998,-2.4492935982947064e-16,1.0,summer,298.55585,0.2692209,65.47981,2024,,455.1162,287.79733,306.9208,249.43485762323894,289.7923369275878,0.77447385,0.6817953,0.8743673,0.6586626929166667,0.14173924654882686,26.92334,26.557922,26.866943,25.175621000000003,1.314228177306502
2024-12-12 09:00:00,559182.56,0.45564592,-0.025625434,0.6595413,99402.586,0.00025217558,26.328522,19.242432,0.45636594,-3.2189121,65.047325,9,3,347,12,0,0.7071067811865476,-0.7071067811865475,-2.4492935982947064e-16,1.0,summer,155.32849,0.25217557,65.95413,2024,,298.55585,148.85812,161.70099,249.88312928990558,289.86257135966423,0.6331126,0.54800314,1.0024859,0.6566342470833334,0.14174215135067125,26.713867,26.157013,26.486725,25.182118708333334,1.3217237191307571
2024-12-12 10:00:00,210801.39,0.40670532,0.01708805,0.66231906,99444.195,0.00023733982,25.775604,19.299438,0.40706414,2.4059129,67.45157,10,3,347,12,0,0.4999999999999999,-0.8660254037844387,-2.4492935982947064e-16,1.0,summer,58.555943,0.23733981,66.2319,2024,,155.32849,54.725754,61.287132,250.15272803990558,289.767516950789,0.45636594,0.5774622,0.95059633,0.6528160304166667,0.14596694809180719,26.328522,25.672241,25.946503,25.18926491666667,1.3276741440116087
2024-12-12 11:00:00,47304.547,0.2665244,-0.08070579,0.6648223,99503.57,0.00024008234,25.327545,19.442139,0.27847564,-16.846745,69.890305,11,3,347,12,0,0.258819045102521,-0.9659258262890682,-2.4492935982947064e-16,1.0,summer,13.140152,0.24008234,66.48223,2024,,58.555943,12.093144,13.004369,250.31231924823894,289.6562380708145,0.40706414,0.4957188,1.0702792,0.6457161112500001,0.15372929736096294,25.775604,25.249908,25.577637,25.193571708333337,1.329475395266462
2024-12-12 12:00:00,3091.2188,0.15128216,-0.19627744,0.6819502,99554.04,0.000255353,24.977264,19.554901,0.24781269,-52.37652,71.86744,12,3,347,12,0,1.2246467991473532e-16,-1.0,-2.4492935982947064e-16,1.0,summer,0.8586719,0.255353,68.19502,2024,,13.140152,0.8120677,0.6961839,250.35594458157223,289.61887621732916,0.27847564,0.42225763,1.1554564,0.6366643129166667,0.16861996851826125,25.327545,24.936218,25.29596,25.196806583333338,1.3297128642544347
2024-12-12 13:00:00,1.6479588,0.079885915,-0.3278702,0.6834145,99578.13,0.00027141703,24.671722,19.6091,0.33746204,-76.30663,73.43877,13,3,347,12,0,-0.2588190451025208,-0.9659258262890684,-2.4492935982947064e-16,1.0,summer,0.00045776632,0.27141702,68.34145,2024,,0.8586719,0.0007359816,3.4221368e-05,250.3578864232389,289.61713047670503,0.24781269,0.3920586,1.2054976,0.62939577375,0.18152965455408449,24.977264,24.645264,25.010315,25.198516833333333,1.3293894850575667
2024-12-12 14:00:00,0.0,0.07741167,-0.4613579,0.6971098,99574.18,0.00028243562,24.387024,19.663849,0.4678073,-80.47501,74.956314,14,3,347,12,0,-0.4999999999999997,-0.8660254037844388,-2.4492935982947064e-16,1.0,summer,0.0,0.28243563,69.71098,2024,,0.00045776632,0.0,0.0,250.35787483093557,289.6171409332719,0.33746204,0.41803178,1.2060449,0.6271209170833334,0.1849431790069082,24.671722,24.402466,24.735748,25.199619249999998,1.3289216321264339
2024-12-12 15:00:00,0.0,0.13042256,-0.5818343,0.70938605,99544.47,0.00029962984,24.18097,19.65393,0.59627277,-77.36557,75.84203,15,3,347,12,0,-0.7071067811865471,-0.7071067811865479,-2.4492935982947064e-16,1.0,summer,0.0,0.29962984,70.93861,2024,,0.0,0.0,0.0,250.35787483093557,289.6171409332719,0.4678073,0.4912019,1.1717029,0.6291948970833333,0.1827627180510195,24.387024,24.111877,24.478943,25.198975833333332,1.329328042092815
2024-12-12 16:00:00,0.0,0.21226808,-0.68037134,0.7154168,99500.336,0.00031420193,23.953766,19.638336,0.71271515,-72.67267,76.810295,16,3,347,12,0,-0.8660254037844384,-0.5000000000000004,-2.4492935982947064e-16,1.0,summer,0.0,0.31420192,71.54168,2024,,0.0,0.0,0.0,250.35787483093557,289.6171409332719,0.59627277,0.59014577,1.1154891,0.63357285,0.18055863306416414,24.18097,23.843018,24.230927,25.201854708333332,1.3269440716487222
2024-12-12 17:00:00,0.0,0.29368392,-0.7398014,0.72385657,99459.52,0.00032379525,23.74179,19.593689,0.7959625,-68.348076,77.58114,17,3,347,12,0,-0.9659258262890684,-0.2588190451025206,-2.4492935982947064e-16,1.0,summer,0.0,0.32379526,72.38566,2024,,0.0,0.0,0.0,250.35787483093557,289.6171409332719,0.71271515,0.68488073,1.0511981,0.6386799074999999,0.18100976227607443,23.953766,23.603485,24.042236,25.206469208333335,1.322197286318987
2024-12-12 18:00:00,0.25279367,0.34672546,-0.76809454,0.7187447,99438.54,0.0003279273,23.575745,19.572937,0.8427264,-65.70511,78.26057,18,3,347,12,0,-1.0,-1.8369701987210292e-16,-2.4492935982947064e-16,1.0,summer,7.022046e-05,0.3279273,71.874466,2024,,0.0,6.5776134e-05,8.53312e-05,250.35787483093557,289.6171409332719,0.7959625,0.74632645,1.0070845,0.6433083145833334,0.18364349313811462,23.74179,23.409668,23.873688,25.212231916666667,1.3151898535558755
2024-12-12 19:00:00,2014.8168,0.3537036,-0.7682914,0.7311281,99445.555,0.0003441193,23.444275,19.572144,0.84580016,-65.27975,78.880104,19,3,347,12,0,-0.9659258262890684,0.2588190451025203,-2.4492935982947064e-16,1.0,summer,0.55967134,0.3441193,73.11281,2024,,7.022046e-05,0.5646415,0.59010303,250.35787501611583,289.61714076623406,0.8427264,0.75952506,1.0061895,0.6473249791666666,0.1870179111925305,23.575745,23.267456,23.746674,25.219151791666665,1.3056959429209862
2024-12-12 20:00:00,36788.742,0.31713676,-0.7548974,0.7248241,99475.51,0.00034859544,23.455627,19.642822,0.8188076,-67.21244,79.17309,20,3,347,12,0,-0.8660254037844386,0.5000000000000001,-2.4492935982947064e-16,1.0,summer,10.219095,0.34859544,72.48241,2024,,0.55967134,9.716067,11.163587,250.35766792611582,289.61732714779424,0.84580016,0.72678226,1.0614902,0.6509197750000001,0.19007258079991293,23.444275,23.2984,23.747284,25.22651925,1.2946567792454022
2024-12-12 21:00:00,191762.33,0.24925672,-0.74213713,0.72614616,99524.89,0.0003391343,23.841919,19.721497,0.782877,-71.43468,77.72951,21,3,347,12,0,-0.7071067811865477,0.7071067811865474,-2.4492935982947064e-16,1.0,summer,53.267315,0.3391343,72.61462,2024,,10.219095,52.448727,56.14576,250.37862742611583,289.5991724559428,0.8188076,0.6552922,1.1650767,0.6547541641666667,0.19258118802217017,23.455627,23.627075,23.965485,25.233070375,1.284836608698939
2024-12-12 22:00:00,529439.56,0.22450528,-0.6883023,0.7229039,99569.55,0.0003236509,24.703522,19.68872,0.7239908,-71.9351,73.66273,22,3,347,12,0,-0.5000000000000004,0.8660254037844384,-2.4492935982947064e-16,1.0,summer,147.06654,0.3236509,72.29039,2024,,53.267315,148.58347,153.04686,250.41273525944916,289.5748947117383,0.782877,0.71164167,1.0707247,0.6600701975000001,0.1943495000687613,23.841919,24.434753,24.604675,25.242022208333335,1.273862242742961
2024-12-12 23:00:00,1033352.2,0.15839358,-0.75525814,0.71790373,99607.77,0.0003096693,25.20694,19.58609,0.77168864,-78.155525,71.0273,23,3,347,12,0,-0.2588190451025215,0.965925826289068,-2.4492935982947064e-16,1.0,summer,287.04227,0.3096693,71.790375,2024,,147.06654,290.42752,293.991,250.34952984278252,289.5982519180187,0.7239908,0.6509382,1.1932305,0.6605847445833334,0.19450825628053875,24.703522,24.87851,25.130768,25.253220916666667,1.2676229782411221
2024-12-13 00:00:00,1605149.5,0.1352746,-0.8335537,0.70885974,99624.695,0.00030181947,25.712189,19.516235,0.84445894,-80.78203,68.62583,0,4,348,12,0,0.0,1.0,-2.4492935982947064e-16,1.0,summer,445.87485,0.30181947,70.88597,2024,,287.04227,445.3115,453.09738,250.20847775944915,289.5787065203517,0.77168864,0.63699275,1.2438619,0.6656160129166667,0.19580526177580934,25.20694,25.378906,25.595001,25.266905499999996,1.2651723300501891
2024-12-13 01:00:00,2133613.2,0.17553641,-0.89437735,0.70055836,99619.17,0.0002932757,26.231476,19.388153,0.91144055,-78.89589,66.01813,1,4,348,12,0,0.2588190451025207,0.9659258262890684,-2.4492935982947064e-16,1.0,summer,592.67035,0.29327568,70.05584,2024,,445.87485,587.4779,597.25195,250.23195067611584,289.59523130869286,0.84445894,0.6904437,1.2367659,0.6742604375000001,0.1990395621537085,25.712189,25.852692,26.087646,25.280792291666668,1.268280393844718
2024-12-13 02:00:00,2503749.2,0.26160908,-0.9197145,0.7110809,99586.44,0.00029276503,26.742859,19.229584,0.95619774,-74.12181,63.42551,2,4,348,12,0,0.4999999999999999,0.8660254037844387,-2.4492935982947064e-16,1.0,summer,695.4859,0.29276502,71.10809,2024,,592.67035,695.76154,695.4681,250.44830275944915,289.8599555050285,0.91144055,0.75412184,1.1874615,0.6834686395833334,0.20484805737950298,26.231476,26.36084,26.547272,25.296574958333334,1.278026002248553
2024-12-13 03:00:00,2743638.8,0.36825192,-0.9089317,0.7113408,99533.41,0.00028985782,27.039307,19.098206,0.9806968,-67.944756,61.81999,3,4,348,12,0,0.7071067811865476,0.7071067811865476,-2.4492935982947064e-16,1.0,summer,762.1219,0.28985783,71.13408,2024,,695.4859,753.87463,744.00854,250.43681775944916,289.84154877044324,0.95619774,0.8131641,1.1060408,0.6918884687499999,0.21190959464990913,26.742859,26.651367,26.821808,25.312492416666668,1.2941348850216357
2024-12-13 04:00:00,2713669.2,0.46620333,-0.8604415,0.70643556,99466.555,0.00029890705,27.25946,18.985596,0.9786241,-61.550335,60.59823,4,4,348,12,0,0.8660254037844386,0.5000000000000001,-2.4492935982947064e-16,1.0,summer,753.797,0.29890704,70.643555,2024,,762.1219,754.434,739.2994,250.78045400944916,290.4685866864214,0.9806968,0.8564512,1.0104177,0.6988689979166667,0.21872789941261175,27.039307,26.88086,27.11499,25.328656583333338,1.3138574147208295
2024-12-13 05:00:00,2518740.8,0.53359556,-0.78936386,0.6990534,99395.95,0.00029598508,27.36728,18.940216,0.9527957,-55.942024,60.045696,5,4,348,12,0,0.9659258262890684,0.2588190451025207,-2.4492935982947064e-16,1.0,summer,699.6502,0.29598507,69.90534,2024,,753.797,695.12317,689.8492,250.7539123427825,290.42058937306246,0.9786241,0.8762707,0.9210952,0.7039595354166668,0.2239150074171888,27.25946,27.034088,27.207153,25.344431583333336,1.335400672898496
2024-12-13 06:00:00,2137811.5,0.5486802,-0.71880734,0.7073164,99341.08,0.00030117255,27.329987,18.933716,0.90428644,-52.64477,60.152752,6,4,348,12,0,1.0,6.123233995736766e-17,-2.4492935982947064e-16,1.0,summer,593.83655,0.30117255,70.73164,2024,,699.6502,593.31,575.75745,250.94253859278248,290.72306535947666,0.9527957,0.8539248,0.8766386,0.7071480770833335,0.2269990134805364,27.36728,27.037537,27.156158,25.358314583333335,1.3553137807867361
2024-12-13 07:00:00,1646976.8,0.49384177,-0.66544896,0.7007199,99317.19,0.00026103016,27.171936,18.88498,0.82867485,-53.42022,60.528748,7,4,348,12,0,0.9659258262890684,-0.2588190451025206,-2.4492935982947064e-16,1.0,summer,457.49353,0.26103017,70.07199,2024,,593.83655,455.1162,446.13104,250.96447817611582,290.7500442792194,0.90428644,0.77447385,0.89248925,0.70924647875,0.22864165503365236,27.329987,26.92334,26.99765,25.370500000000003,1.3722763663515916
2024-12-13 08:00:00,1087598.2,0.37475678,-0.6568125,0.6916424,99329.04,0.00025254968,26.951752,18.931244,0.75620455,-60.292267,61.4947,8,4,348,12,0,0.8660254037844387,-0.4999999999999998,-2.4492935982947064e-16,1.0,summer,302.11063,0.25254968,69.16424,2024,,457.49353,298.55585,291.53857,251.0635335927825,290.82301639886305,0.82867485,0.6331126,0.95352983,0.71150485375,0.22957969794500935,27.171936,26.713867,26.658173,25.380858166666666,1.385382703169982
2024-12-13 09:00:00,566929.75,0.23692176,-0.7275209,0.6922031,99371.95,0.0002427452,26.546967,18.946167,0.76512647,-71.96183,63.037533,9,4,348,12,0,0.7071067811865476,-0.7071067811865475,-2.4492935982947064e-16,1.0,summer,157.48048,0.24274519,69.220314,2024,,302.11063,155.32849,153.68385,251.21164942611583,290.84915987227214,0.75620455,0.45636594,1.0327965,0.716633685,0.22912676070653884,26.951752,26.328522,26.302856,25.390770041666666,1.396143716706134
2024-12-13 10:00:00,206292.14,0.26256335,-0.665107,0.7029042,99416.08,0.0002240595,25.870575,19.15802,0.71505725,-68.45744,66.48399,10,4,348,12,0,0.4999999999999999,-0.8660254037844387,-2.4492935982947064e-16,1.0,summer,57.30337,0.2240595,70.29042,2024,,157.48048,58.555943,59.805115,251.30131567611582,290.8186448378865,0.76512647,0.40706414,0.9788636,0.7294987070833333,0.22244869529905392,26.546967,25.775604,25.840881,25.399871916666665,1.4032171389667554
2024-12-13 11:00:00,43253.953,0.1358233,-0.77074975,0.7127432,99476.98,0.0002173162,25.414154,19.287598,0.7826258,-80.00581,68.86505,11,4,348,12,0,0.258819045102521,-0.9659258262890682,-2.4492935982947064e-16,1.0,summer,12.014987,0.21731621,71.27432,2024,,57.30337,13.140152,13.030872,251.24912513444917,290.8548491369479,0.71505725,0.27847564,1.0081812,0.7423317533333332,0.21166120618993717,25.870575,25.327545,25.488342,25.403829041666665,1.4044561500602304
2024-12-13 12:00:00,3011.88,0.038367253,-0.8985789,0.7181393,99527.58,0.00022257799,25.10434,19.352234,0.8993976,-87.555084,70.43077,12,4,348,12,0,1.2246467991473532e-16,-1.0,-2.4492935982947064e-16,1.0,summer,0.8366333,0.22257799,71.81393,2024,,12.014987,0.8586719,0.7508692,251.20224325944915,290.89498569377014,0.7826258,0.24781269,1.0228966,0.76333801,0.18723172475901864,25.414154,24.977264,25.19754,25.40743775,1.404362884855892
2024-12-13 13:00:00,4.1006975,-0.007850926,-1.0317731,0.7206417,99549.12,0.00023790766,24.835907,19.435028,1.031803,-90.43597,71.93831,13,4,348,12,0,-0.2588190451025208,-0.9659258262890684,-2.4492935982947064e-16,1.0,summer,0.0011390826,0.23790766,72.06417,2024,,0.8366333,0.00045776632,0.00019555067,251.2013249844492,290.89581035215406,0.8993976,0.33746204,0.99433595,0.7904873812500001,0.1534157844666319,25.10434,24.671722,24.881744,25.412732583333334,1.40290929901313
2024-12-13 14:00:00,0.0,0.012921625,-1.1650789,0.7232256,99537.84,0.0002602504,24.553741,19.527344,1.1651505,-89.36456,73.58423,14,4,348,12,0,-0.4999999999999997,-0.8660254037844388,-2.4492935982947064e-16,1.0,summer,0.0,0.26025042,72.322556,2024,,0.0011390826,0.0,0.0,251.2013533726275,290.8957847719471,1.031803,0.4678073,0.9227027,0.8194182545833334,0.12756083713354285,24.835907,24.387024,24.594452,25.419573625,1.399535037719009
2024-12-13 15:00:00,0.0,0.07772076,-1.286403,0.7362747,99501.766,0.00028454984,24.313232,19.546844,1.2887486,-86.54255,74.74321,15,4,348,12,0,-0.7071067811865471,-0.7071067811865479,-2.4492935982947064e-16,1.0,summer,0.0,0.28454983,73.62747,2024,,0.0,0.0,0.0,251.2013533726275,290.8957847719471,1.1651505,0.59627277,0.80371594,0.84847422125,0.12333926105033877,24.553741,24.18097,24.353668,25.426520166666666,1.3945922062725618
2024-12-13 16:00:00,0.0,0.16861102,-1.3783464,0.7344963,99454.125,0.00030262987,24.040924,19.596558,1.3886211,-83.02574,76.21064,16,4,348,12,0,-0.8660254037844384,-0.5000000000000004,-2.4492935982947064e-16,1.0,summer,0.0,0.30262986,73.44963,2024,,0.0,0.0,0.0,251.2013533726275,290.8957847719471,1.2887486,0.71271515,0.67807204,0.8773273808333332,0.14144364789995242,24.313232,23.953766,24.105865,25.43203108333333,1.3897090271114827
2024-12-13 17:00:00,0.0,0.261865,-1.4390382,0.7488046,99409.35,0.00031452638,23.804047,19.573608,1.4626702,-79.68661,77.19436,17,4,348,12,0,-0.9659258262890684,-0.2588190451025206,-2.4492935982947064e-16,1.0,summer,0.0,0.31452638,74.88046,2024,,0.0,0.0,0.0,251.2013533726275,290.8957847719471,1.3886211,0.7959625,0.5684002,0.90549012875,0.1713671039220785,24.040924,23.74179,23.922272,25.435662666666662,1.3857864174471906
2024-12-13 18:00:00,0.19839504,0.33503842,-1.4710045,0.7417669,99386.02,0.00031472984,23.612823,19.578552,1.5086765,-77.1691,78.11304,18,4,348,12,0,-1.0,-1.8369701987210292e-16,-2.4492935982947064e-16,1.0,summer,5.5109733e-05,0.31472984,74.1767,2024,,0.0,7.022046e-05,4.79988e-05,251.2013533726275,290.8957847719471,1.4626702,0.8427264,0.49209732,0.9332696162499999,0.20380790947370164,23.804047,23.575745,23.755768,25.438256708333338,1.3825322616810523
2024-12-13 19:00:00,1981.3073,0.37437394,-1.4944307,0.7522978,99392.586,0.00033962535,23.453094,19.598022,1.54061,-75.93611,78.96505,19,4,348,12,0,-0.9659258262890684,0.2588190451025203,-2.4492935982947064e-16,1.0,summer,0.5503631,0.33962536,75.22978,2024,,5.5109733e-05,0.55967134,0.30452842,251.2013527430139,290.8957853392852,1.5086765,0.84580016,0.44667137,0.9610175370833334,0.2340366515682239,23.612823,23.444275,23.621277,25.439801625,1.3803795403244519
2024-12-13 20:00:00,36103.016,0.3764032,-1.5148809,0.73857975,99426.5,0.00032802115,23.513947,19.661102,1.5609431,-76.046265,78.98454,20,4,348,12,0,-0.8660254037844386,0.5000000000000001,-2.4492935982947064e-16,1.0,summer,10.028615,0.32802114,73.85797,2024,,0.5503631,10.219095,7.5589566,251.20096489968057,290.89613404821637,1.54061,0.8188076,0.4321282,0.9899679470833332,0.2606279955703048,23.453094,23.455627,23.612701,25.44016908333333,1.3798262960699412
2024-12-13 21:00:00,182920.55,0.37467998,-1.5643535,0.74051833,99481.58,0.00031611923,23.927124,19.788544,1.6085978,-76.530754,77.65452,21,4,348,12,0,-0.7071067811865477,0.7071067811865474,-2.4492935982947064e-16,1.0,summer,50.811264,0.31611922,74.051834,2024,,10.028615,53.267315,47.20636,251.19302823301385,290.90299725842885,1.5609431,0.782877,0.42981884,1.0208902595833333,0.2825418870609395,23.513947,23.841919,23.796875,25.44259908333333,1.3762260381312503
2024-12-13 22:00:00,501840.44,0.46460214,-1.4406004,0.7429868,99526.266,0.0002947498,24.886322,19.900269,1.5136659,-72.125175,73.82522,22,4,348,12,0,-0.5000000000000004,0.8660254037844384,-2.4492935982947064e-16,1.0,summer,139.40012,0.2947498,74.29868,2024,,50.811264,147.06654,138.91176,251.09069277468052,290.97607475662613,1.6085978,0.7239908,0.37763172,1.0552952929166668,0.3019090708480776,23.927124,24.703522,24.43393,25.446149291666668,1.3720207564062945
2024-12-13 23:00:00,986546.6,0.52393645,-1.5378946,0.73225945,99577.17,0.0002791042,25.430695,19.911377,1.6246936,-71.18683,71.51718,23,4,348,12,0,-0.2588190451025215,0.965925826289068,-2.4492935982947064e-16,1.0,summer,274.04074,0.2791042,73.225945,2024,,139.40012,287.04227,275.96417,250.77125860801388,291.09941978849446,1.5136659,0.77168864,0.34016967,1.0881984220833334,0.30721661859092425,24.886322,25.20694,24.917969,25.45376595833333,1.3682210119542715
2024-12-14 00:00:00,1535590.8,0.61582416,-1.6050565,0.7449724,99605.73,0.00027337598,25.921783,19.83957,1.719141,-69.009315,69.153015,0,5,349,12,1,0.0,1.0,-2.4492935982947064e-16,1.0,summer,426.55298,0.273376,74.49724,2024,,274.04074,445.87485,430.9498,250.2295281913472,291.0410773189292,1.6246936,0.84445894,0.2995247,1.1237402954166666,0.3181548984594754,25.430695,25.712189,25.366455,25.463089083333333,1.367227980787333
2024-12-14 01:00:00,2033096.6,0.7292813,-1.6387161,0.7402221,99602.87,0.00027426152,26.450714,19.715576,1.7936671,-66.0094,66.508766,1,5,349,12,1,0.2588190451025207,0.9659258262890684,-2.4492935982947064e-16,1.0,summer,564.7491,0.2742615,74.02221,2024,,426.55298,592.67035,575.7665,249.42445027468054,290.5025788930961,1.719141,0.91144055,0.27472368,1.16018538125,0.3344524706141417,25.921783,26.231476,25.87085,25.471822166666666,1.3695556725058025
2024-12-14 02:00:00,2402327.0,0.8453943,-1.6392989,0.7497557,99574.99,0.0002790247,26.954315,19.489532,1.844449,-62.719627,63.66311,2,5,349,12,1,0.4999999999999999,0.8660254037844387,-2.4492935982947064e-16,1.0,summer,667.31305,0.27902472,74.97557,2024,,564.7491,695.4859,689.5508,248.2610648580139,289.1208274401443,1.7936671,0.95619774,0.3158246,1.1969448208333333,0.3538446853248663,26.450714,26.742859,26.384583,25.480957083333337,1.3755608433454898
2024-12-14 03:00:00,2592248.5,0.96349454,-1.5963112,0.7355125,99524.06,0.0002813053,27.291443,19.317383,1.8645458,-58.88584,61.74931,3,5,349,12,1,0.7071067811865476,0.7071067811865476,-2.4492935982947064e-16,1.0,summer,720.06903,0.2813053,73.55125,2024,,667.31305,762.1219,748.73114,247.0871961080139,287.27740400767493,1.844449,0.9806968,0.43284205,1.23395529,0.37347762402498536,26.954315,27.039307,26.676605,25.48976775,1.3846421545424907
2024-12-14 04:00:00,2614732.2,1.0707284,-1.5193493,0.74568146,99457.94,0.00029121616,27.556976,19.1828,1.8587312,-54.826565,60.287792,4,5,349,12,1,0.8660254037844386,0.5000000000000001,-2.4492935982947064e-16,1.0,summer,726.3145,0.29121616,74.568146,2024,,720.06903,753.797,752.046,245.3349931913472,284.1102389723426,1.8645458,0.9786241,0.5849249,1.2707823316666667,0.39060278413953997,27.291443,27.25946,26.933807,25.500273416666662,1.397804063110836
2024-12-14 05:00:00,2411984.0,1.1474975,-1.4088857,0.75329566,99389.72,0.00030388316,27.639008,19.15686,1.8170607,-50.838158,59.90197,5,5,349,12,1,0.9659258262890684,0.2588190451025207,-2.4492935982947064e-16,1.0,summer,669.99554,0.30388317,75.32957,2024,,726.3145,699.6502,693.39276,244.18988902468053,282.0194754855207,1.8587312,0.9527957,0.73554224,1.3074534608333332,0.40309537240141785,27.556976,27.36728,27.045197,25.512669916666667,1.4152936782004617
2024-12-14 06:00:00,2073492.5,1.1716021,-1.285527,0.73871624,99332.99,0.00032007825,27.663727,19.173798,1.7393192,-47.654617,59.8786,6,5,349,12,1,1.0,6.123233995736766e-17,-2.4492935982947064e-16,1.0,summer,575.97015,0.32007825,73.87163,2024,,669.99554,593.83655,595.2203,242.95427819134724,279.99490372936486,1.8170607,0.90428644,0.8559298,1.3434645024999998,0.40860151475323725,27.639008,27.329987,27.034973,25.52399191666667,1.4317661801571628
2024-12-14 07:00:00,1591147.6,1.1294112,-1.1659662,0.7301877,99307.87,0.00029258346,27.596802,19.159485,1.6232827,-45.912384,60.059975,7,5,349,12,1,0.9659258262890684,-0.2588190451025206,-2.4492935982947064e-16,1.0,summer,441.98544,0.29258347,73.01877,2024,,575.97015,457.49353,449.20004,242.20984485801387,279.04357322941706,1.7393192,0.82867485,0.9394355,1.3782575341666667,0.4051161830366817,27.663727,27.171936,26.847443,25.53789775,1.4515532629591401
2024-12-14 08:00:00,1047574.4,1.0202764,-1.091895,0.71547264,99314.24,0.0002789286,27.261292,19.151611,1.494389,-46.942013,61.222775,8,5,349,12,1,0.8660254037844387,-0.4999999999999998,-2.4492935982947064e-16,1.0,summer,290.9929,0.2789286,71.547264,2024,,441.98544,302.11063,290.29092,241.5636744413472,278.54087709938574,1.6232827,0.75620455,0.9842567,1.4113661945833333,0.39045278087416724,27.596802,26.951752,26.481934,25.5556005,1.4747533698214204
2024-12-14 09:00:00,553370.56,0.87014896,-1.0874616,0.70480925,99350.0,0.00026335573,26.887268,19.204193,1.3927426,-51.33442,62.789005,9,5,349,12,1,0.7071067811865476,-0.7071067811865475,-2.4492935982947064e-16,1.0,summer,153.71405,0.26335573,70.48093,2024,,290.9929,157.48048,154.33292,241.10043569134723,278.44503237899005,1.494389,0.76512647,0.9856946,1.4421238799999998,0.3648334202796623,27.261292,26.546967,26.08374,25.568498,1.4887811579108903
2024-12-14 10:00:00,215693.47,0.91921717,-0.93594474,0.70514864,99395.875,0.0002525099,26.336884,19.393585,1.3118509,-45.51661,65.63022,10,5,349,12,1,0.4999999999999999,-0.8660254037844387,-2.4492935982947064e-16,1.0,summer,59.914852,0.2525099,70.51486,2024,,153.71405,57.30337,60.70052,240.94350110801386,278.49526743552127,1.3927426,0.71505725,1.1885399,1.4682745520833336,0.33551253451449636,26.887268,25.870575,25.562408,25.582677208333333,1.5000829290354891
2024-12-14 11:00:00,49127.14,0.7520502,-1.0124768,0.69830185,99454.484,0.0002517465,25.871002,19.60254,1.2612251,-53.395676,68.34799,11,5,349,12,1,0.258819045102521,-0.9659258262890682,-2.4492935982947064e-16,1.0,summer,13.646428,0.2517465,69.830185,2024,,59.914852,12.014987,12.943015,241.05231285801383,278.4208974787582,1.3118509,0.7826258,1.072381,1.4931409541666667,0.297187625019405,26.336884,25.414154,25.163788,25.60210675,1.5069780419857977
2024-12-14 12:00:00,3823.807,0.64570916,-1.0982503,0.69836,99503.29,0.0002504946,25.55719,19.72522,1.2740071,-59.54687,70.166016,12,5,349,12,1,1.2246467991473532e-16,-1.0,-2.4492935982947064e-16,1.0,summer,1.0621686,0.2504946,69.836006,2024,,13.646428,0.8366333,0.66604066,241.1202895663472,278.36273960803237,1.2612251,0.8993976,0.95343804,1.5130825916666668,0.2613327271184226,25.871002,25.10434,24.862,25.621142083333336,1.5073859752522623
2024-12-14 13:00:00,6.4894376,0.61199605,-1.1857721,0.6884364,99525.83,0.00026345678,25.265167,19.815247,1.3343892,-62.70101,71.795944,13,5,349,12,1,-0.2588190451025208,-0.9659258262890684,-2.4492935982947064e-16,1.0,summer,0.0018026215,0.2634568,68.843636,2024,,1.0621686,0.0011390826,9.59976e-05,241.12968687051386,278.3542788154347,1.2740071,1.031803,0.83065563,1.5286913208333335,0.2327044133232251,25.55719,24.835907,24.55777,25.640010833333335,1.5034648065615837
2024-12-14 14:00:00,0.0,0.6423306,-1.2600768,0.68737835,99519.25,0.00028384672,24.990906,19.823395,1.4143486,-62.989555,73.0166,14,5,349,12,1,-0.4999999999999997,-0.8660254037844388,-2.4492935982947064e-16,1.0,summer,0.0,0.2838467,68.73783,2024,,0.0018026215,0.0,0.0,241.12971451796807,278.3542538241416,1.3343892,1.1651505,0.70582634,1.5412990791666665,0.2118778656225433,25.265167,24.553741,24.287018,25.657896666666662,1.49601783029485
2024-12-14 15:00:00,0.0,0.71567196,-1.3233303,0.6816713,99489.93,0.00030743808,24.714233,19.829346,1.5044565,-61.59497,74.261055,15,5,349,12,1,-0.7071067811865471,-0.7071067811865479,-2.4492935982947064e-16,1.0,summer,0.0,0.30743808,68.16713,2024,,0.0,0.0,0.0,241.12971451796807,278.3542538241416,1.4143486,1.2887486,0.59627473,1.5516823333333336,0.19831490899455828,24.990906,24.313232,24.033325,25.676111875000004,1.4846072351111328
2024-12-14 16:00:00,0.0,0.81701225,-1.370373,0.67372775,99447.81,0.00032910256,24.468353,19.843628,1.5954407,-59.196728,75.42903,16,5,349,12,1,-0.8660254037844384,-0.5000000000000004,-2.4492935982947064e-16,1.0,summer,0.0,0.32910258,67.37277,2024,,0.0,0.0,0.0,241.12971451796807,278.3542538241416,1.5044565,1.3886211,0.5196438,1.5606701625,0.19061911230346065,24.714233,24.040924,23.817871,25.69282025,1.4707941971709038
2024-12-14 17:00:00,0.0,0.9256294,-1.3843935,0.68031335,99409.836,0.0003426125,24.26944,19.830444,1.6653333,-56.232628,76.2717,17,5,349,12,1,-0.9659258262890684,-0.2588190451025206,-2.4492935982947064e-16,1.0,summer,0.0,0.3426125,68.031334,2024,,0.0,0.0,0.0,241.12971451796807,278.3542538241416,1.5954407,1.4626702,0.4962689,1.5692876458333336,0.18714626961959024,24.468353,23.804047,23.63092,25.710629791666666,1.452394793479405
2024-12-14 18:00:00,0.2559936,0.99889535,-1.3741904,0.6772156,99386.94,0.0003457013,24.09967,19.818878,1.6988795,-53.986694,76.99791,18,5,349,12,1,-1.0,-1.8369701987210292e-16,-2.4492935982947064e-16,1.0,summer,7.110934e-05,0.3457013,67.72156,2024,,0.0,5.5109733e-05,4.0887866e-05,241.12971451796807,278.3542538241416,1.6653333,1.5086765,0.5110488,1.5777319416666666,0.1866980640901839,24.26944,23.612823,23.454468,25.730021166666663,1.4287469440773564
2024-12-14 19:00:00,2292.845,1.0311102,-1.3468128,0.6799277,99393.55,0.0003390625,23.956787,19.825562,1.6961997,-52.562588,77.69437,19,5,349,12,1,-0.9659258262890684,0.2588190451025203,-2.4492935982947064e-16,1.0,summer,0.6369014,0.3390625,67.99277,2024,,7.110934e-05,0.5503631,0.51485467,241.12971518461833,278.3542532215345,1.6988795,1.54061,0.548549,1.5856570666666665,0.18767369212006577,24.09967,23.453094,23.31369,25.750306458333338,1.4005581358121508
2024-12-14 20:00:00,39839.473,1.013514,-1.328238,0.6782732,99427.41,0.00033330746,23.99884,19.89975,1.6707563,-52.6545,77.8556,20,5,349,12,1,-0.8660254037844386,0.5000000000000001,-2.4492935982947064e-16,1.0,summer,11.06652,0.33330745,67.82732,2024,,0.6369014,10.028615,10.749042,241.13332094711834,278.3510018343644,1.6961997,1.5609431,0.58597964,1.5921399708333333,0.1887342623299203,23.956787,23.513947,23.300537,25.77129366666667,1.368034244580472
2024-12-14 21:00:00,197110.11,0.9704353,-1.3367053,0.6761973,99478.23,0.00032745308,24.387024,19.94394,1.651825,-54.020706,76.27065,21,5,349,12,1,-0.7071067811865477,0.7071067811865474,-2.4492935982947064e-16,1.0,summer,54.752808,0.32745308,67.61973,2024,,11.06652,50.811264,54.696598,241.176566988785,278.3136132223568,1.6707563,1.6085978,0.630246,1.5967155208333335,0.189275406375796,23.99884,23.927124,23.522247,25.79149754166667,1.3364633451818955
2024-12-14 22:00:00,536321.94,0.9583378,-1.1666487,0.65783817,99519.33,0.00031665928,25.242249,20.045044,1.509795,-50.598774,72.9257,22,5,349,12,1,-0.5000000000000004,0.8660254037844384,-2.4492935982947064e-16,1.0,summer,148.97832,0.31665927,65.78381,2024,,54.752808,139.40012,146.76883,241.340797988785,278.1975346077509,1.651825,1.5136659,0.71975315,1.5985166541666669,0.18959879101334634,24.387024,24.886322,24.163513,25.810660041666665,1.311635763862032
2024-12-14 23:00:00,1025641.75,0.96062654,-1.211421,0.65522677,99569.484,0.00029478356,25.817932,20.017273,1.5460738,-51.586464,70.35104,23,5,349,12,1,-0.2588190451025215,0.965925826289068,-2.4492935982947064e-16,1.0,summer,284.90048,0.29478356,65.522675,2024,,148.97832,274.04074,282.38956,241.73988965545166,278.051768166643,1.509795,1.6246936,0.64401764,1.5983553666666666,0.18967574079296182,25.242249,25.430695,24.635315,25.825490333333335,1.3027119616860579
2024-12-15 00:00:00,1580078.8,0.986231,-1.2607253,0.6506928,99594.84,0.00027921188,26.305084,19.906158,1.6006498,-51.964893,67.88154,0,6,350,12,1,0.0,1.0,-2.4492935982947064e-16,1.0,summer,438.91077,0.27921188,65.06928,2024,,284.90048,426.55298,434.8007,242.19237882211834,278.11544761631444,1.5460738,1.719141,0.57458967,1.595079541666667,0.18987988283385027,25.817932,25.921783,25.104187,25.841625208333337,1.3000048531740311
2024-12-15 01:00:00,2107944.8,1.0403665,-1.2621446,0.648965,99591.75,0.00026933083,26.808594,19.721191,1.6356562,-50.50176,65.1427,1,6,350,12,1,0.2588190451025207,0.9659258262890684,-2.4492935982947064e-16,1.0,summer,585.5402,0.26933083,64.8965,2024,,438.91077,564.7491,578.0652,242.707286738785,278.48281359053914,1.6006498,1.7936671,0.542386,1.5901424083333335,0.1880454712927993,26.305084,26.450714,25.606018,25.857596083333334,1.303382511641191
2024-12-15 02:00:00,2473133.5,1.1077235,-1.2314932,0.647431,99559.57,0.00027176354,27.294739,19.506775,1.6563897,-48.028736,62.469482,2,6,350,12,1,0.4999999999999999,0.8660254037844387,-2.4492935982947064e-16,1.0,summer,686.9815,0.27176353,64.7431,2024,,585.5402,667.31305,674.78235,243.57358257211834,279.5584287831567,1.6356562,1.844449,0.5571212,1.5835586208333334,0.1833165684560344,26.808594,26.954315,26.137177,25.872507749999997,1.312478719250494
2024-12-15 03:00:00,2679728.8,1.1873848,-1.1774147,0.65521866,99507.05,0.00028105473,27.618347,19.373138,1.6721805,-44.758434,60.788227,3,6,350,12,1,0.7071067811865476,0.7071067811865476,-2.4492935982947064e-16,1.0,summer,744.3691,0.28105474,65.521866,2024,,686.9815,720.06903,727.2977,244.39310132211835,280.88032216303026,1.6563897,1.8645458,0.61306494,1.5757228166666666,0.1755341114533824,27.294739,27.291443,26.45758,25.886692083333333,1.3264436770028212
2024-12-15 04:00:00,2694901.0,1.2717493,-1.1105701,0.6493806,99443.016,0.0002899944,27.85373,19.26828,1.6884052,-41.12947,59.566807,4,6,350,12,1,0.8660254037844386,0.5000000000000001,-2.4492935982947064e-16,1.0,summer,748.5836,0.28999442,64.938065,2024,,744.3691,726.3145,732.84814,245.405604238785,282.7074213465841,1.6721805,1.8587312,0.6846645,1.5677075958333335,0.16590000617685682,27.618347,27.556976,26.74878,25.900313083333334,1.3430702319548244
2024-12-15 05:00:00,2491522.2,1.3305442,-1.0228748,0.64829683,99378.086,0.00029093344,27.979858,19.21643,1.6782792,-37.551796,58.93883,5,6,350,12,1,0.9659258262890684,0.2588190451025207,-2.4492935982947064e-16,1.0,summer,692.08954,0.29093343,64.82968,2024,,748.5836,669.99554,673.41626,246.3334834054517,284.3860088211442,1.6884052,1.8170607,0.7667106,1.5606106791666667,0.15627304159558694,27.85373,27.639008,26.885498,25.912677833333333,1.3602413827506863
2024-12-15 06:00:00,2116678.2,1.3507285,-0.9363969,0.64855504,99328.51,0.00029057416,27.94577,19.139587,1.6435653,-34.73176,58.773952,6,6,350,12,1,1.0,6.123233995736766e-17,-2.4492935982947064e-16,1.0,summer,587.9662,0.29057416,64.85551,2024,,692.08954,575.97015,568.7666,247.25406673878499,285.84906557928747,1.6782792,1.7393192,0.8356755,1.5548281166666669,0.14875802003829744,27.979858,27.663727,26.928284,25.926879916666664,1.380675314632294
2024-12-15 07:00:00,1641973.8,1.3066832,-0.861571,0.65387577,99308.836,0.00028702294,27.866821,19.133179,1.5651599,-33.39915,59.022022,7,6,350,12,1,0.9659258262890684,-0.2588190451025206,-2.4492935982947064e-16,1.0,summer,456.10382,0.28702295,65.38757,2024,,587.9662,441.98544,436.90878,247.75390215545167,286.45868728885597,1.6435653,1.6232827,0.87186146,1.5508383708333333,0.14482689971199306,27.94577,27.596802,26.747803,25.938631708333332,1.397202863007645
2024-12-15 08:00:00,1082836.1,1.22046,-0.8256075,0.6537572,99322.484,0.00028345865,27.611084,19.135498,1.4734824,-34.077263,59.920067,8,6,350,12,1,0.8660254037844387,-0.4999999999999998,-2.4492935982947064e-16,1.0,summer,300.7878,0.28345865,65.375725,2024,,456.10382,290.9929,277.91507,248.342167988785,286.8890727643587,1.5651599,1.494389,0.86937714,1.5484165875000002,0.14404668246715657,27.866821,27.261292,26.388672,25.949882499999998,1.412142861813706
2024-12-15 09:00:00,571144.8,1.1072161,-0.8114743,0.6549759,99358.27,0.00027328302,27.190308,19.194946,1.3727411,-36.23754,61.644806,9,6,350,12,1,0.7071067811865476,-0.7071067811865475,-2.4492935982947064e-16,1.0,summer,158.65134,0.273283,65.49759,2024,,300.7878,153.71405,146.9906,248.75028882211834,286.95934294053507,1.4734824,1.3927426,0.84777206,1.5475454791666667,0.14445026451388082,27.611084,26.887268,26.025421,25.964457166666666,1.427982600598104
2024-12-15 10:00:00,222115.17,1.061706,-0.56309724,0.6533257,99398.92,0.00026630703,26.601929,19.361938,1.2017895,-27.940147,64.48414,10,6,350,12,1,0.4999999999999999,-0.8660254037844387,-2.4492935982947064e-16,1.0,summer,61.698658,0.26630703,65.332565,2024,,158.65134,59.914852,55.900143,248.95600923878501,286.890010866754,1.3727411,1.3118509,1.0142906,1.5467120833333332,0.14543655206006925,27.190308,26.336884,25.569733,25.977083833333335,1.43780317213526
2024-12-15 11:00:00,49119.355,0.9074658,-0.65481156,0.66602635,99455.68,0.00026330622,26.135834,19.539825,1.1190498,-35.81356,67.022285,11,6,350,12,1,0.258819045102521,-0.9659258262890682,-2.4492935982947064e-16,1.0,summer,13.644265,0.26330623,66.60264,2024,,61.698658,13.646428,12.612846,249.030334488785,286.83913273659334,1.2017895,1.2612251,0.9266942,1.5421261916666669,0.15461006617312298,26.601929,25.871002,25.170929,25.988127375,1.4416995014689373
2024-12-15 12:00:00,3697.194,0.83485794,-0.73947185,0.6631423,99503.74,0.00027056123,25.812866,19.661896,1.1152607,-41.532776,68.83753,12,6,350,12,1,1.2246467991473532e-16,-1.0,-2.4492935982947064e-16,1.0,summer,1.0269984,0.27056122,66.31423,2024,,13.644265,1.0621686,0.78885365,249.030244363785,286.83920991021876,1.1190498,1.2740071,0.84123856,1.5362022208333332,0.16798605486676227,26.135834,25.55719,24.892761,25.999162041666665,1.4417775557952015
2024-12-15 13:00:00,6.9262266,0.82743627,-0.8217611,0.66719335,99529.11,0.00027873434,25.532349,19.70642,1.1661655,-44.802834,70.18769,13,6,350,12,1,-0.2588190451025208,-0.9659258262890684,-2.4492935982947064e-16,1.0,summer,0.0019239518,0.27873433,66.71934,2024,,1.0269984,0.0018026215,0.00037154628,249.028778938785,286.8405319142211,1.1152607,1.3343892,0.7629189,1.5295877875,0.1813523715787022,25.812866,25.265167,24.639069,26.009815208333332,1.4393123530166398
2024-12-15 14:00:00,0.0,0.88398993,-0.8918205,0.67096627,99526.05,0.00029517096,25.29068,19.710907,1.2556998,-45.252644,71.22409,14,6,350,12,1,-0.4999999999999997,-0.8660254037844388,-2.4492935982947064e-16,1.0,summer,0.0,0.29517096,67.09663,2024,,0.0019239518,0.0,0.0,249.02878399421414,286.84052733441376,1.1661655,1.4143486,0.6723863,1.5225784666666666,0.19215413176844265,25.532349,24.990906,24.29718,26.020947791666668,1.4343269856354925
2024-12-15 15:00:00,0.0,0.9953638,-0.938558,0.668542,99494.875,0.00031161064,25.037262,19.712769,1.3680791,-43.317513,72.316536,15,6,350,12,1,-0.7071067811865471,-0.7071067811865479,-2.4492935982947064e-16,1.0,summer,0.0,0.31161064,66.8542,2024,,0.0,0.0,0.0,249.02878399421414,286.84052733441376,1.2556998,1.5044565,0.5882058,1.5159681,0.19865806652819873,25.29068,24.714233,24.088715,26.033438375000003,1.426249571770662
2024-12-15 16:00:00,0.0,1.1262001,-0.96262807,0.6644663,99451.34,0.00032409318,24.795166,19.759918,1.4815463,-40.52242,73.584785,16,6,350,12,1,-0.8660254037844384,-0.5000000000000004,-2.4492935982947064e-16,1.0,summer,0.0,0.3240932,66.44663,2024,,0.0,0.0,0.0,249.02878399421414,286.84052733441376,1.3680791,1.5954407,0.5160998,1.5102857083333336,0.20093902597876495,25.037262,24.468353,23.872467,26.046897916666666,1.4147366795832856
2024-12-15 17:00:00,0.0,1.2630084,-0.9436758,0.6584558,99411.8,0.0003318586,24.564606,19.741486,1.5766147,-36.765804,74.521484,17,6,350,12,1,-0.9659258262890684,-0.2588190451025206,-2.4492935982947064e-16,1.0,summer,0.0,0.3318586,65.84558,2024,,0.0,0.0,0.0,249.02878399421414,286.84052733441376,1.4815463,1.6653333,0.47486028,1.5055401083333333,0.20018398096780746,24.795166,24.26944,23.710052,26.060515125,1.400382176491433
2024-12-15 18:00:00,0.23679408,1.3805104,-0.8896337,0.6620585,99389.72,0.0003391577,24.39981,19.73645,1.6423329,-32.798695,75.23736,18,6,350,12,1,-1.0,-1.8369701987210292e-16,-2.4492935982947064e-16,1.0,summer,6.5776134e-05,0.3391577,66.20585,2024,,0.0,7.110934e-05,8.7997796e-05,249.02878399421414,286.84052733441376,1.5766147,1.6988795,0.46929848,1.5018434999999999,0.19791117671629282,24.564606,24.09967,23.56665,26.07281370833333,1.3851821322501767
2024-12-15 19:00:00,2379.035,1.455411,-0.8077677,0.6577566,99396.11,0.00034514276,24.25476,19.730621,1.6645449,-29.030714,75.867355,19,6,350,12,1,-0.9659258262890684,0.2588190451025203,-2.4492935982947064e-16,1.0,summer,0.660843,0.34514275,65.775665,2024,,6.5776134e-05,0.6369014,0.6014312,249.02878377199724,286.84052753572564,1.6423329,1.6961997,0.4907452,1.4994873916666667,0.19578870990378328,24.39981,23.956787,23.477234,26.085319541666664,1.3678397951921994
2024-12-15 20:00:00,37855.89,1.4690697,-0.7215543,0.65818775,99428.76,0.00033246068,24.266876,19.751465,1.636706,-26.158611,75.91039,20,6,350,12,1,-0.8660254037844386,0.5000000000000001,-2.4492935982947064e-16,1.0,summer,10.515525,0.33246067,65.81877,2024,,0.660843,11.06652,10.150267,249.02978133866392,286.8396261662545,1.6645449,1.6707563,0.52744156,1.4981684416666667,0.19450835826480925,24.25476,23.99884,23.47644,26.097735083333333,1.3489008275761392
2024-12-15 21:00:00,192485.89,1.4332452,-0.6628845,0.64564586,99481.914,0.00031183602,24.543976,19.781464,1.5791161,-24.820824,74.799,21,6,350,12,1,-0.7071067811865477,0.7071067811865474,-2.4492935982947064e-16,1.0,summer,53.468304,0.311836,64.56458,2024,,10.515525,54.752808,53.247257,249.00682321366392,286.8595217691635,1.636706,1.651825,0.55840516,1.4967496791666666,0.1933152763861875,24.266876,24.387024,23.68155,26.10890325,1.3317683589234321
2024-12-15 22:00:00,532426.06,1.5318387,-0.48756638,0.62489253,99523.016,0.00029667365,25.283722,19.872803,1.6075605,-17.655666,71.97321,22,6,350,12,1,-0.5000000000000004,0.8660254037844384,-2.4492935982947064e-16,1.0,summer,147.89613,0.29667366,62.489254,2024,,53.468304,148.97832,146.13972,248.95330221366393,286.8974579428251,1.5791161,1.509795,0.5475128,1.4937201416666666,0.19133897847723483,24.543976,25.242249,24.27356,26.115442916666666,1.3233038833118687
2024-12-15 23:00:00,1025996.6,1.5757701,-0.44864365,0.62587744,99570.26,0.00028261176,25.768738,19.806396,1.6383933,-15.89239,69.64004,23,6,350,12,1,-0.2588190451025215,0.965925826289068,-2.4492935982947064e-16,1.0,summer,284.99905,0.28261176,62.587746,2024,,147.89613,284.90048,285.7328,248.90821096366392,286.9139386034082,1.6075605,1.5460738,0.49463537,1.4977937041666667,0.19273172162685598,25.283722,25.817932,24.711548,26.117170958333332,1.3221406104031401
2024-12-16 00:00:00,1577323.9,1.6191589,-0.37989563,0.6105377,99592.03,0.00027033617,26.20456,19.771393,1.6631285,-13.204204,67.71761,0,0,351,12,0,0.0,1.0,-2.4492935982947064e-16,1.0,summer,438.1455,0.27033618,61.053772,2024,,284.99905,438.91077,440.33594,248.91231804699723,286.91447692726763,1.6383933,1.6006498,0.4298814,1.50164035,0.1946489636626381,25.768738,26.305084,25.1232,26.11512120833333,1.322662729224689
2024-12-16 01:00:00,2097511.5,1.6599448,-0.31287894,0.6109134,99586.85,0.00027066385,26.659729,19.64685,1.6891743,-10.674307,65.41381,1,0,351,12,0,0.2588190451025207,0.9659258262890684,-2.4492935982947064e-16,1.0,summer,582.6421,0.27066386,61.09134,2024,,438.1455,585.5402,578.2855,248.88043179699727,286.89248505973256,1.6631285,1.6356562,0.3834398,1.5042436291666668,0.19644027083886162,26.20456,26.808594,25.597443,26.110932708333333,1.3221940984575185
2024-12-16 02:00:00,2477617.5,1.7023852,-0.23846416,0.60669416,99557.74,0.00027777688,27.16986,19.48169,1.7190057,-7.9739094,62.83099,2,0,351,12,0,0.4999999999999999,0.8660254037844387,-2.4492935982947064e-16,1.0,summer,688.2271,0.2777769,60.669415,2024,,582.6421,686.9815,683.5317,248.75967763033057,286.74519481995844,1.6891743,1.6563897,0.35691348,1.50647355,0.19829191133082474,26.659729,27.294739,26.09784,26.10473,1.3191245302915153
2024-12-16 03:00:00,2696758.8,1.7501891,-0.16077505,0.5964562,99514.94,0.0002881317,27.479034,19.324188,1.7575581,-5.248548,61.09969,3,0,351,12,0,0.7071067811865476,0.7071067811865476,-2.4492935982947064e-16,1.0,summer,749.0997,0.2881317,59.645622,2024,,688.2271,744.3691,741.6098,248.8115776303306,286.82806093246063,1.7190057,1.6721805,0.36506352,1.5090825499999998,0.2007469081348478,27.16986,27.618347,26.390442,26.099526708333332,1.3144645102878723
2024-12-16 04:00:00,2682079.2,1.7988741,-0.09110026,0.6100684,99461.25,0.00029492867,27.662506,19.176239,1.8011794,-2.8991497,59.891994,4,0,351,12,0,0.8660254037844386,0.5000000000000001,-2.4492935982947064e-16,1.0,summer,745.02203,0.29492867,61.00684,2024,,749.0997,748.5836,744.49097,249.0086859636639,287.1848181880105,1.7575581,1.6884052,0.3998341,1.5126399499999998,0.2044844866307208,27.479034,27.85373,26.626587,26.093722,1.3077562337769504
2024-12-16 05:00:00,2532823.5,1.8382826,-0.022161702,0.61528987,99409.39,0.00029954742,27.726562,19.086487,1.8384162,-0.69070476,59.33484,5,0,351,12,0,0.9659258262890684,0.2588190451025207,-2.4492935982947064e-16,1.0,summer,703.5621,0.29954743,61.528988,2024,,745.02203,692.08954,678.8858,248.86028721366392,286.9162405834039,1.8011794,1.6782792,0.46054077,1.517338875,0.20992250069567325,27.662506,27.979858,26.689606,26.08575433333333,1.2971061085974427
2024-12-16 06:00:00,2158275.0,1.8517604,0.043013036,0.6253779,99371.77,0.00029798903,27.724792,19.051666,1.8522599,1.3306378,59.212166,6,0,351,12,0,1.0,6.123233995736766e-17,-2.4492935982947064e-16,1.0,summer,599.5208,0.29798904,62.53779,2024,,703.5621,587.9662,582.1342,249.33831054699726,287.69529876439464,1.8384162,1.6435653,0.5327763,1.52401125,0.21766266892124378,27.726562,27.94577,26.704132,26.07520033333334,1.2819666570144528
2024-12-16 07:00:00,1653380.6,1.8111608,0.09937305,0.62239295,99364.01,0.00031580235,27.606598,19.052155,1.813885,3.1405015,59.624928,7,0,351,12,0,0.9659258262890684,-0.2588190451025206,-2.4492935982947064e-16,1.0,summer,459.2724,0.31580234,62.239296,2024,,599.5208,456.10382,441.1247,249.81975221366395,288.2956528163342,1.8522599,1.5651599,0.59808046,1.5327068583333334,0.22663043465908939,27.724792,27.866821,26.57666,26.06599291666667,1.2686722411449352
2024-12-16 08:00:00,1107372.2,1.7284974,0.12898526,0.6234015,99386.84,0.00030298322,27.30719,19.098053,1.7333033,4.2676597,60.854446,8,0,351,12,0,0.8660254037844387,-0.4999999999999998,-2.4492935982947064e-16,1.0,summer,307.6034,0.30298322,62.340153,2024,,459.2724,300.7878,285.19754,249.95177638033059,288.3949357080691,1.813885,1.4734824,0.6740209,1.5430704041666665,0.2337539968019697,27.606598,27.611084,26.290283,26.055150291666667,1.2536352983996921
2024-12-16 09:00:00,602698.06,1.6199416,0.106195,0.6284176,99438.62,0.00029069523,26.9375,19.191528,1.6234187,3.7506483,62.554276,9,0,351,12,0,0.7071067811865476,-0.7071067811865475,-2.4492935982947064e-16,1.0,summer,167.41612,0.29069522,62.841763,2024,,307.6034,158.65134,148.46771,250.23575971366392,288.4505208538054,1.7333033,1.3727411,0.74630636,1.5538962750000003,0.2363926992831509,27.30719,27.190308,25.934631,26.04248804166667,1.2386819670567977
2024-12-16 10:00:00,244160.53,1.5275223,0.09200976,0.6149072,99505.24,0.00028157857,26.357727,19.248627,1.5302908,3.4470258,64.96025,10,0,351,12,0,0.4999999999999999,-0.8660254037844387,-2.4492935982947064e-16,1.0,summer,67.82237,0.28157857,61.49072,2024,,167.41612,61.698658,55.926826,250.60095888033058,288.3350522702477,1.6234187,1.2017895,0.7614577,1.564341175,0.23356151391526178,26.9375,26.601929,25.44806,26.031954374999998,1.2295377730000099
2024-12-16 11:00:00,55727.72,1.4462681,-0.0055124597,0.61721706,99565.4,0.00028619598,25.928833,19.396332,1.4462785,-0.21838215,67.24595,11,0,351,12,0,0.258819045102521,-0.9659258262890682,-2.4492935982947064e-16,1.0,summer,15.479922,0.286196,61.721706,2024,,67.82237,13.644265,12.793608,250.85611354699725,288.1632783863355,1.5302908,1.1190498,0.7476635,1.5780287291666666,0.2206602631284107,26.357727,26.135834,25.109802,26.02177929166667,1.225620057176624
2024-12-16 12:00:00,3804.9546,1.3875904,-0.056258652,0.6335023,99617.75,0.0002863079,25.611176,19.494904,1.3887304,-2.321736,68.94721,12,0,351,12,0,1.2246467991473532e-16,-1.0,-2.4492935982947064e-16,1.0,summer,1.0569319,0.2863079,63.35023,2024,,15.479922,1.0269984,0.8441811,250.93259925533062,288.09781515952074,1.4462785,1.1152607,0.7558638,1.5916632583333332,0.20023103458601008,25.928833,25.812866,24.822052,26.01315425,1.2255108820960674
2024-12-16 13:00:00,3.796705,1.3654364,-0.08586992,0.6393764,99647.33,0.000292921,25.305603,19.525024,1.3681339,-3.5984926,70.34347,13,0,351,12,0,-0.2588190451025208,-0.9659258262890684,-2.4492935982947064e-16,1.0,summer,0.0010546403,0.292921,63.93764,2024,,1.0569319,0.0019239518,0.00022221667,250.93384648449725,288.09668629554767,1.3887304,1.1661655,0.76421916,1.6030578291666666,0.1785488635346908,25.611176,25.532349,24.55429,26.0047505,1.227633732858053
2024-12-16 14:00:00,0.0,1.3941774,-0.10499942,0.6498121,99654.21,0.00029831656,25.000916,19.536438,1.3981258,-4.3069754,71.68372,14,0,351,12,0,-0.4999999999999997,-0.8660254037844388,-2.4492935982947064e-16,1.0,summer,0.0,0.29831657,64.98121,2024,,0.0010546403,0.0,0.0,250.93381026318477,288.09671921601074,1.3681339,1.2556998,0.7479884,1.6114731791666668,0.1609547241002961,25.305603,25.29068,24.266968,25.995302750000004,1.2322910299467424
2024-12-16 15:00:00,0.0,1.4618121,-0.12102329,0.6672085,99636.484,0.00029732022,24.73935,19.536316,1.4668133,-4.7327185,72.81209,15,0,351,12,0,-0.7071067811865471,-0.7071067811865479,-2.4492935982947064e-16,1.0,summer,0.0,0.29732022,66.72085,2024,,0.0,0.0,0.0,250.93381026318477,288.0967192160108,1.3981258,1.3680791,0.69858104,1.6174075958333332,0.14948388388924344,25.000916,25.037262,24.046051,25.983229249999997,1.2408843361351816
2024-12-16 16:00:00,0.0,1.5382193,-0.12712549,0.6616732,99607.2,0.00029586244,24.474518,19.521942,1.5434635,-4.724448,73.90942,16,0,351,12,0,-0.8660254037844384,-0.5000000000000004,-2.4492935982947064e-16,1.0,summer,0.0,0.29586244,66.16732,2024,,0.0,0.0,0.0,250.93381026318477,288.0967192160108,1.4668133,1.4815463,0.6384193,1.6215215208333333,0.14356526821856522,24.73935,24.795166,23.836761,25.970816250000002,1.252197096743963
2024-12-16 17:00:00,0.0,1.5980377,-0.11323985,0.6794065,99580.96,0.00029898877,24.23999,19.52655,1.6020449,-4.0533075,74.97775,17,0,351,12,0,-0.9659258262890684,-0.2588190451025206,-2.4492935982947064e-16,1.0,summer,0.0,0.29898876,67.94065,2024,,0.0,0.0,0.0,250.93381026318477,288.0967192160108,1.5434635,1.5766147,0.5831545,1.6241014041666666,0.14148174509779826,24.474518,24.564606,23.611298,25.95745591666667,1.2669102275534259
2024-12-16 18:00:00,0.10239744,1.6354318,-0.085407145,0.6788336,99572.664,0.00030800016,24.034882,19.492676,1.6376604,-2.9894414,75.74745,18,0,351,12,0,-1.0,-1.8369701987210292e-16,-2.4492935982947064e-16,1.0,summer,2.8443734e-05,0.30800018,67.88336,2024,,0.0,6.5776134e-05,7.022046e-05,250.93381026318477,288.0967192160108,1.6020449,1.6423329,0.5586319,1.6251609958333333,0.1412055998984337,24.23999,24.39981,23.484375,25.943930250000005,1.2840439296353983
2024-12-16 19:00:00,1400.1394,1.6264321,-0.045390468,0.67614245,99591.734,0.00030500043,23.85318,19.445587,1.6270654,-1.5985957,76.35587,19,0,351,12,0,-0.9659258262890684,0.2588190451025203,-2.4492935982947064e-16,1.0,summer,0.3889276,0.30500042,67.61424,2024,,2.8443734e-05,0.660843,0.50990725,250.93380870766808,288.0967206297811,1.6376604,1.6645449,0.5639852,1.6249663083333334,0.14118411419383178,24.034882,24.25476,23.381989,25.928724916666667,1.3051118847066172
2024-12-16 20:00:00,31960.916,1.5722466,-0.025000693,0.67829543,99635.9,0.00030080124,23.804077,19.453278,1.5724453,-0.910998,76.61861,20,0,351,12,0,-0.8660254037844386,0.5000000000000001,-2.4492935982947064e-16,1.0,summer,8.878033,0.30080125,67.829544,2024,,0.3889276,10.515525,9.756532,250.92247889933472,288.10699605694344,1.6270654,1.636706,0.6056753,1.6234046625000003,0.1409343596638135,23.85318,24.266876,23.397491,25.911992416666667,1.3298463534718872
2024-12-16 21:00:00,178865.42,1.4958504,-0.018188998,0.66611737,99695.61,0.0002942647,23.98404,19.485138,1.4959611,-0.69666153,75.943756,21,0,351,12,0,-0.7071067811865477,0.7071067811865474,-2.4492935982947064e-16,1.0,summer,49.68484,0.2942647,66.61174,2024,,8.878033,53.468304,53.767803,250.8542500660014,288.16659173753084,1.5724453,1.5791161,0.6686122,1.6207271333333333,0.14128066839468603,23.804077,24.543976,23.675201,25.892709125,1.3577999394754958
2024-12-16 22:00:00,506173.28,1.5554389,0.12860245,0.66209036,99744.21,0.00028192913,24.583069,19.484406,1.5607462,4.726419,73.2592,22,0,351,12,0,-0.5000000000000004,0.8660254037844384,-2.4492935982947064e-16,1.0,summer,140.60368,0.28192914,66.20904,2024,,49.68484,147.89613,152.51395,250.6966057326681,288.28028096565436,1.4959611,1.6075605,0.60240865,1.6172623416666667,0.1433500120948667,23.98404,25.283722,24.404541,25.869378458333333,1.3864899166412072
2024-12-16 23:00:00,999868.2,1.4782232,0.12594026,0.6596064,99781.15,0.0002719188,24.989655,19.43988,1.4835784,4.8696723,71.302315,23,0,351,12,0,-0.2588190451025215,0.965925826289068,-2.4492935982947064e-16,1.0,summer,277.74115,0.2719188,65.96064,2024,,140.60368,284.99905,296.16693,250.39275364933474,288.3971648320686,1.5607462,1.6383933,0.64761186,1.6153117458333333,0.1438055495714248,24.583069,25.768738,24.847992,25.840184583333336,1.4065884167499592
2024-12-17 00:00:00,1566427.1,1.4343323,0.118343525,0.66323256,99793.875,0.000262081,25.420105,19.407928,1.4392061,4.716662,69.35851,0,1,352,12,0,0.0,1.0,-2.4492935982947064e-16,1.0,summer,435.11865,0.262081,66.32326,2024,,277.74115,438.1455,455.55035,250.0903411493347,288.36310231532985,1.4835784,1.6631285,0.65687597,1.6088611249999998,0.1461778389877365,24.989655,26.20456,25.273682,25.807722791666666,1.4172584976840736
2024-12-17 01:00:00,2101678.5,1.4183325,0.13501544,0.6523799,99778.34,0.00025892502,25.872345,19.292206,1.4247442,5.4377756,67.03539,1,1,352,12,0,0.2588190451025207,0.9659258262890684,-2.4492935982947064e-16,1.0,summer,583.79956,0.25892502,65.23798,2024,,435.11865,582.6421,598.45874,249.96422239933474,288.27792767400564,1.4392061,1.6891743,0.6265834,1.5995310249999999,0.14966800291050036,25.420105,26.659729,25.753082,25.775037166666667,1.4167541794303538
2024-12-17 02:00:00,2501156.5,1.41555,0.17221825,0.65089417,99744.82,0.00025244354,26.42978,19.174805,1.4259877,6.9366126,64.38736,2,1,352,12,0,0.4999999999999999,0.8660254037844387,-2.4492935982947064e-16,1.0,summer,694.7657,0.25244355,65.08942,2024,,583.79956,688.2271,703.9551,250.01244989933477,288.3360938208642,1.4247442,1.7190057,0.55898637,1.5885131041666665,0.15248846039349828,25.872345,27.16986,26.26239,25.742229500000004,1.4044398892227314
2024-12-17 03:00:00,2727418.8,1.4277803,0.2300681,0.6384044,99701.664,0.00025452435,26.789368,19.082764,1.4461977,9.15378,62.67544,3,1,352,12,0,0.7071067811865476,0.7071067811865476,-2.4492935982947064e-16,1.0,summer,757.61633,0.25452435,63.840443,2024,,694.7657,749.0997,763.7151,250.28489156600142,288.7709157884786,1.4259877,1.7575581,0.47988766,1.5763040208333334,0.15331432772535744,26.42978,27.479034,26.555176,25.71139283333333,1.3796369639269646
2024-12-17 04:00:00,2751402.8,1.4495451,0.30718115,0.6441414,99651.09,0.0002585062,27.061493,19.017822,1.481736,11.964855,61.430443,4,1,352,12,0,0.8660254037844386,0.5000000000000001,-2.4492935982947064e-16,1.0,summer,764.27856,0.25850618,64.41414,2024,,757.61633,745.02203,764.4198,250.63975114933476,289.41505584352694,1.4461977,1.8011794,0.40701547,1.5633306708333334,0.15045680255924895,26.789368,27.662506,26.790558,25.682656750000003,1.3480390648381098
2024-12-17 05:00:00,2549943.0,1.4564513,0.39837077,0.6437061,99601.11,0.00026952656,27.195648,18.957855,1.5099502,15.297467,60.72038,5,1,352,12,0,0.9659258262890684,0.2588190451025207,-2.4492935982947064e-16,1.0,summer,708.3175,0.26952657,64.370605,2024,,764.27856,703.5621,703.4109,251.4421065660014,290.86828427700914,1.481736,1.8384162,0.38684532,1.5500205291666667,0.14241558483198868,27.061493,27.726562,26.891205,25.657614541666664,1.3148342601191878
2024-12-17 06:00:00,2203887.0,1.4283632,0.48946726,0.6509862,99564.266,0.000256004,27.218689,18.942963,1.5099006,18.91541,60.581905,6,1,352,12,0,1.0,6.123233995736766e-17,-2.4492935982947064e-16,1.0,summer,612.19086,0.25600398,65.09862,2024,,708.3175,599.5208,594.6964,251.64024823266809,291.1911031532985,1.5099502,1.8522599,0.42187193,1.5363344458333332,0.12860940660468895,27.195648,27.724792,26.860992,25.635493124999996,1.2825824626461921
2024-12-17 07:00:00,1713052.4,1.3399706,0.5644816,0.63481385,99553.93,0.0002705575,27.094788,18.937897,1.4540154,22.843948,61.005066,7,1,352,12,0,0.9659258262890684,-0.2588190451025206,-2.4492935982947064e-16,1.0,summer,475.84787,0.2705575,63.481384,2024,,612.19086,459.2724,448.84396,252.16816739933475,291.8599368785994,1.5099006,1.813885,0.4866077,1.5220694750000001,0.10963077121429932,27.218689,27.606598,26.723297,25.6144055,1.250496869413184
2024-12-17 08:00:00,1157152.9,1.1882416,0.59427446,0.6298411,99571.13,0.00026002814,26.808289,18.91861,1.3285632,26.570978,61.967213,8,1,352,12,0,0.8660254037844387,-0.4999999999999998,-2.4492935982947064e-16,1.0,summer,321.43137,0.26002815,62.984108,2024,,475.84787,307.6034,293.89944,252.85881198266807,292.39045676716637,1.4540154,1.7333033,0.54576695,1.5070749083333332,0.09101213624675897,27.094788,27.30719,26.437866,25.593080083333334,1.2190135444770642
2024-12-17 09:00:00,638832.0,1.0300995,0.5348759,0.6400551,99616.23,0.00024439936,26.441864,18.93689,1.1606883,27.440453,63.39304,9,1,352,12,0,0.7071067811865476,-0.7071067811865475,-2.4492935982947064e-16,1.0,summer,177.45334,0.24439935,64.00551,2024,,321.43137,167.41612,151.80757,253.43497739933477,292.516620144204,1.3285632,1.6234187,0.5798333,1.4902107375,0.08453847704964766,26.808289,26.9375,26.095184,25.572292541666666,1.1924773532920763
2024-12-17 10:00:00,250962.05,0.9526249,0.6469341,0.6463209,99658.89,0.00022978878,25.968445,18.979248,1.1515286,34.180695,65.36603,10,1,352,12,0,0.4999999999999999,-0.8660254037844387,-2.4492935982947064e-16,1.0,summer,69.71168,0.22978878,64.63209,2024,,177.45334,67.82237,57.90401,253.85319489933477,292.39544010348,1.1606883,1.5302908,0.37691683,1.4709303041666668,0.10348164660989027,26.441864,26.357727,25.6604,25.551641041666667,1.1719211089087942
2024-12-17 11:00:00,53306.438,0.8089388,0.5407766,0.62378615,99710.28,0.0002330402,25.516174,19.032166,0.97304744,33.762775,67.366714,11,1,352,12,0,0.258819045102521,-0.9659258262890682,-2.4492935982947064e-16,1.0,summer,14.8073435,0.2330402,62.378616,2024,,69.71168,15.479922,13.128482,253.93191614933474,292.3434273629984,1.1515286,1.4462785,0.3922622,1.4551485458333333,0.12137090545818033,25.968445,25.928833,25.253357,25.535420958333336,1.1629388512022458
2024-12-17 12:00:00,2837.353,0.68234843,0.4462758,0.63014877,99747.06,0.0002304997,25.205444,19.076385,0.8153291,33.185856,68.81394,12,1,352,12,0,1.2246467991473532e-16,-1.0,-2.4492935982947064e-16,1.0,summer,0.78815365,0.2304997,63.014877,2024,,14.8073435,1.0569319,0.87681097,253.90389204516808,292.3673105125938,0.97304744,1.3887304,0.41220102,1.435430585,0.1562915712957904,25.516174,25.611176,24.97937,25.518226833333333,1.1599159986089613
2024-12-17 13:00:00,1.5631609,0.6021366,0.3562337,0.6374696,99766.695,0.00023735483,24.911072,19.054352,0.69962204,30.60924,69.936844,13,1,352,12,0,-0.2588190451025208,-0.9659258262890684,-2.4492935982947064e-16,1.0,summer,0.00043421137,0.23735483,63.74696,2024,,0.78815365,0.0010546403,0.0005768745,253.8926929514181,292.377421855877,0.8153291,1.3681339,0.4076533,1.4115388641666666,0.20113457225272677,25.205444,25.305603,24.68335,25.501321333333333,1.1614580847213585
2024-12-17 14:00:00,0.0,0.5799724,0.26360807,0.64114225,99760.42,0.0002468915,24.633972,19.048248,0.6370692,24.442663,71.07799,14,1,352,12,0,-0.4999999999999997,-0.8660254037844388,-2.4492935982947064e-16,1.0,summer,0.0,0.24689148,64.11423,2024,,0.00043421137,0.0,0.0,253.89266710021266,292.37744528031936,0.69962204,1.3981258,0.36757514,1.3836842033333332,0.24819242833154806,24.911072,25.000916,24.40628,25.484882541666664,1.1671268195234072
2024-12-17 15:00:00,0.0,0.6060622,0.1873858,0.64380497,99729.125,0.00026113368,24.361755,19.04306,0.6343696,17.180864,72.2232,15,1,352,12,0,-0.7071067811865471,-0.7071067811865479,-2.4492935982947064e-16,1.0,summer,0.0,0.26113367,64.38049,2024,,0.0,0.0,0.0,253.89266710021266,292.37744528031936,0.6370692,1.4668133,0.2951801,1.3519735116666667,0.29116556222327267,24.633972,24.73935,24.145386,25.469593208333336,1.1761113172489668
2024-12-17 16:00:00,0.0,0.65824115,0.11778236,0.654974,99691.34,0.00027092008,24.099182,19.029541,0.6686958,10.144856,73.308655,16,1,352,12,0,-0.8660254037844384,-0.5000000000000004,-2.4492935982947064e-16,1.0,summer,0.0,0.27092007,65.4974,2024,,0.0,0.0,0.0,253.89266710021266,292.37744528031936,0.6343696,1.5434635,0.22679771,1.3172883575,0.3245581347640956,24.361755,24.474518,23.906311,25.45386008333333,1.1887622299667606
2024-12-17 17:00:00,0.0,0.709081,0.069376096,0.6552597,99659.766,0.00027545262,23.858032,18.986572,0.7124668,5.588002,74.18027,17,1,352,12,0,-0.9659258262890684,-0.2588190451025206,-2.4492935982947064e-16,1.0,summer,0.0,0.2754526,65.52597,2024,,0.0,0.0,0.0,253.89266710021266,292.37744528031936,0.6686958,1.6020449,0.2016668,1.2808397033333334,0.34643567760726535,24.099182,24.23999,23.696136,25.43822108333333,1.204570131148541
2024-12-17 18:00:00,0.16639584,0.7409313,0.05199787,0.6405355,99646.984,0.00026707753,23.668,18.94574,0.7427536,4.014383,74.84315,18,1,352,12,0,-1.0,-1.8369701987210292e-16,-2.4492935982947064e-16,1.0,summer,4.6221066e-05,0.26707754,64.05355,2024,,0.0,2.8443734e-05,7.2887065e-05,253.89266710021266,292.37744528031936,0.7124668,1.6376604,0.21830986,1.2437739491666666,0.3579718659246979,23.858032,24.034882,23.53183,25.42230616666666,1.2234646562999714
2024-12-17 19:00:00,1879.2634,0.7384714,0.058380377,0.64927715,99662.27,0.00028206015,23.5018,18.89151,0.74077547,4.5201573,75.341484,19,1,352,12,0,-0.9659258262890684,0.2588190451025203,-2.4492935982947064e-16,1.0,summer,0.5220176,0.28206015,64.92771,2024,,4.6221066e-05,0.3889276,0.50102484,253.89266784093482,292.3774446091301,0.7427536,1.6270654,0.24280328,1.2064861658333332,0.36174783852124176,23.668,23.85318,23.414581,25.407019416666667,1.243678772916841
2024-12-17 20:00:00,33850.82,0.7009857,0.078223094,0.6367688,99700.47,0.00026776816,23.470886,18.868866,0.7053367,6.3673015,75.37547,20,1,352,12,0,-0.8660254037844386,0.5000000000000001,-2.4492935982947064e-16,1.0,summer,9.403006,0.26776817,63.67688,2024,,0.5220176,8.878033,9.054571,253.8982132576015,292.372428666584,0.74077547,1.5724453,0.2398764,1.16955741875,0.36218446254181164,23.5018,23.804077,23.41623,25.39237858333333,1.264657507709377
2024-12-17 21:00:00,180486.53,0.61927074,0.13591628,0.6454032,99751.24,0.00025248708,23.687927,18.884613,0.6340106,12.378885,74.46836,21,1,352,12,0,-0.7071067811865477,0.7071067811865474,-2.4492935982947064e-16,1.0,summer,50.135147,0.2524871,64.54032,2024,,9.403006,49.68484,50.44052,253.92008713260154,292.35331945947524,0.7053367,1.4959611,0.22600499,1.13342789375,0.3634938227973086,23.470886,23.98404,23.669922,25.378495625,1.2845241755293813
2024-12-17 22:00:00,515888.38,0.4058379,0.11705059,0.6360391,99803.55,0.0002420229,24.353455,18.869019,0.42238045,16.088467,71.477875,22,1,352,12,0,-0.5000000000000004,0.8660254037844384,-2.4492935982947064e-16,1.0,summer,143.30232,0.2420229,63.60391,2024,,50.135147,140.60368,147.9384,253.93884992426817,292.3396561908409,0.6340106,1.5607462,0.21877876,1.0975132895833333,0.36866204380726253,23.687927,24.583069,24.336823,25.366157583333333,1.2998313695672645
2024-12-17 23:00:00,1037081.7,0.32893372,0.080956325,0.620814,99839.74,0.00022571278,24.857605,18.87436,0.33874965,13.826684,69.37621,23,1,352,12,0,-0.2588190451025215,0.965925826289068,-2.4492935982947064e-16,1.0,summer,288.07825,0.22571278,62.0814,2024,,143.30232,277.74115,291.19186,254.05129325760151,292.29468401276154,0.42238045,1.4835784,0.22323726,1.0500813833333333,0.37954171007390985,24.353455,24.989655,24.825562,25.356590333333333,1.3066728171125128
2024-12-18 00:00:00,1635785.5,0.3209019,0.04742347,0.60287964,99849.53,0.00020996232,25.378723,18.859344,0.32438713,8.40643,67.19046,0,2,353,12,0,0.0,1.0,-2.4492935982947064e-16,1.0,summer,454.38486,0.20996232,60.287964,2024,,288.07825,435.11865,454.5539,254.4820057576015,292.3387229183515,0.33874965,1.4392061,0.30908525,1.0023801854166667,0.394343559733619,24.857605,25.420105,25.26184,25.35108825,1.3085617203380961
2024-12-18 01:00:00,2181927.0,0.38109425,0.022471607,0.59565085,99833.49,0.00021145823,25.899017,18.770813,0.3817562,3.3745956,64.78606,1,2,353,12,0,0.2588190451025207,0.9659258262890684,-2.4492935982947064e-16,1.0,summer,606.0908,0.21145824,59.565086,2024,,454.38486,583.79956,597.6218,255.2847645076015,292.88226250534143,0.32438713,1.4247442,0.39996314,0.955929395,0.4061339933414324,25.378723,25.872345,25.760925,25.349363999999998,1.3084940873286042
2024-12-18 02:00:00,2607106.0,0.48338446,0.032630093,0.5855232,99794.96,0.0002161337,26.455261,18.705322,0.48448452,3.8618014,62.43236,2,2,353,12,0,0.4999999999999999,0.8660254037844387,-2.4492935982947064e-16,1.0,summer,724.1961,0.2161337,58.55232,2024,,606.0908,694.7657,702.8797,256.2135661742681,294.0025622792306,0.3817562,1.4259877,0.49427015,0.9124715616666667,0.40957519935895215,25.899017,26.42978,26.262054,25.350475333333332,1.3089688194008722
2024-12-18 03:00:00,2836709.0,0.5906528,0.10040389,0.5812335,99740.805,0.0002271085,26.822968,18.709595,0.59912574,9.647377,61.109726,3,2,353,12,0,0.7071067811865476,0.7071067811865476,-2.4492935982947064e-16,1.0,summer,787.97473,0.2271085,58.123352,2024,,724.1961,757.61633,762.51825,257.4398328409348,295.9660850708389,0.48448452,1.4461977,0.5926501,0.8732422624999999,0.4032925351016024,26.455261,26.789368,26.574615,25.35153704166667,1.3098923166189456
2024-12-18 04:00:00,2866758.5,0.68294907,0.2183318,0.5787585,99674.36,0.00023763081,27.085602,18.599518,0.7169995,17.728542,59.75964,4,2,353,12,0,0.8660254037844386,0.5000000000000001,-2.4492935982947064e-16,1.0,summer,796.3218,0.23763081,57.875847,2024,,787.97473,764.27856,757.54944,258.7047661742682,298.25278075315936,0.59912574,1.481736,0.694961,0.8379475975,0.3877357233918835,26.822968,27.061493,26.843658,25.352937041666664,1.3115128242267626
2024-12-18 05:00:00,2703181.8,0.7348099,0.351137,0.5740618,99609.1,0.00024211932,27.30075,18.558472,0.81439716,25.541317,58.857895,5,2,353,12,0,0.9659258262890684,0.2588190451025207,-2.4492935982947064e-16,1.0,summer,750.8838,0.24211933,57.40618,2024,,796.3218,708.3175,704.7799,260.0399011742682,300.67626821997055,0.7169995,1.5099502,0.77231395,0.8060835766666666,0.3631740601248844,27.085602,27.195648,26.954315,25.353941583333334,1.3128868887856957
2024-12-18 06:00:00,2334805.5,0.7195368,0.473648,0.583546,99558.53,0.00024213038,27.291016,18.496277,0.8614381,33.355625,58.662437,6,2,353,12,0,1.0,6.123233995736766e-17,-2.4492935982947064e-16,1.0,summer,648.55707,0.24213038,58.3546,2024,,750.8838,612.19086,593.483,261.8134970076015,303.5473211600356,0.81439716,1.5099006,0.81127673,0.7771022,0.33088004922157044,27.30075,27.218689,26.990143,25.358320833333334,1.319456011445679
2024-12-18 07:00:00,1829902.5,0.6382852,0.56133235,0.5750713,99535.46,0.0002337163,27.225983,18.43927,0.85000116,41.329624,58.676678,7,2,353,12,0,0.9659258262890684,-0.2588190451025206,-2.4492935982947064e-16,1.0,summer,508.30624,0.23371631,57.507126,2024,,648.55707,475.84787,449.09048,263.32875575760147,305.45715153538026,0.8614381,1.4540154,0.7823523,0.7500829291666666,0.29271406328639477,27.291016,27.094788,26.809875,25.36133445833333,1.3239647103282948
2024-12-18 08:00:00,1240787.0,0.50681126,0.58768284,0.58361197,99545.71,0.00022028253,27.007416,18.4404,0.776034,49.225872,59.439236,8,2,353,12,0,0.8660254037844387,-0.4999999999999998,-2.4492935982947064e-16,1.0,summer,344.66306,0.22028252,58.3612,2024,,508.30624,321.43137,287.79733,264.6811878409348,306.5090493650186,0.85000116,1.3285632,0.6817953,0.7249156691666666,0.2528048200031633,27.225983,26.808289,26.557922,25.366800916666666,1.3316814245172628
2024-12-18 09:00:00,680540.75,0.39210474,0.52268,0.6001488,99576.63,0.0001968362,26.657288,18.468628,0.65340686,53.123455,60.784744,9,2,353,12,0,0.7071067811865476,-0.7071067811865475,-2.4492935982947064e-16,1.0,summer,189.0391,0.1968362,60.01488,2024,,344.66306,177.45334,148.85812,265.64917492426815,306.7326670347684,0.776034,1.1606883,0.54800314,0.7018936191666668,0.2182378796658761,27.007416,26.441864,26.157013,25.375097875000005,1.3416361261720076
2024-12-18 10:00:00,264313.6,0.19762695,0.4470025,0.59269065,99620.195,0.00018798772,26.108429,18.556854,0.48874086,66.14901,63.13597,10,2,353,12,0,0.4999999999999999,-0.8660254037844387,-2.4492935982947064e-16,1.0,summer,73.42044,0.18798773,59.269066,2024,,189.0391,69.71168,54.725754,266.1319149242682,306.5969151675662,0.65340686,1.1515286,0.5774622,0.6807568924999999,0.195222826567326,26.657288,25.968445,25.672241,25.384073875000002,1.3497793747501674
2024-12-18 11:00:00,59491.344,0.10318658,0.335495,0.6017856,99657.69,0.00019114488,25.628632,18.651276,0.35100478,72.90392,65.34334,11,2,353,12,0,0.258819045102521,-0.9659258262890682,-2.4492935982947064e-16,1.0,summer,16.525373,0.19114488,60.17856,2024,,73.42044,14.8073435,12.093144,266.2864465909349,306.49452819678294,0.48874086,0.97304744,0.4957188,0.6531407366666667,0.17112357636717165,26.108429,25.516174,25.249908,25.389906541666665,1.35271361002039
2024-12-18 12:00:00,4283.1953,0.016579567,0.2237233,0.60414654,99688.25,0.00019564944,25.276733,18.73285,0.2243368,85.761696,67.06703,12,2,353,12,0,1.2246467991473532e-16,-1.0,-2.4492935982947064e-16,1.0,summer,1.1897764,0.19564945,60.414654,2024,,16.525373,0.78815365,0.8120677,266.3580311534348,306.43343381986426,0.35100478,0.8153291,0.42225763,0.6272222925000001,0.16763558593629746,25.628632,25.205444,24.936218,25.394592291666665,1.3533646311297793
2024-12-18 13:00:00,5.478263,-0.038286153,0.11990584,0.61332947,99702.03,0.00020364414,24.979095,18.770996,0.12586993,107.708374,68.43101,13,2,353,12,0,-0.2588190451025208,-0.9659258262890684,-2.4492935982947064e-16,1.0,summer,0.0015217396,0.20364414,61.332947,2024,,1.1897764,0.00043421137,0.0007359816,266.37476543468483,306.4183111306366,0.2243368,0.69962204,0.3920586,0.6025976133333334,0.18162532093660078,25.276733,24.911072,24.645264,25.39756266666667,1.3530096235328612
2024-12-18 14:00:00,0.0,-0.04313164,0.024599288,0.6202337,99696.75,0.00021187234,24.684174,18.749207,0.04965343,150.30257,69.55284,14,2,353,12,0,-0.4999999999999997,-0.8660254037844388,-2.4492935982947064e-16,1.0,summer,0.0,0.21187234,62.023373,2024,,0.0015217396,0.0,0.0,266.3748107483611,306.41827002612047,0.12586993,0.6370692,0.41803178,0.5786912754166667,0.20460541543544888,24.979095,24.633972,24.402466,25.400396958333335,1.352017094917617
2024-12-18 15:00:00,0.0,-0.0007787891,-0.05845806,0.6259839,99667.8,0.0002211969,24.380005,18.736267,0.058463246,-90.76326,70.77418,15,2,353,12,0,-0.7071067811865471,-0.7071067811865479,-2.4492935982947064e-16,1.0,summer,0.0,0.22119689,62.59839,2024,,0.0,0.0,0.0,266.3748107483611,306.41827002612047,0.04965343,0.6343696,0.4912019,0.5542156183333333,0.23077876865644234,24.684174,24.361755,24.111877,25.402488708333333,1.3508180818061428
2024-12-18 16:00:00,0.0,0.07145558,-0.11709107,0.62717444,99628.72,0.000224476,24.103271,18.742462,0.13717222,-58.606094,71.98744,16,2,353,12,0,-0.8660254037844384,-0.5000000000000004,-2.4492935982947064e-16,1.0,summer,0.0,0.224476,62.717445,2024,,0.0,0.0,0.0,266.3748107483611,306.41827002612047,0.058463246,0.6686958,0.59014577,0.5302195202500001,0.25112612195773176,24.380005,24.099182,23.843018,25.403249125000002,1.350211749538849
2024-12-18 17:00:00,0.0,0.14656167,-0.14182249,0.62660897,99591.805,0.00022462376,23.821228,18.682068,0.20394592,-44.05851,72.94284,17,2,353,12,0,-0.9659258262890684,-0.2588190451025206,-2.4492935982947064e-16,1.0,summer,0.0,0.22462375,62.660896,2024,,0.0,0.0,0.0,266.3748107483611,306.41827002612047,0.13717222,0.7124668,0.68488073,0.5080727044166667,0.2616019641033086,24.103271,23.858032,23.603485,25.4034195,1.3500402898970612
2024-12-18 18:00:00,0.11839704,0.20595238,-0.13437721,0.6332555,99573.555,0.00022481456,23.65747,18.647614,0.24591385,-33.12314,73.507324,18,2,353,12,0,-1.0,-1.8369701987210292e-16,-2.4492935982947064e-16,1.0,summer,3.2888067e-05,0.22481456,63.325546,2024,,0.0,4.6221066e-05,6.5776134e-05,266.3748107483611,306.41827002612047,0.20394592,0.7427536,0.74632645,0.4868843344166667,0.26490030458190417,23.821228,23.668,23.409668,25.401886,1.3518916379671224
2024-12-18 19:00:00,1673.6621,0.23358923,-0.10142305,0.63115805,99583.05,0.00022496696,23.510406,18.597534,0.25465775,-23.470196,73.93005,19,2,353,12,0,-0.9659258262890684,0.2588190451025203,-2.4492935982947064e-16,1.0,summer,0.46490616,0.22496696,63.115807,2024,,3.2888067e-05,0.5220176,0.5646415,266.37481019281944,306.41827053006,0.24591385,0.74077547,0.75952506,0.4661826781666667,0.2634447577625039,23.65747,23.5018,23.267456,25.40144725,1.3524804092215705
2024-12-18 20:00:00,33484.867,0.21632516,-0.05504921,0.63724625,99617.68,0.00021497556,23.47113,18.627747,0.2232196,-14.277271,74.24588,20,2,353,12,0,-0.8660254037844386,0.5000000000000001,-2.4492935982947064e-16,1.0,summer,9.301352,0.21497557,63.724625,2024,,0.46490616,9.403006,9.716067,266.3724305494861,306.42042512194405,0.25465775,0.7053367,0.72678226,0.44592777316666665,0.2600808866404108,23.510406,23.470886,23.2984,25.40180583333333,1.3519558966203165
2024-12-18 21:00:00,177652.78,0.12799412,-0.017093176,0.6212803,99671.44,0.00020485377,23.758972,18.67398,0.12913044,-7.6066475,73.17977,21,2,353,12,0,-0.7071067811865477,0.7071067811865474,-2.4492935982947064e-16,1.0,summer,49.347996,0.20485377,62.128033,2024,,9.301352,50.135147,52.448727,266.36819496615277,306.42413227113644,0.2232196,0.6340106,0.6552922,0.42583956066666667,0.25778223224601615,23.47113,23.687927,23.627075,25.401815999999997,1.3519407456709889
2024-12-18 22:00:00,519647.28,0.13254507,0.12022795,0.60816705,99720.85,0.00019572391,24.63556,18.69101,0.17894958,42.210297,69.501884,22,2,353,12,0,-0.5000000000000004,0.8660254037844384,-2.4492935982947064e-16,1.0,summer,144.34647,0.19572392,60.816704,2024,,49.347996,143.30232,148.58347,266.33539700781944,306.4483241199549,0.12913044,0.42238045,0.71164167,0.40480288733333336,0.26064041068535504,23.758972,24.353455,24.434753,25.404776208333335,1.3480971699518252
2024-12-18 23:00:00,1064665.8,0.02113619,0.09184678,0.5997014,99760.266,0.00018857281,25.233795,18.704315,0.094247386,77.04046,67.11884,23,2,353,12,0,-0.2588190451025215,0.965925826289068,-2.4492935982947064e-16,1.0,summer,295.74048,0.18857281,59.97014,2024,,144.34647,288.07825,290.42752,266.37890325781945,306.43017135150706,0.17894958,0.33874965,0.6509382,0.39465993441666664,0.264632672615766,24.63556,24.857605,24.87851,25.41653058333333,1.3397358411861313
2024-12-19 00:00:00,1675620.9,-0.017545167,0.04152318,0.5884241,99776.02,0.00018068106,25.787537,18.686462,0.045077793,112.90595,64.87252,0,3,354,12,0,0.0,1.0,-2.4492935982947064e-16,1.0,summer,465.45026,0.18068106,58.842407,2024,,295.74048,454.38486,445.3115,266.6981628411528,306.4577524137505,0.094247386,0.32438713,0.63699275,0.38447234008333336,0.27149595497234935,25.233795,25.378723,25.378906,25.432205166666666,1.3351048927992184
2024-12-19 01:00:00,2245263.0,0.03562753,0.030456172,0.58023214,99766.85,0.00017126174,26.322906,18.651611,0.046871092,40.52546,62.711185,1,3,354,12,0,0.2588190451025207,0.9659258262890684,-2.4492935982947064e-16,1.0,summer,623.68414,0.17126174,58.023216,2024,,465.45026,606.0908,587.4779,267.15922117448616,306.7605737076291,0.045077793,0.3817562,0.6904437,0.3728344510416666,0.28003564113790164,25.787537,25.899017,25.852692,25.449239083333335,1.3369994534465663
2024-12-19 02:00:00,2687323.0,0.13978508,0.11483683,0.56761533,99734.76,0.00017267796,26.835297,18.61316,0.18090706,39.40393,60.697834,2,3,354,12,0,0.4999999999999999,0.8660254037844387,-2.4492935982947064e-16,1.0,summer,746.47864,0.17267796,56.76153,2024,,623.68414,724.1961,695.76154,267.8922770078195,307.6255237679653,0.046871092,0.48448452,0.75412184,0.35888090487499996,0.2878072094824053,26.322906,26.455261,26.36084,25.466901125000003,1.34596918931811
2024-12-19 03:00:00,2936098.2,0.24092974,0.26469016,0.55754495,99687.58,0.00018151957,27.17746,18.517975,0.3579218,47.6905,59.13515,3,3,354,12,0,0.7071067811865476,0.7071067811865476,-2.4492935982947064e-16,1.0,summer,815.5828,0.18151957,55.754494,2024,,746.47864,787.97473,753.87463,268.8207161744861,309.09268949429475,0.18090706,0.59912574,0.8131641,0.3462318440416667,0.2887165917175607,26.835297,26.822968,26.651367,25.482735958333333,1.3602620362834177
2024-12-19 04:00:00,2954592.0,0.31693313,0.4224659,0.5623083,99630.914,0.00018981149,27.460388,18.356781,0.52813256,53.122837,57.57675,4,3,354,12,0,0.8660254037844386,0.5000000000000001,-2.4492935982947064e-16,1.0,summer,820.72,0.18981148,56.23083,2024,,815.5828,796.3218,754.434,269.9710524244861,311.15331141801704,0.3579218,0.7169995,0.8564512,0.336181679875,0.2836849454957875,27.17746,27.085602,26.88086,25.497506458333334,1.3772661357061298
2024-12-19 05:00:00,2761266.5,0.36520052,0.5758689,0.5653688,99573.3,0.0001981848,27.58963,18.282837,0.68190646,57.618233,56.87793,5,3,354,12,0,0.9659258262890684,0.2588190451025207,-2.4492935982947064e-16,1.0,summer,767.0185,0.1981848,56.536877,2024,,820.72,750.8838,695.12317,270.9876440911528,312.98224039924264,0.52813256,0.81439716,0.8762707,0.32831222404166666,0.2751530055880463,27.460388,27.30075,27.034088,25.51312254166667,1.3980239160219066
2024-12-19 06:00:00,2392094.8,0.37055695,0.7141852,0.5651999,99532.81,0.00021145414,27.591827,18.321472,0.80459493,62.577328,57.00871,6,3,354,12,0,1.0,6.123233995736766e-17,-2.4492935982947064e-16,1.0,summer,664.47076,0.21145414,56.519993,2024,,767.0185,648.55707,593.31,271.65992325781946,314.07329157500794,0.68190646,0.8614381,0.8539248,0.3227917782083333,0.26615866223802415,27.58963,27.291016,27.037537,25.525159208333335,1.415221969794567
2024-12-19 07:00:00,1848902.9,0.3308606,0.8362418,0.55890036,99521.83,0.00022654765,27.547394,18.353912,0.8993159,68.41368,57.273716,7,3,354,12,0,0.9659258262890684,-0.2588190451025206,-2.4492935982947064e-16,1.0,summer,513.5841,0.22654764,55.890038,2024,,664.47076,508.30624,455.1162,272.32299367448616,314.91925047818864,0.80459493,0.85000116,0.77447385,0.3204233127916667,0.26136678842893446,27.591827,27.225983,26.92334,25.537693,1.432764421261944
2024-12-19 08:00:00,1247936.0,0.2341775,0.9277227,0.57149875,99543.27,0.00020499759,27.325684,18.274658,0.95682204,75.83324,57.734924,8,3,354,12,0,0.8660254037844387,-0.4999999999999998,-2.4492935982947064e-16,1.0,summer,346.6489,0.20499758,57.149876,2024,,513.5841,344.66306,298.55585,272.5429045078195,315.0929992199409,0.8993159,0.776034,0.6331126,0.32247809362499996,0.26586629170076403,27.547394,27.007416,26.713867,25.551085125,1.4506219057055734
2024-12-19 09:00:00,685788.44,0.15028304,0.95038646,0.5668573,99586.14,0.00019134725,26.996613,18.264465,0.9621951,81.01431,58.823986,9,3,354,12,0,0.7071067811865476,-0.7071067811865475,-2.4492935982947064e-16,1.0,summer,190.4968,0.19134726,56.685726,2024,,346.6489,189.0391,155.32849,272.62564784115284,315.11302148009605,0.95682204,0.65340686,0.45636594,0.330010928625,0.2813839858289053,27.325684,26.657288,26.328522,25.564346291666666,1.4658885263815997
2024-12-19 10:00:00,269382.0,0.049154997,0.98527926,0.5650457,99640.016,0.00018564657,26.393158,18.383453,0.9865047,87.14391,61.41065,10,3,354,12,0,0.4999999999999999,-0.8660254037844387,-2.4492935982947064e-16,1.0,summer,74.82833,0.18564656,56.50457,2024,,190.4968,73.42044,58.555943,272.6863853411528,315.09634987302013,0.9621951,0.48874086,0.40706414,0.34287710529166665,0.3030403019632045,26.996613,26.108429,25.775604,25.57848483333333,1.4784707101274561
2024-12-19 11:00:00,63652.73,0.010246863,0.868981,0.56918657,99693.2,0.00018188189,25.885284,18.43988,0.86904144,89.32441,63.508778,11,3,354,12,0,0.258819045102521,-0.9659258262890682,-2.4492935982947064e-16,1.0,summer,17.681314,0.18188189,56.918655,2024,,74.82833,16.525373,13.140152,272.74504742448613,315.0577679035769,0.9865047,0.35100478,0.27847564,0.36361726529166666,0.32934885100686184,26.393158,25.628632,25.327545,25.590348541666668,1.484039923040605
2024-12-19 12:00:00,5447.929,-0.036810994,0.7877876,0.5673825,99730.766,0.0001852412,25.519379,18.46756,0.7886472,92.675316,65.0163,12,3,354,12,0,1.2246467991473532e-16,-1.0,-2.4492935982947064e-16,1.0,summer,1.5133137,0.1852412,56.73825,2024,,17.681314,1.1897764,0.8586719,272.79321163281946,315.0169812226208,0.86904144,0.2243368,0.24781269,0.385202126125,0.3450858798310107,25.885284,25.276733,24.977264,25.601042375000002,1.4852519922454646
2024-12-19 13:00:00,11.644509,-0.06839712,0.70933795,0.5543588,99747.71,0.00018406147,25.175446,18.505676,0.7126279,95.50765,66.5199,13,3,354,12,0,-0.2588190451025208,-0.9659258262890684,-2.4492935982947064e-16,1.0,summer,0.003234586,0.18406147,55.43588,2024,,1.5133137,0.0015217396,0.00045776632,272.8066923536528,315.0048596711925,0.7886472,0.12586993,0.33746204,0.4087150594583333,0.35278764176701527,25.519379,24.979095,24.671722,25.611152625,1.4837735262436016
2024-12-19 14:00:00,0.0,-0.06550539,0.64175683,0.5622201,99738.57,0.00019350383,24.819794,18.520721,0.6450913,95.82811,68.01108,14,3,354,12,0,-0.4999999999999997,-0.8660254037844388,-2.4492935982947064e-16,1.0,summer,0.0,0.19350383,56.222008,2024,,0.003234586,0.0,0.0,272.8067637222528,315.0047951763978,0.7126279,0.04965343,0.4678073,0.4331633082083333,0.35266539177615014,25.175446,24.684174,24.387024,25.619333916666665,1.4806750251463539
2024-12-19 15:00:00,0.0,-0.02844504,0.5762101,0.57038474,99707.24,0.00020950136,24.526001,18.473175,0.57691175,92.82616,69.0111,15,3,354,12,0,-0.7071067811865471,-0.7071067811865479,-2.4492935982947064e-16,1.0,summer,0.0,0.20950136,57.038475,2024,,0.0,0.0,0.0,272.8067637222528,315.0047951763978,0.6450913,0.058463246,0.59627277,0.4579732194583333,0.34538177321022023,24.819794,24.380005,24.18097,25.62498475,1.477205643961747
2024-12-19 16:00:00,0.0,0.031202491,0.52338785,0.57394946,99667.086,0.00022568226,24.229218,18.464386,0.5243171,86.588264,70.211464,16,3,354,12,0,-0.8660254037844384,-0.5000000000000004,-2.4492935982947064e-16,1.0,summer,0.0,0.22568226,57.394947,2024,,0.0,0.0,0.0,272.8067637222528,315.0047951763978,0.57691175,0.13717222,0.71271515,0.47957524045833333,0.33537621398105283,24.526001,24.103271,23.953766,25.631067916666666,1.4721478307968832
2024-12-19 17:00:00,0.0,0.1007851,0.48821044,0.57586944,99631.195,0.00023352688,24.010498,18.433228,0.49850482,78.33583,71.00125,17,3,354,12,0,-0.9659258262890684,-0.2588190451025206,-2.4492935982947064e-16,1.0,summer,0.0,0.23352689,57.586945,2024,,0.0,0.0,0.0,272.8067637222528,315.0047951763978,0.5243171,0.20394592,0.7959625,0.495706277125,0.32740698447569255,24.229218,23.821228,23.74179,25.63631570833334,1.466679201583488
2024-12-19 18:00:00,0.07679808,0.15142953,0.4869076,0.5790343,99615.305,0.00023652463,23.831665,18.430145,0.50991166,72.72417,71.75545,18,3,354,12,0,-1.0,-1.8369701987210292e-16,-2.4492935982947064e-16,1.0,summer,2.13328e-05,0.23652463,57.903435,2024,,0.0,3.2888067e-05,7.022046e-05,272.8067637222528,315.0047951763978,0.49850482,0.24591385,0.8427264,0.5079795646249999,0.32146141765292396,24.010498,23.65747,23.575745,25.644201958333337,1.4569719708663509
2024-12-19 19:00:00,1409.2656,0.16403887,0.49060512,0.5890935,99625.88,0.00021285591,23.65097,18.450775,0.51730275,71.512115,72.634766,19,3,354,12,0,-0.9659258262890684,0.2588190451025203,-2.4492935982947064e-16,1.0,summer,0.39146268,0.21285592,58.90935,2024,,2.13328e-05,0.46490616,0.55967134,272.80676324078337,315.0047956114988,0.50991166,0.25465775,0.84580016,0.518979473375,0.31658383959258624,23.831665,23.510406,23.444275,25.651460083333333,1.4470445212863416
2024-12-19 20:00:00,32757.809,0.1414121,0.4900254,0.5855627,99660.484,0.00021315773,23.65915,18.476074,0.5100218,73.902855,72.71421,20,3,354,12,0,-0.8660254037844386,0.5000000000000001,-2.4492935982947064e-16,1.0,summer,9.099391,0.21315773,58.55627,2024,,0.39146268,9.301352,10.219095,272.80370309578336,315.0075566779059,0.51730275,0.2232196,0.8188076,0.5299230150416666,0.31154908216492216,23.65097,23.47113,23.455627,25.65731691666667,1.4382597455029473
2024-12-19 21:00:00,183982.92,0.09223446,0.47541076,0.57130784,99708.45,0.00020980697,23.92862,18.520111,0.4842753,79.02044,71.74147,21,3,354,12,0,-0.7071067811865477,0.7071067811865474,-2.4492935982947064e-16,1.0,summer,51.10637,0.20980696,57.130783,2024,,9.099391,49.347996,53.267315,272.79528805411667,315.01490448256214,0.5100218,0.12913044,0.782877,0.5418731067083333,0.3046984870848425,23.65915,23.758972,23.841919,25.66515108333333,1.42629620695682
2024-12-19 22:00:00,549910.94,0.20681915,0.57895,0.5597721,99754.65,0.0002027453,24.791656,18.594513,0.6147823,70.34167,68.441246,22,3,354,12,0,-0.5000000000000004,0.8660254037844384,-2.4492935982947064e-16,1.0,summer,152.75304,0.2027453,55.977207,2024,,51.10637,144.34647,147.06654,272.86855363745,314.96087585154874,0.4842753,0.17894958,0.7239908,0.5566708092083333,0.2921474118053215,23.92862,24.63556,24.703522,25.672219749999996,1.4168274776078906
2024-12-19 23:00:00,1102605.8,0.16690832,0.5232386,0.5523029,99791.72,0.00019856087,25.349579,18.608551,0.5492149,72.307785,66.2592,23,3,354,12,0,-0.2588190451025215,0.965925826289068,-2.4492935982947064e-16,1.0,summer,306.2794,0.19856086,55.23029,2024,,152.75304,295.74048,287.04227,273.21882738745,314.81637106816083,0.6147823,0.094247386,0.77168864,0.574830505875,0.28097977364458565,24.791656,25.233795,25.20694,25.67872375,1.4122125126778413
2024-12-20 00:00:00,1744350.2,0.18197484,0.47898394,0.53804564,99805.0,0.00018937903,25.875061,18.551514,0.51238704,69.19729,63.993515,0,4,355,12,0,0.0,1.0,-2.4492935982947064e-16,1.0,summer,484.54175,0.18937904,53.804565,2024,,306.2794,465.45026,445.87485,273.65794905411667,314.8564987891862,0.5492149,0.045077793,0.84445894,0.593787485625,0.2618423669297047,25.349579,25.787537,25.712189,25.683548083333335,1.4108235685374024
2024-12-20 01:00:00,2307962.0,0.24806753,0.46965602,0.5279472,99790.336,0.00018340068,26.409424,18.457214,0.5311443,62.15744,61.636173,1,4,355,12,0,0.2588190451025207,0.9659258262890684,-2.4492935982947064e-16,1.0,summer,641.1006,0.18340069,52.79472,2024,,484.54175,623.68414,592.67035,274.45342780411664,315.38579833303885,0.51238704,0.046871092,0.91144055,0.61325870425,0.23529421018750504,25.875061,26.322906,26.231476,25.687194916666666,1.4112171215017686
2024-12-20 02:00:00,2744906.2,0.32108796,0.47375193,0.51581705,99751.68,0.00018686109,26.946869,18.33133,0.5723097,55.87233,59.244484,2,4,355,12,0,0.4999999999999999,0.8660254037844387,-2.4492935982947064e-16,1.0,summer,762.47394,0.18686108,51.581703,2024,,641.1006,746.47864,695.4859,275.17911363745,316.2431687410658,0.5311443,0.18090706,0.95619774,0.6334367545833334,0.2031848122006652,26.409424,26.835297,26.742859,25.690799833333333,1.413020984330064
2024-12-20 03:00:00,2980974.5,0.39970252,0.49480394,0.5303721,99699.74,0.00020147428,27.28476,18.210846,0.6360763,51.06873,57.642235,3,4,355,12,0,0.7071067811865476,0.7071067811865476,-2.4492935982947064e-16,1.0,summer,828.04846,0.20147428,53.03721,2024,,762.47394,815.5828,762.1219,275.8455844707833,317.29470628801846,0.5723097,0.3579218,0.9806968,0.6497451979166667,0.17962567193966014,26.946869,27.17746,27.039307,25.695448666666667,1.4171276561337982
2024-12-20 04:00:00,3012493.2,0.47956893,0.5353476,0.5158126,99642.71,0.00021614313,27.628876,18.110535,0.71873736,48.14575,56.136436,4,4,355,12,0,0.8660254037844386,0.5000000000000001,-2.4492935982947064e-16,1.0,summer,836.8037,0.21614313,51.581257,2024,,828.04846,820.72,753.797,276.3649869707833,318.2254931924116,0.6360763,0.52813256,0.9786241,0.66133496875,0.16861404123569568,27.28476,27.460388,27.25946,25.699919500000004,1.4221667709128518
2024-12-20 05:00:00,2822112.0,0.5432293,0.5958927,0.5162415,99589.41,0.00023785025,27.755829,18.013062,0.80634123,47.64699,55.380493,5,4,355,12,0,0.9659258262890684,0.2588190451025207,-2.4492935982947064e-16,1.0,summer,783.92,0.23785025,51.62415,2024,,836.8037,767.0185,699.6502,277.03514113745,319.43632938396814,0.71873736,0.68190646,0.9527957,0.6692768354166666,0.1665434239834387,27.628876,27.58963,27.36728,25.706939833333337,1.4316193697457342
2024-12-20 06:00:00,2414360.5,0.561126,0.66235924,0.5174898,99550.85,0.0002589303,27.751434,18.05603,0.8680911,49.729973,55.544643,6,4,355,12,0,1.0,6.123233995736766e-17,-2.4492935982947064e-16,1.0,summer,670.6557,0.2589303,51.748978,2024,,783.92,664.47076,593.83655,277.7393703041167,320.5800952519062,0.80634123,0.80459493,0.90428644,0.6744616175,0.16887432313619202,27.755829,27.591827,27.329987,25.713864791666666,1.4414901119959385
2024-12-20 07:00:00,1896772.2,0.51268625,0.71009845,0.5213151,99544.164,0.00023704012,27.620422,17.99704,0.875835,54.170967,55.76473,7,4,355,12,0,0.9659258262890684,-0.2588190451025206,-2.4492935982947064e-16,1.0,summer,526.88116,0.23704012,52.131508,2024,,670.6557,513.5841,457.49353,277.99707613745,320.906814479114,0.8680911,0.8993159,0.82867485,0.67710729125,0.1714789958818707,27.751434,27.547394,27.171936,25.720515083333336,1.450868418783028
2024-12-20 08:00:00,1272931.9,0.40916082,0.7265991,0.53155565,99566.86,0.00021824677,27.355804,17.994873,0.8338818,60.615364,56.62834,8,4,355,12,0,0.8660254037844387,-0.4999999999999998,-2.4492935982947064e-16,1.0,summer,353.5922,0.21824677,53.155563,2024,,526.88116,346.6489,302.11063,278.55112030411664,321.3424217620179,0.875835,0.95682204,0.75620455,0.6761289204166666,0.17021841749502856,27.620422,27.325684,26.951752,25.723557916666664,1.4549372970518593
2024-12-20 09:00:00,677144.44,0.29178292,0.6684243,0.5307412,99610.93,0.00019186761,26.990295,18.101166,0.7293342,66.417595,58.245132,9,4,355,12,0,0.7071067811865476,-0.7071067811865475,-2.4492935982947064e-16,1.0,summer,188.09567,0.19186762,53.07412,2024,,353.5922,190.4968,157.48048,278.8404244707834,321.40951420308164,0.8338818,0.9621951,0.76512647,0.6710064104166666,0.1631052878251919,27.355804,26.996613,26.546967,25.724812916666664,1.456391608097831
2024-12-20 10:00:00,260418.55,0.32677856,0.5792656,0.55131406,99669.27,0.00016781161,26.46811,18.082977,0.6650811,60.57154,59.996403,10,4,355,12,0,0.4999999999999999,-0.8660254037844387,-2.4492935982947064e-16,1.0,summer,72.338486,0.1678116,55.131405,2024,,188.09567,74.82833,57.30337,278.74037738745,321.4385814698663,0.7293342,0.9865047,0.71505725,0.6613038729166667,0.1515468989773955,26.990295,26.393158,25.870575,25.72454966666667,1.4561522803074665
2024-12-20 11:00:00,56568.57,0.28115204,0.52448094,0.550075,99721.69,0.00016942414,25.913147,18.251373,0.5950855,61.80612,62.658333,11,4,355,12,0,0.258819045102521,-0.9659258262890682,-2.4492935982947064e-16,1.0,summer,15.713491,0.16942413,55.0075,2024,,72.338486,17.681314,12.014987,278.63663388745005,321.5076493452521,0.6650811,0.86904144,0.7826258,0.6479112229166667,0.1348401010044592,26.46811,25.885284,25.414154,25.727672666666663,1.4577281080359337
2024-12-20 12:00:00,3664.6028,0.21750411,0.489369,0.55064815,99761.56,0.0001847119,25.512085,18.353241,0.5355278,66.03685,64.57976,12,4,355,12,0,1.2246467991473532e-16,-1.0,-2.4492935982947064e-16,1.0,summer,1.0179452,0.1847119,55.064816,2024,,15.713491,1.5133137,0.8366333,278.55464126245,321.577336445514,0.5950855,0.7886472,0.8993976,0.6364963920833334,0.1266538313119687,25.913147,25.519379,25.10434,25.728833624999996,1.457870178185537
2024-12-20 13:00:00,9.806155,0.17788501,0.44773716,0.55687976,99779.15,0.0001990043,25.12854,18.428955,0.48177966,68.332184,66.38608,13,4,355,12,0,-0.2588190451025208,-0.9659258262890684,-2.4492935982947064e-16,1.0,summer,0.002723932,0.19900429,55.687977,2024,,1.0179452,0.003234586,0.0011390826,278.5340009082833,321.5959067520926,0.5355278,0.7126279,1.031803,0.6259497504166667,0.12394295099042608,25.512085,25.175446,24.835907,25.728529708333337,1.4579165003811032
2024-12-20 14:00:00,0.0,0.18569449,0.40295282,0.5583403,99774.93,0.00022167024,24.807556,18.448029,0.4436817,65.258125,67.7514,14,4,355,12,0,-0.4999999999999997,-0.8660254037844388,-2.4492935982947064e-16,1.0,summer,0.0,0.22167024,55.83403,2024,,0.002723932,0.0,0.0,278.53397963103333,321.5959259813243,0.48177966,0.6450913,1.1651505,0.61633107375,0.12586641056240974,25.12854,24.819794,24.553741,25.726575291666663,1.4587213936054941
2024-12-20 15:00:00,0.0,0.2273506,0.3530756,0.5668309,99744.914,0.00024043006,24.503204,18.47821,0.41994128,57.221916,69.12722,15,4,355,12,0,-0.7071067811865471,-0.7071067811865479,-2.4492935982947064e-16,1.0,summer,0.0,0.24043006,56.683086,2024,,0.0,0.0,0.0,278.53397963103333,321.5959259813243,0.4436817,0.57691175,1.2887486,0.6079390070833334,0.1304948006515006,24.807556,24.526001,24.313232,25.726065375,1.4590542544806036
2024-12-20 16:00:00,0.0,0.29609385,0.31024626,0.56787443,99702.48,0.00025597555,24.188782,18.547241,0.42886397,46.337082,70.74859,16,4,355,12,0,-0.8660254037844384,-0.5000000000000004,-2.4492935982947064e-16,1.0,summer,0.0,0.25597554,56.787445,2024,,0.0,0.0,0.0,278.53397963103333,321.5959259813243,0.41994128,0.5243171,1.3886211,0.6013985708333334,0.13593769965094005,24.503204,24.229218,24.040924,25.7251155,1.4598766786353126
2024-12-20 17:00:00,0.0,0.36499098,0.29517025,0.5739556,99663.07,0.00027681244,23.928284,18.541168,0.469408,38.962658,71.837654,17,4,355,12,0,-0.9659258262890684,-0.2588190451025206,-2.4492935982947064e-16,1.0,summer,0.0,0.27681243,57.39556,2024,,0.0,0.0,0.0,278.53397963103333,321.5959259813243,0.42886397,0.49850482,1.4626702,0.5974213570833333,0.1396370039602263,24.188782,24.010498,23.804047,25.723430666666662,1.4617003388212055
2024-12-20 18:00:00,0.03839904,0.41608965,0.30358708,0.5816476,99647.83,0.00028505098,23.708923,18.563599,0.51506865,36.115215,72.89514,18,4,355,12,0,-1.0,-1.8369701987210292e-16,-2.4492935982947064e-16,1.0,summer,1.06664e-05,0.285051,58.164757,2024,,0.0,2.13328e-05,5.5109733e-05,278.53397963103333,321.5959259813243,0.469408,0.50991166,1.5086765,0.5962089895833333,0.1406557620837046,23.928284,23.831665,23.612823,25.720005083333334,1.4659793114254818
2024-12-20 19:00:00,1577.9685,0.43302137,0.32261235,0.5857208,99661.766,0.00026206378,23.551483,18.580322,0.53998727,36.687084,73.66757,19,4,355,12,0,-0.9659258262890684,0.2588190451025203,-2.4492935982947064e-16,1.0,summer,0.43832457,0.26206377,58.57208,2024,,1.06664e-05,0.39146268,0.5503631,278.5339791866,321.5959263829834,0.51506865,0.51730275,1.54061,0.5964238641666667,0.14052207251615292,23.708923,23.65097,23.453094,25.71489083333333,1.4730504876001929
2024-12-20 20:00:00,33911.395,0.41018155,0.343427,0.58377236,99699.086,0.0002605485,23.5159,18.622955,0.53496826,39.937958,74.02331,20,4,355,12,0,-0.8660254037844386,0.5000000000000001,-2.4492935982947064e-16,1.0,summer,9.419832,0.2605485,58.377235,2024,,0.43832457,9.099391,10.028615,278.53593176534997,321.5941643463539,0.53998727,0.5100218,1.5609431,0.5973690525,0.14004221617968554,23.551483,23.65915,23.513947,25.710745541666668,1.4792380506585365
2024-12-20 21:00:00,180939.1,0.35887456,0.37991634,0.5892458,99748.47,0.0002523567,23.746124,18.645111,0.5226159,46.63142,73.104195,21,4,355,12,0,-0.7071067811865477,0.7071067811865474,-2.4492935982947064e-16,1.0,summer,50.26086,0.2523567,58.92458,2024,,9.419832,51.10637,50.811264,278.5492834736833,321.5824981604973,0.53496826,0.4842753,1.6085978,0.5984084883333334,0.13945706824632717,23.5159,23.92862,23.927124,25.704776791666664,1.4881384271694107
2024-12-20 22:00:00,535144.44,0.37814924,0.46660337,0.5808819,99785.945,0.00024165968,24.488708,18.669312,0.600596,50.97766,70.02055,22,4,355,12,0,-0.5000000000000004,0.8660254037844384,-2.4492935982947064e-16,1.0,summer,148.65123,0.24165969,58.08819,2024,,50.26086,152.75304,139.40012,278.51405389035,321.60854327340127,0.5226159,0.6147823,1.5136659,0.6000060133333334,0.13830765658784883,23.746124,24.791656,24.886322,25.69717279166667,1.4980420208559755
2024-12-20 23:00:00,1077820.0,0.3067581,0.44499537,0.57818156,99821.875,0.00023613645,25.055206,18.669647,0.5404826,55.419514,67.69025,23,4,355,12,0,-0.2588190451025215,0.965925826289068,-2.4492935982947064e-16,1.0,summer,299.39444,0.23613645,57.818157,2024,,148.65123,306.2794,274.04074,278.34314514035003,321.679362830033,0.600596,0.5492149,1.6246936,0.5994149175,0.13827207033562575,24.488708,25.349579,25.430695,25.684549958333335,1.5072518909584678
2024-12-21 00:00:00,1708329.0,0.28003493,0.41880846,0.5684313,99836.21,0.00023284044,25.633148,18.578278,0.50380564,56.231457,65.027855,0,5,356,12,1,0.0,1.0,-2.4492935982947064e-16,1.0,summer,474.53583,0.23284043,56.843132,2024,,299.39444,484.54175,426.55298,278.0562718070167,321.6564352923911,0.5404826,0.51238704,1.719141,0.5990510716666667,0.13842131716966521,25.055206,25.875061,25.921783,25.672284416666667,1.5112886478680074
2024-12-21 01:00:00,2275304.0,0.29686007,0.40577188,0.565445,99819.21,0.0002265317,26.22519,18.454803,0.50276905,53.81104,62.30152,1,5,356,12,1,0.2588190451025207,0.9659258262890684,-2.4492935982947064e-16,1.0,summer,632.0289,0.2265317,56.544502,2024,,474.53583,641.1006,564.7491,277.63935847368333,321.3835326857963,0.50380564,0.5311443,1.7936671,0.5986935133333334,0.13866578111450817,25.633148,26.409424,26.450714,25.662204708333334,1.5106840169547398
2024-12-21 02:00:00,2688075.2,0.34221092,0.40624464,0.56571805,99781.11,0.00022700452,26.816132,18.332611,0.5311714,49.890003,59.70692,2,5,356,12,1,0.4999999999999999,0.8660254037844387,-2.4492935982947064e-16,1.0,summer,746.68756,0.22700453,56.571804,2024,,632.0289,762.47394,667.31305,277.2613709736833,320.94250270231805,0.50276905,0.5723097,1.844449,0.59751121125,0.1393858629106347,26.22519,26.946869,26.954315,25.654528291666665,1.5071860346605592
2024-12-21 03:00:00,2935175.2,0.43943813,0.45609093,0.57407904,99727.27,0.0002386466,27.21811,18.188019,0.6333442,46.06532,57.785244,3,5,356,12,1,0.7071067811865476,0.7071067811865476,-2.4492935982947064e-16,1.0,summer,815.3265,0.2386466,57.407906,2024,,746.68756,828.04846,720.06903,276.60360514035,319.91937822712447,0.5311714,0.6360763,1.8645458,0.5957971154166667,0.13996101496389696,26.816132,27.28476,27.291443,25.649080916666666,1.5025411892795497
2024-12-21 04:00:00,2960316.5,0.56963354,0.56396294,0.56645834,99667.39,0.0002556589,27.558105,17.953125,0.80158377,44.713387,55.814095,4,5,356,12,1,0.8660254037844386,0.5000000000000001,-2.4492935982947064e-16,1.0,summer,822.3101,0.2556589,56.645836,2024,,815.3265,836.8037,726.3145,276.07352347368334,318.9750966712053,0.6333442,0.71873736,1.8587312,0.5956832779166666,0.13992793660188907,27.21811,27.628876,27.556976,25.64630383333333,1.4994449943397818
2024-12-21 05:00:00,2779630.5,0.6825771,0.7009892,0.5573124,99609.49,0.00027812514,27.743774,17.87677,0.9784157,45.762432,54.94613,5,5,356,12,1,0.9659258262890684,0.2588190451025207,-2.4492935982947064e-16,1.0,summer,772.11957,0.27812514,55.731243,2024,,822.3101,783.92,669.99554,275.4696234736833,317.87917425666114,0.80158377,0.80634123,1.8170607,0.5991352116666667,0.14405656442828702,27.558105,27.755829,27.639008,25.643355041666666,1.49544081490108
2024-12-21 06:00:00,2416040.2,0.7367857,0.8458129,0.56460315,99568.6,0.0002675626,27.780457,17.818542,1.1217186,48.94095,54.627655,6,5,356,12,1,1.0,6.123233995736766e-17,-2.4492935982947064e-16,1.0,summer,671.1223,0.2675626,56.460316,2024,,772.11957,670.6557,575.97015,274.97793889035,317.0666147745446,0.9784157,0.8680911,1.7393192,0.60630498125,0.15838702967016915,27.743774,27.751434,27.663727,25.642852750000003,1.4947022654059077
2024-12-21 07:00:00,1888637.2,0.7170227,0.9646449,0.5558352,99556.234,0.00026082798,27.692474,17.734497,1.2019407,53.37649,54.619377,7,5,356,12,1,0.9659258262890684,-0.2588190451025206,-2.4492935982947064e-16,1.0,summer,524.62146,0.260828,55.58352,2024,,671.1223,526.88116,441.98544,274.99738055701664,317.0919448222292,1.1217186,0.875835,1.6232827,0.61687279375,0.1831401596088677,27.780457,27.620422,27.596802,25.64406204166667,1.4964930566133339
2024-12-21 08:00:00,1275325.8,0.6294421,1.029649,0.5563465,99573.57,0.00024261647,27.434143,17.683777,1.2068034,58.561832,55.274845,8,5,356,12,1,0.8660254037844387,-0.4999999999999998,-2.4492935982947064e-16,1.0,summer,354.25714,0.24261647,55.634647,2024,,524.62146,353.5922,290.9929,274.90322639034997,317.01422706843994,1.2019407,0.8338818,1.494389,0.63046053125,0.21287262035484028,27.692474,27.355804,27.261292,25.647064208333333,1.5006966545913882
2024-12-21 09:00:00,695970.6,0.51893646,1.0002805,0.55819327,99614.74,0.00022137338,27.04303,17.695374,1.126879,62.580124,56.599922,9,5,356,12,1,0.7071067811865476,-0.7071067811865475,-2.4492935982947064e-16,1.0,summer,193.32518,0.22137338,55.81933,2024,,354.25714,188.09567,153.71405,274.9309322236833,317.02143216413066,1.2068034,0.7293342,1.3927426,0.64599893125,0.2402205139318399,27.434143,26.990295,26.887268,25.650328333333334,1.504654857911627
2024-12-21 10:00:00,276884.2,0.46509913,0.9038369,0.5434014,99664.055,0.00021203367,26.488464,17.695679,1.0164833,62.77042,58.480507,10,5,356,12,1,0.4999999999999999,-0.8660254037844387,-2.4492935982947064e-16,1.0,summer,76.91228,0.21203367,54.34014,2024,,193.32518,72.338486,59.914852,275.14882847368335,316.960944715388,1.126879,0.6650811,1.3118509,0.6625632979166666,0.2591752292817158,27.04303,26.46811,26.336884,25.652525624999996,1.5067337975472208
2024-12-21 11:00:00,66186.74,0.41002157,0.8133244,0.560168,99717.81,0.00021927676,25.909576,17.84195,0.91083163,63.245937,61.07828,11,5,356,12,1,0.258819045102521,-0.9659258262890682,-2.4492935982947064e-16,1.0,summer,18.385206,0.21927676,56.016804,2024,,76.91228,15.713491,13.646428,275.3394032236833,316.8350519563944,1.0164833,0.5950855,1.2612251,0.67720505625,0.2690611107521693,26.488464,25.913147,25.871002,25.653373708333334,1.507218468564728
2024-12-21 12:00:00,5352.0776,0.35776812,0.7595845,0.56586397,99757.89,0.00023188101,25.47174,17.957825,0.8396229,64.77933,63.146038,12,5,356,12,1,1.2246467991473532e-16,-1.0,-2.4492935982947064e-16,1.0,summer,1.4866883,0.23188101,56.586395,2024,,18.385206,1.0179452,1.0621686,275.45072468201664,316.7403202709241,0.91083163,0.5355278,1.2740071,0.6903611449999999,0.2725677451232429,25.909576,25.512085,25.55719,25.65322491666667,1.5071918849513948
2024-12-21 13:00:00,10.145347,0.34999847,0.7077677,0.5751478,99776.086,0.00024844668,25.073608,18.036774,0.78957844,63.687126,64.98335,13,5,356,12,1,-0.2588190451025208,-0.9659258262890684,-2.4492935982947064e-16,1.0,summer,0.0028181518,0.24844669,57.514782,2024,,1.4866883,0.002723932,0.0018026215,275.47025564451667,316.7226763057269,0.8396229,0.48177966,1.3343892,0.7030317741666666,0.2721249450252071,25.47174,25.12854,25.265167,25.651543874999998,1.5073786370173081
2024-12-21 14:00:00,0.0,0.3946076,0.671909,0.5860753,99770.54,0.00026270925,24.74945,18.042511,0.7792155,59.574566,66.27755,14,5,356,12,1,-0.4999999999999997,-0.8660254037844388,-2.4492935982947064e-16,1.0,summer,0.0,0.26270926,58.60753,2024,,0.0028181518,0.0,0.0,275.4702595703417,316.72267274281126,0.78957844,0.4436817,1.4143486,0.7158567233333334,0.26847281417312974,25.073608,24.807556,24.990906,25.649255041666667,1.5082487579522845
2024-12-21 15:00:00,0.0,0.48003638,0.63374823,0.59720623,99744.82,0.0002801331,24.415955,18.139038,0.7950294,52.857674,68.02576,15,5,356,12,1,-0.7071067811865471,-0.7071067811865479,-2.4492935982947064e-16,1.0,summer,0.0,0.2801331,59.720623,2024,,0.0,0.0,0.0,275.4702595703417,316.72267274281126,0.7792155,0.41994128,1.5044565,0.7298372983333333,0.2623497607865227,24.74945,24.503204,24.714233,25.646833958333332,1.5097045553422188
2024-12-21 16:00:00,0.0,0.5890338,0.6165682,0.60045207,99710.11,0.00029478705,24.127228,18.155487,0.8527117,46.30833,69.286224,16,5,356,12,1,-0.8660254037844384,-0.5000000000000004,-2.4492935982947064e-16,1.0,summer,0.0,0.29478705,60.045208,2024,,0.0,0.0,0.0,275.4702595703417,316.72267274281126,0.7950294,0.42886397,1.5954407,0.74546597,0.25412958603971053,24.415955,24.188782,24.468353,25.643198583333334,1.5126802697791677
2024-12-21 17:00:00,0.0,0.6882056,0.61501,0.60275054,99679.12,0.0003083648,23.832703,18.173798,0.92296493,41.785336,70.60557,17,5,356,12,1,-0.9659258262890684,-0.2588190451025206,-2.4492935982947064e-16,1.0,summer,0.0,0.3083648,60.275055,2024,,0.0,0.0,0.0,275.4702595703417,316.72267274281126,0.8527117,0.469408,1.6653333,0.7631262920833334,0.2457607534282731,24.127228,23.928284,24.26944,25.640633833333336,1.5153033576088724
2024-12-21 18:00:00,0.03519912,0.7567764,0.63952845,0.61165017,99669.66,0.00030992622,23.60675,18.157776,0.99081135,40.200123,71.5014,18,5,356,12,1,-1.0,-1.8369701987210292e-16,-2.4492935982947064e-16,1.0,summer,9.777534e-06,0.3099262,61.165016,2024,,0.0,1.06664e-05,7.110934e-05,275.4702595703417,316.72267274281126,0.92296493,0.51506865,1.6988795,0.7820244975,0.2395528937983646,23.832703,23.708923,24.09967,25.636651291666666,1.5201174067849286
2024-12-21 19:00:00,1745.214,0.7775423,0.6602283,0.60968405,99685.88,0.0002809221,23.427582,18.185333,1.020036,40.33532,72.40398,19,5,356,12,1,-0.9659258262890684,0.2588190451025203,-2.4492935982947064e-16,1.0,summer,0.48478165,0.2809221,60.968407,2024,,9.777534e-06,0.43832457,0.6369014,275.4702595333056,316.722672776424,0.99081135,0.53998727,1.6961997,0.8018471100000001,0.23616175438581655,23.60675,23.551483,23.956787,25.632394083333335,1.52588302752884
2024-12-21 20:00:00,32787.26,0.7530925,0.67428213,0.6087498,99726.47,0.0002804456,23.365784,18.264465,1.0108435,41.839706,73.03686,20,5,356,12,1,-0.8660254037844386,0.5000000000000001,-2.4492935982947064e-16,1.0,summer,9.107573,0.28044558,60.87498,2024,,0.48478165,9.419832,11.06652,275.4721952449722,316.7209189197743,1.020036,0.53496826,1.6707563,0.8218491404166666,0.23333112075659135,23.427582,23.5159,23.99884,25.627231541666664,1.5334204882508446
2024-12-21 21:00:00,180255.48,0.69797957,0.68682915,0.60851455,99777.81,0.00027141874,23.655304,18.353577,0.97923934,44.538666,72.17441,21,5,356,12,1,-0.7071067811865477,0.7071067811865474,-2.4492935982947064e-16,1.0,summer,50.07097,0.27141875,60.851456,2024,,9.107573,50.26086,54.752808,275.45918445330557,316.7323296608269,1.0108435,0.5226159,1.651825,0.8416772754166666,0.22805233799692623,23.365784,23.746124,24.387024,25.62097670833333,1.542685239549148
2024-12-21 22:00:00,532187.94,0.6496014,0.66496706,0.5965976,99823.516,0.00025921687,24.500305,18.397156,0.92960376,45.66968,68.788704,22,5,356,12,1,-0.5000000000000004,0.8660254037844384,-2.4492935982947064e-16,1.0,summer,147.82999,0.25921687,59.65976,2024,,50.07097,148.65123,148.97832,275.45127236997223,316.73820209867097,0.97923934,0.600596,1.509795,0.8607032520833333,0.2191501805224587,23.655304,24.488708,25.242249,25.617192541666665,1.5475877590027671
2024-12-21 23:00:00,1077891.0,0.54452085,0.64747477,0.58514756,99858.56,0.00025102464,25.15329,18.366638,0.8460062,49.936447,66.02958,23,5,356,12,1,-0.2588190451025215,0.965925826289068,-2.4492935982947064e-16,1.0,summer,299.41415,0.25102463,58.514755,2024,,147.82999,299.39444,284.90048,275.41705403663894,316.75254037945854,0.92960376,0.5404826,1.5460738,0.8744119087500001,0.2123571315447369,24.500305,25.055206,25.817932,25.61767575,1.5472218562697448
2024-12-22 00:00:00,1702150.2,0.5317853,0.6078128,0.57902926,99865.46,0.0002530978,25.6904,18.24118,0.80760884,48.81679,63.451225,0,6,357,12,1,0.0,1.0,-2.4492935982947064e-16,1.0,summer,472.81952,0.2530978,57.902927,2024,,299.41415,474.53583,438.91077,275.41787528663895,316.7526052744979,0.8460062,0.50380564,1.6006498,0.88714205875,0.20028310616015443,25.15329,25.633148,26.305084,25.621762583333332,1.5458004387780788
2024-12-22 01:00:00,2259692.8,0.580799,0.5781593,0.57834655,99845.33,0.00024439307,26.253906,18.080872,0.8195093,44.869495,60.75248,1,6,357,12,1,0.2588190451025207,0.9659258262890684,-2.4492935982947064e-16,1.0,summer,627.69244,0.24439307,57.834656,2024,,472.81952,632.0289,585.5402,275.34636236997227,316.7058863633959,0.80760884,0.50276905,1.6356562,0.8998005254166667,0.18393518002474132,25.6904,26.22519,26.808594,25.624148083333335,1.5458629475884484
2024-12-22 02:00:00,2660455.5,0.6837894,0.5818056,0.58168864,99801.28,0.00024235887,26.77893,17.931244,0.8978116,40.392963,58.347122,2,6,357,12,1,0.4999999999999999,0.8660254037844387,-2.4492935982947064e-16,1.0,summer,739.01544,0.24235888,58.168865,2024,,627.69244,746.68756,686.9815,275.16567653663895,316.4947122815618,0.8195093,0.5311714,1.6563897,0.9129980358333333,0.16455103160146944,26.253906,26.816132,27.294739,25.625344583333334,1.5463594146313524
2024-12-22 03:00:00,2907723.2,0.83363384,0.6339737,0.5840604,99742.35,0.00024721844,27.137146,17.748932,1.0473146,37.25278,56.47816,3,6,357,12,1,0.7071067811865476,0.7071067811865476,-2.4492935982947064e-16,1.0,summer,807.7009,0.24721844,58.406036,2024,,739.01544,815.3265,744.3691,274.84600486997226,316.00124041247545,0.8978116,0.6333442,1.6721805,0.9282747108333332,0.14319490682733252,26.77893,27.21811,27.618347,25.6237945,1.5451320202169252
2024-12-22 04:00:00,2925850.5,0.9853504,0.72815895,0.5752588,99674.1,0.000246915,27.42273,17.518036,1.2252065,36.463837,54.736282,4,6,357,12,1,0.8660254037844386,0.5000000000000001,-2.4492935982947064e-16,1.0,summer,812.73627,0.24691501,57.52588,2024,,807.7009,822.3101,748.5836,274.5282715366389,315.4375002803634,1.0473146,0.80158377,1.6884052,0.9455234775,0.13049337497851163,27.137146,27.558105,27.85373,25.620421000000004,1.5415841061353477
2024-12-22 05:00:00,2742455.8,1.1078198,0.8237505,0.5722489,99604.87,0.00024715226,27.535034,17.444702,1.3805178,36.633682,54.12593,5,6,357,12,1,0.9659258262890684,0.2588190451025207,-2.4492935982947064e-16,1.0,summer,761.7933,0.24715225,57.224888,2024,,812.73627,772.11957,692.08954,274.1293619533056,314.71988099389034,1.2252065,0.9784157,1.6782792,0.9631744245833334,0.1385770217941108,27.42273,27.743774,27.979858,25.614780375,1.534416907275621
2024-12-22 06:00:00,2371727.0,1.1746204,0.9178555,0.585397,99549.6,0.0002347312,27.545227,17.358429,1.4907018,38.004284,53.799458,6,6,357,12,1,1.0,6.123233995736766e-17,-2.4492935982947064e-16,1.0,summer,658.81305,0.2347312,58.5397,2024,,761.7933,671.1223,587.9662,273.6991007033056,314.0157366938367,1.3805178,1.1217186,1.6435653,0.9799286787499999,0.16270657345395856,27.535034,27.780457,27.94577,25.606082875,1.5223687957394998
2024-12-22 07:00:00,1844130.8,1.1654754,0.9855078,0.5672871,99524.64,0.00023742678,27.39264,17.328857,1.5262891,40.21734,54.181236,7,6,357,12,1,0.9659258262890684,-0.2588190451025206,-2.4492935982947064e-16,1.0,summer,512.25854,0.23742677,56.72871,2024,,658.81305,524.62146,456.10382,273.18621528663897,313.3477404245155,1.4907018,1.2019407,1.5651599,0.99530297875,0.1915611843737559,27.545227,27.692474,27.866821,25.596281625,1.5084548214122946
2024-12-22 08:00:00,1240980.4,1.093053,1.0095298,0.57850087,99532.32,0.00020935737,27.103394,17.322784,1.4879231,42.72517,55.08778,8,6,357,12,1,0.8660254037844387,-0.4999999999999998,-2.4492935982947064e-16,1.0,summer,344.71677,0.20935737,57.850086,2024,,512.25854,354.25714,300.7878,272.6710936199723,312.92630564748873,1.5262891,1.2068034,1.4734824,1.0088174954166667,0.21658059153767834,27.39264,27.434143,27.611084,25.583788541666667,1.491485426721827
2024-12-22 09:00:00,677575.44,0.95474917,0.9550043,0.58842564,99562.375,0.00018406287,26.68927,17.3479,1.3503996,45.007656,56.536537,9,6,357,12,1,0.7071067811865476,-0.7071067811865475,-2.4492935982947064e-16,1.0,summer,188.2154,0.18406287,58.842564,2024,,344.71677,193.32518,158.65134,272.2735782033056,312.8242024509893,1.4879231,1.126879,1.3727411,1.0205308162500002,0.23460562905135943,27.103394,27.04303,27.190308,25.570007333333333,1.47508279654855
2024-12-22 10:00:00,271276.0,0.96968406,0.8543982,0.59279144,99604.42,0.00016993577,26.108124,17.4122,1.2923944,41.38359,58.74921,10,6,357,12,1,0.4999999999999999,-0.8660254037844387,-2.4492935982947064e-16,1.0,summer,75.35445,0.16993576,59.279144,2024,,188.2154,76.91228,61.698658,272.0606707033056,312.8820042578038,1.3503996,1.0164833,1.2017895,1.0298441745833333,0.24328701765453856,26.68927,26.488464,26.601929,25.555267333333337,1.461427706069749
2024-12-22 11:00:00,62590.344,0.93369055,0.7273577,0.5886155,99651.69,0.0001681424,25.599731,17.511505,1.1835655,37.91908,60.928543,11,6,357,12,1,0.258819045102521,-0.9659258262890682,-2.4492935982947064e-16,1.0,summer,17.386206,0.16814241,58.86155,2024,,75.35445,18.385206,13.644265,271.99576111997226,312.92440810243335,1.2923944,0.91083163,1.1190498,1.0413404704166667,0.249078242494018,26.108124,25.909576,26.135834,25.539419833333337,1.4529056143768837
2024-12-22 12:00:00,4503.2344,0.87977105,0.6303525,0.5824666,99685.65,0.00017472774,25.231537,17.6409,1.0822853,35.62145,62.788807,12,6,357,12,1,1.2246467991473532e-16,-1.0,-2.4492935982947064e-16,1.0,summer,1.2508985,0.17472774,58.24666,2024,,17.386206,1.4866883,1.0269984,271.95413611997225,312.9596744123611,1.1835655,0.8396229,1.1152607,1.0527043816666668,0.24908662788968136,25.599731,25.47174,25.812866,25.526509625000003,1.4508486323861214
2024-12-22 13:00:00,7.433414,0.86249894,0.5254858,0.59152645,99701.43,0.00018582228,24.855408,17.69284,1.0099702,31.352264,64.42453,13,6,357,12,1,-0.2588190451025208,-0.9659258262890684,-2.4492935982947064e-16,1.0,summer,0.0020648371,0.18582228,59.152645,2024,,1.2508985,0.0028181518,0.0019239518,271.9443115449722,312.96853778544335,1.0822853,0.78957844,1.1661655,1.062815315,0.24495191879584868,25.231537,25.073608,25.532349,25.516501166666668,1.4520708663414283
2024-12-22 14:00:00,0.0,0.8923483,0.431914,0.59079105,99691.766,0.00020153642,24.54721,17.723358,0.99138045,25.827888,65.74961,14,6,357,12,1,-0.4999999999999997,-0.8660254037844388,-2.4492935982947064e-16,1.0,summer,0.0,0.20153642,59.079105,2024,,0.0020648371,0.0,0.0,271.94428015685975,312.96856624472673,1.0099702,0.7792155,1.2556998,1.071998305,0.238304111423607,24.855408,24.74945,25.29068,25.507409499999998,1.455643163339184
2024-12-22 15:00:00,0.0,0.9609603,0.35464093,0.58966416,99659.695,0.00021982306,24.231476,17.77533,1.0243119,20.256504,67.226,15,6,357,12,1,-0.7071067811865471,-0.7071067811865479,-2.4492935982947064e-16,1.0,summer,0.0,0.21982306,58.966415,2024,,0.0,0.0,0.0,271.94428015685975,312.96856624472673,0.99138045,0.7950294,1.3680791,1.08083851125,0.2307874445304105,24.54721,24.415955,25.037262,25.498982833333333,1.460797990729486
2024-12-22 16:00:00,0.0,1.05158,0.2938325,0.5927605,99616.75,0.00023738292,23.936768,17.798035,1.0918598,15.611428,68.52513,16,6,357,12,1,-0.8660254037844384,-0.5000000000000004,-2.4492935982947064e-16,1.0,summer,0.0,0.23738292,59.27605,2024,,0.0,0.0,0.0,271.94428015685975,312.96856624472673,1.0243119,0.8527117,1.4815463,1.09039194875,0.223058132254163,24.231476,24.127228,24.795166,25.491296208333335,1.467215848609088
2024-12-22 17:00:00,0.0,1.1454526,0.26063675,0.59732896,99580.22,0.00025085243,23.650818,17.798096,1.1747311,12.818849,69.71565,17,6,357,12,1,-0.9659258262890684,-0.2588190451025206,-2.4492935982947064e-16,1.0,summer,0.0,0.25085244,59.732895,2024,,0.0,0.0,0.0,271.94428015685975,312.96856624472673,1.0918598,0.92296493,1.5766147,1.1003564529166667,0.21724466872839893,23.936768,23.832703,24.564606,25.483360375,1.4754067734184009
2024-12-22 18:00:00,0.03519912,1.2175589,0.26239765,0.5941316,99564.18,0.0002622783,23.439972,17.78952,1.2455127,12.161876,70.57004,18,6,357,12,1,-1.0,-1.8369701987210292e-16,-2.4492935982947064e-16,1.0,summer,9.777534e-06,0.26227832,59.41316,2024,,0.0,9.777534e-06,6.5776134e-05,271.94428015685975,312.96856624472673,1.1747311,0.99081135,1.6423329,1.11084671,0.21436594107809534,23.650818,23.60675,24.39981,25.475781833333333,1.4846920592090367
2024-12-22 19:00:00,1175.633,1.2502367,0.28627086,0.5910752,99578.96,0.00025258202,23.245117,17.793121,1.2825923,12.896882,71.42207,19,6,357,12,1,-0.9659258262890684,0.2588190451025203,-2.4492935982947064e-16,1.0,summer,0.32656473,0.252582,59.107517,2024,,9.777534e-06,0.48478165,0.660843,271.94428015685975,312.96856624472673,1.2455127,1.020036,1.6645449,1.1214592662499998,0.2144697011921493,23.439972,23.427582,24.25476,25.468832750000004,1.4941803696903797
2024-12-22 20:00:00,29164.846,1.2443023,0.31958,0.58720595,99617.82,0.00024758844,23.17511,17.812622,1.2846866,14.404209,71.81335,20,6,357,12,1,-0.8660254037844386,0.5000000000000001,-2.4492935982947064e-16,1.0,summer,8.101346,0.24758844,58.720596,2024,,0.32656473,9.107573,10.515525,271.9376877851931,312.97453448834574,1.2825923,1.0108435,1.636706,1.1323991120833334,0.21576372574218416,23.245117,23.365784,24.266876,25.461230041666667,1.5054400535205712
2024-12-22 21:00:00,175088.53,1.2163641,0.4060776,0.5884501,99670.95,0.00023919952,23.404602,17.86145,1.2823575,18.46135,71.04216,21,6,357,12,1,-0.7071067811865477,0.7071067811865474,-2.4492935982947064e-16,1.0,summer,48.635704,0.23919952,58.84501,2024,,8.101346,50.07097,53.468304,271.8957616601931,313.0113393070276,1.2846866,0.97923934,1.5791161,1.14380924125,0.21629617275011634,23.17511,23.655304,24.543976,25.45328529166667,1.5174346233782725
2024-12-22 22:00:00,521317.2,1.2037063,0.46826348,0.578266,99708.78,0.00022945426,24.07611,17.809937,1.2915802,21.256933,68.00439,22,6,357,12,1,-0.5000000000000004,0.8660254037844384,-2.4492935982947064e-16,1.0,summer,144.81033,0.22945426,57.826603,2024,,48.635704,147.82999,147.89613,271.8359589101931,313.0556969210328,1.2823575,0.92960376,1.6075605,1.1564391645833334,0.21511541881242804,23.404602,24.500305,25.283722,25.442839375000002,1.531150859085436
2024-12-22 23:00:00,1059235.2,1.1253341,0.4479603,0.5770877,99752.95,0.00021935286,24.644562,17.744598,1.2112164,21.705952,65.45516,23,6,357,12,1,-0.2588190451025215,0.965925826289068,-2.4492935982947064e-16,1.0,summer,294.23203,0.21935286,57.70877,2024,,144.81033,299.41415,284.99905,271.71013974352644,313.10830504045003,1.2915802,0.8460062,1.6383933,1.17152151625,0.21117334124068018,24.07611,25.15329,25.768738,25.425164583333338,1.5448907166018067
2024-12-23 00:00:00,1674260.8,1.1394717,0.39852187,0.56406766,99768.18,0.00020707447,25.167145,17.682281,1.2071518,19.27691,63.19496,0,0,358,12,0,0.0,1.0,-2.4492935982947064e-16,1.0,summer,465.07242,0.20707446,56.406765,2024,,294.23203,472.81952,438.1455,271.49421807685974,313.0901558022536,1.2112164,0.80760884,1.6631285,1.1867386079166666,0.19953469424365142,24.644562,25.6904,26.20456,25.403967583333337,1.5522557162737565
2024-12-23 01:00:00,2240222.0,1.2410243,0.35538438,0.5649765,99761.81,0.00019460234,25.708588,17.56372,1.2909064,15.979794,60.73582,1,0,358,12,0,0.2588190451025207,0.9659258262890684,-2.4492935982947064e-16,1.0,summer,622.2839,0.19460234,56.49765,2024,,465.07242,627.69244,582.6421,271.1714222435264,312.87748626886025,1.2071518,0.8195093,1.6891743,1.20338623125,0.1824650107668961,25.167145,26.253906,26.659729,25.382165291666666,1.551732311752401
2024-12-23 02:00:00,2681524.8,1.3851781,0.34816414,0.5578226,99732.23,0.00018403327,26.284668,17.434937,1.4282634,14.109004,58.222473,2,0,358,12,0,0.4999999999999999,0.8660254037844387,-2.4492935982947064e-16,1.0,summer,744.868,0.18403327,55.782257,2024,,622.2839,739.01544,688.2271,270.94606641019305,312.61136517270813,1.2909064,0.8978116,1.7190057,1.2230277770833333,0.16375875116244,25.708588,26.77893,27.16986,25.35944370833333,1.5423769386793722
2024-12-23 03:00:00,2935194.2,1.5334247,0.39520788,0.5615955,99685.55,0.0001828969,26.672821,17.289246,1.5835342,14.452264,56.38181,3,0,358,12,0,0.7071067811865476,0.7071067811865476,-2.4492935982947064e-16,1.0,summer,815.3317,0.1828969,56.15955,2024,,744.868,807.7009,749.0997,271.18992307685977,312.99441188700314,1.4282634,1.0473146,1.7575581,1.2451299354166667,0.15342769530585662,26.284668,27.137146,27.479034,25.338849458333332,1.5258102905723123
2024-12-23 04:00:00,2956580.2,1.6651661,0.48541144,0.5576857,99630.734,0.00018862677,27.002563,17.17096,1.7344748,16.251894,54.88537,4,0,358,12,0,0.8660254037844386,0.5000000000000001,-2.4492935982947064e-16,1.0,summer,821.2723,0.18862677,55.768566,2024,,815.3317,812.73627,745.02203,271.50787307685977,313.56646628388074,1.5835342,1.2252065,1.8011794,1.26747241875,0.16216301361982557,26.672821,27.42273,27.662506,25.319502583333332,1.5048163020816905
2024-12-23 05:00:00,2781375.0,1.7535355,0.600493,0.5543629,99574.04,0.00018834946,27.207733,17.085571,1.8535044,18.903614,53.93517,5,0,358,12,0,0.9659258262890684,0.2588190451025207,-2.4492935982947064e-16,1.0,summer,772.6042,0.18834946,55.43629,2024,,821.2723,761.7933,703.5621,271.86354099352644,314.2112328389941,1.7344748,1.3805178,1.8384162,1.28869193125,0.1877007076301446,27.002563,27.535034,27.726562,25.301995625,1.4815477999745799
2024-12-23 06:00:00,2414759.2,1.7661625,0.727886,0.55190814,99532.94,0.00019029494,27.247864,17.037048,1.9102743,22.397957,53.643044,6,0,358,12,0,1.0,6.123233995736766e-17,-2.4492935982947064e-16,1.0,summer,670.7665,0.19029495,55.190815,2024,,772.6042,658.81305,599.5208,272.3139951601931,314.9510136083801,1.8535044,1.4907018,1.8522599,1.3083997062500001,0.21984039675307504,27.207733,27.545227,27.724792,25.288358083333332,1.4614694853237011
2024-12-23 07:00:00,1905095.8,1.6886133,0.8341446,0.53862816,99519.266,0.00018574506,27.167511,16.96405,1.8834044,26.288542,53.64784,7,0,358,12,0,0.9659258262890684,-0.2588190451025206,-2.4492935982947064e-16,1.0,summer,529.19324,0.18574506,53.862816,2024,,670.7665,512.25854,459.2724,272.8120555768598,315.5975814131801,1.9102743,1.5262891,1.813885,1.32588189375,0.24963184449921577,27.247864,27.39264,27.606598,25.275967958333336,1.442643438214526
2024-12-23 08:00:00,1293075.5,1.5223135,0.8812064,0.53887314,99537.26,0.00016270691,26.959808,16.920898,1.7589664,30.064833,54.158337,8,0,358,12,0,0.8660254037844387,-0.4999999999999998,-2.4492935982947064e-16,1.0,summer,359.18765,0.16270691,53.887314,2024,,529.19324,344.71677,307.6034,273.5176680768597,316.1746154556488,1.8834044,1.4879231,1.7333033,1.3407616979166666,0.27175947006060325,27.167511,27.103394,27.30719,25.266587583333333,1.4289489116434342
2024-12-23 09:00:00,708849.4,1.295909,0.8491453,0.53526336,99581.42,0.00015369804,26.59201,17.062042,1.5493315,33.234848,55.84194,9,0,358,12,0,0.7071067811865476,-0.7071067811865475,-2.4492935982947064e-16,1.0,summer,196.9026,0.15369804,53.526337,2024,,359.18765,188.2154,167.41612,274.1206214101931,316.3300574021331,1.7589664,1.3503996,1.6234187,1.35205516875,0.28351838334949775,26.959808,26.68927,26.9375,25.260604833333336,1.4212037663462802
2024-12-23 10:00:00,282022.72,1.2410313,0.8252304,0.5395257,99633.766,0.00014891662,26.04837,17.105194,1.4903569,33.62213,57.823097,10,0,358,12,0,0.4999999999999999,-0.8660254037844387,-2.4492935982947064e-16,1.0,summer,78.339645,0.14891662,53.952568,2024,,196.9026,75.35445,67.82237,274.4825880768597,316.23244005257953,1.5493315,1.2923944,1.5302908,1.3603439979166667,0.2863615677746557,26.59201,26.108124,26.357727,25.25655233333333,1.4170855694944693
2024-12-23 11:00:00,63321.457,1.0865812,0.8020113,0.5406392,99689.664,0.0001549655,25.497986,17.270905,1.3505113,36.43123,60.37288,11,0,358,12,0,0.258819045102521,-0.9659258262890682,-2.4492935982947064e-16,1.0,summer,17.589294,0.1549655,54.063923,2024,,78.339645,17.386206,15.479922,274.6069712018597,316.15128868078637,1.4903569,1.1835655,1.4462785,1.3685924354166668,0.28716917586228385,26.04837,25.599731,25.928833,25.254062583333333,1.4155760373116546
2024-12-23 12:00:00,5147.199,0.94198436,0.7588803,0.5535412,99730.31,0.00015844309,25.078522,17.326355,1.209642,38.85557,62.117558,12,0,358,12,0,1.2246467991473532e-16,-1.0,-2.4492935982947064e-16,1.0,summer,1.4297775,0.1584431,55.35412,2024,,17.589294,1.2508985,1.0569319,274.61543320185973,316.14410729772135,1.3505113,1.0822853,1.3887304,1.3755485104166667,0.28450198984000863,25.497986,25.231537,25.611176,25.24982320833333,1.4146478674484835
2024-12-23 13:00:00,19.345116,0.8583814,0.6921641,0.5608402,99750.39,0.0001651923,24.715027,17.373047,1.102683,38.8813,63.668655,13,0,358,12,0,-0.2588190451025208,-0.9659258262890684,-2.4492935982947064e-16,1.0,summer,0.0053736432,0.16519229,56.08402,2024,,1.4297775,0.0020648371,0.0010546403,274.62288649352644,316.13738439193037,1.209642,1.0099702,1.3681339,1.3808550395833334,0.27994546275541315,25.078522,24.855408,25.305603,25.24344758333333,1.4150786073796702
2024-12-23 14:00:00,0.0,0.8334111,0.63040954,0.5608692,99744.1,0.00017731417,24.351685,17.408356,1.0449834,37.104618,65.214714,14,0,358,12,0,-0.4999999999999997,-0.8660254037844388,-2.4492935982947064e-16,1.0,summer,0.0,0.17731418,56.08692,2024,,0.0053736432,0.0,0.0,274.62302436044723,316.1372594239743,1.102683,0.99138045,1.3981258,1.3847180729166668,0.27520455597176996,24.715027,24.54721,25.000916,25.237598375,1.4170410716855284
2024-12-23 15:00:00,0.0,0.85826,0.574671,0.5658439,99715.45,0.0001874867,24.03714,17.437927,1.0328876,33.805347,66.58238,15,0,358,12,0,-0.7071067811865471,-0.7071067811865479,-2.4492935982947064e-16,1.0,summer,0.0,0.18748671,56.58439,2024,,0.0,0.0,0.0,274.62302436044723,316.1372594239743,1.0449834,1.0243119,1.4668133,1.3869515291666668,0.2720732828047555,24.351685,24.231476,24.73935,25.2294515,1.4217371134627343
2024-12-23 16:00:00,0.0,0.9094011,0.53598326,0.5627328,99675.59,0.0001975162,23.737946,17.447968,1.0555986,30.514265,67.83511,16,0,358,12,0,-0.8660254037844384,-0.5000000000000004,-2.4492935982947064e-16,1.0,summer,0.0,0.1975162,56.27328,2024,,0.0,0.0,0.0,274.62302436044723,316.1372594239743,1.0328876,1.0918598,1.5434635,1.3873088500000001,0.27158149861666786,24.03714,23.936768,24.474518,25.221354166666668,1.4282067757125811
2024-12-23 17:00:00,0.0,0.95830894,0.514279,0.5704155,99638.98,0.0002098649,23.447083,17.39569,1.087584,28.220346,68.807945,17,0,358,12,0,-0.9659258262890684,-0.2588190451025206,-2.4492935982947064e-16,1.0,summer,0.0,0.2098649,57.04155,2024,,0.0,0.0,0.0,274.62302436044723,316.1372594239743,1.0555986,1.1747311,1.6020449,1.3857979666666667,0.27339146176010853,23.737946,23.650818,24.23999,25.21306991666667,1.4365342766622795
2024-12-23 18:00:00,0.00639984,0.9833901,0.5149613,0.56846875,99621.37,0.00021253235,23.23761,17.358246,1.1100637,27.639215,69.51965,18,0,358,12,0,-1.0,-1.8369701987210292e-16,-2.4492935982947064e-16,1.0,summer,1.7777334e-06,0.21253236,56.846874,2024,,0.0,9.777534e-06,2.8443734e-05,274.62302436044723,316.1372594239743,1.087584,1.2455127,1.6376604,1.3821668374999998,0.2768732567275028,23.447083,23.439972,24.034882,25.204580958333334,1.4467332915072246
2024-12-23 19:00:00,1198.1268,0.9626845,0.52612627,0.56959075,99631.625,0.0001894517,23.04361,17.36261,1.0970736,28.657482,70.36006,19,0,358,12,0,-0.9659258262890684,0.2588190451025203,-2.4492935982947064e-16,1.0,summer,0.332813,0.18945171,56.959076,2024,,1.7777334e-06,0.32656473,0.3889276,274.6230240271222,316.13725972611735,1.1100637,1.2825923,1.6270654,1.3765231291666666,0.2811276776454922,23.23761,23.245117,23.85318,25.196149208333328,1.4580105518595292
2024-12-23 20:00:00,30271.998,0.8982036,0.5515948,0.57348764,99668.88,0.0001851774,23.021393,17.364075,1.0540525,31.554453,70.46132,20,0,358,12,0,-0.8660254037844386,0.5000000000000001,-2.4492935982947064e-16,1.0,summer,8.408889,0.1851774,57.348763,2024,,0.332813,8.101346,8.878033,274.62328437170555,316.1370240194374,1.0970736,1.2846866,1.5724453,1.3687931833333333,0.2863251970994942,23.04361,23.17511,23.804077,25.187753083333334,1.4702630078555425
2024-12-23 21:00:00,185852.31,0.79082483,0.6249015,0.57509565,99723.87,0.00018701422,23.3302,17.393433,1.0079216,38.31542,69.28557,21,0,358,12,0,-0.7071067811865477,0.7071067811865474,-2.4492935982947064e-16,1.0,summer,51.62564,0.18701422,57.509567,2024,,8.408889,48.635704,49.68484,274.6360986633722,316.1257571527159,1.0540525,1.2823575,1.4959611,1.3591834291666667,0.29306181042239354,23.021393,23.404602,23.98404,25.181348208333333,1.4797162694213302
2024-12-23 22:00:00,540767.1,0.62260336,0.65550673,0.5679209,99770.14,0.00018190639,24.150146,17.3945,0.90405977,46.474678,65.95055,22,0,358,12,0,-0.5000000000000004,0.8660254037844384,-2.4492935982947064e-16,1.0,summer,150.21309,0.18190639,56.79209,2024,,51.62564,144.81033,140.60368,274.7606793300389,316.03339693571456,1.0079216,1.2915802,1.5607462,1.3477486,0.3014244941396337,23.3302,24.07611,24.583069,25.178248125,1.483673136125088
2024-12-23 23:00:00,1083689.8,0.51299345,0.5905959,0.5685944,99814.16,0.00017125392,24.77127,17.37622,0.7822824,49.022316,63.46762,23,0,358,12,0,-0.2588190451025215,0.965925826289068,-2.4492935982947064e-16,1.0,summer,301.02493,0.17125392,56.85944,2024,,150.21309,294.23203,277.74115,274.9857943300389,315.9387169514481,0.90405977,1.2112164,1.4835784,1.3316019154166667,0.3146531844334202,24.150146,24.644562,24.989655,25.181332958333332,1.4813571123025215
2024-12-24 00:00:00,1689751.9,0.51054794,0.48443037,0.55842996,99830.6,0.0001588047,25.351929,17.28534,0.70379823,43.496365,60.95542,0,1,359,12,0,0.0,1.0,-2.4492935982947064e-16,1.0,summer,469.37552,0.1588047,55.842995,2024,,301.02493,465.07242,435.11865,275.2688318300389,315.9597506245588,0.7822824,1.2071518,1.4392061,1.3137296654166668,0.33341093921427367,24.77127,25.167145,25.420105,25.186612458333332,1.479585637927257
2024-12-24 01:00:00,2268347.2,0.60769945,0.37630945,0.5600143,99818.6,0.00015392435,25.948639,17.22116,0.7147779,31.767288,58.594467,1,1,359,12,0,0.2588190451025207,0.9659258262890684,-2.4492935982947064e-16,1.0,summer,630.09644,0.15392435,56.00143,2024,,469.37552,622.2839,583.79956,275.4481276633722,316.07334076823855,0.70379823,1.2909064,1.4247442,1.2927566,0.3555061485482778,25.351929,25.708588,25.872345,25.194311791666667,1.4799606640262848
2024-12-24 02:00:00,2703017.0,0.75603557,0.32240963,0.55211985,99786.664,0.00015639172,26.525604,17.147705,0.82191104,23.09571,56.366203,2,1,359,12,0,0.4999999999999999,0.8660254037844387,-2.4492935982947064e-16,1.0,summer,750.8381,0.15639172,55.211987,2024,,630.09644,744.868,694.7657,275.7736501633722,316.44987476104103,0.7147779,1.4282634,1.4259877,1.2687512458333334,0.3745764032938714,25.948639,26.284668,26.42978,25.204313916666667,1.4843919929540974
2024-12-24 03:00:00,2956502.8,0.88375515,0.32254955,0.55407906,99740.45,0.00016232522,26.892761,17.07016,0.940777,20.050875,54.889423,3,1,359,12,0,0.7071067811865476,0.7071067811865476,-2.4492935982947064e-16,1.0,summer,821.2508,0.16232522,55.407906,2024,,750.8381,815.3317,757.61633,276.0224043300389,316.83676168714237,0.82191104,1.5835342,1.4461977,1.2434865641666666,0.3836877595284024,26.525604,26.672821,26.789368,25.21435291666667,1.4928070192353153
2024-12-24 04:00:00,2974703.8,0.9864198,0.353155,0.54736745,99687.26,0.00018081095,27.231201,16.987305,1.047732,19.698227,53.526466,4,1,359,12,0,0.8660254037844386,0.5000000000000001,-2.4492935982947064e-16,1.0,summer,826.3066,0.18081096,54.736744,2024,,821.2508,821.2723,764.27856,276.26903349670556,317.27681638972587,0.940777,1.7344748,1.481736,1.2167050141666667,0.38134552848444203,26.892761,27.002563,27.061493,25.223517083333334,1.502791363645304
2024-12-24 05:00:00,2793228.5,1.049408,0.40059945,0.5443039,99633.56,0.0001933798,27.437653,16.905182,1.1232706,20.893782,52.60741,5,1,359,12,0,0.9659258262890684,0.2588190451025207,-2.4492935982947064e-16,1.0,summer,775.8968,0.1933798,54.43039,2024,,826.3066,772.6042,708.3175,276.4787959967055,317.65424237556374,1.047732,1.8535044,1.5099502,1.1880907308333333,0.366272478373873,27.231201,27.207733,27.195648,25.23304366666667,1.5152327342768215
2024-12-24 06:00:00,2414771.2,1.0596321,0.45755166,0.56372,99593.8,0.0002086376,27.473572,16.901611,1.1541983,23.354803,52.484894,6,1,359,12,0,1.0,6.123233995736766e-17,-2.4492935982947064e-16,1.0,summer,670.7698,0.20863761,56.371998,2024,,775.8968,670.7665,612.19086,276.6159876633722,317.87846198011295,1.1232706,1.9102743,1.5099006,1.1576643225,0.3378181309003452,27.437653,27.247864,27.218689,25.24262366666667,1.5289254142440676
2024-12-24 07:00:00,1851206.6,0.99509835,0.49659765,0.56550145,99581.914,0.00019243774,27.379303,16.878754,1.1121286,26.521204,52.699226,7,1,359,12,0,0.9659258262890684,-0.2588190451025206,-2.4492935982947064e-16,1.0,summer,514.22406,0.19243774,56.550144,2024,,670.7698,529.19324,475.84787,276.61612516337226,317.87863988534355,1.1541983,1.8834044,1.4540154,1.1261611558333333,0.29742054158715164,27.473572,27.167511,27.094788,25.252028166666665,1.542430552507278
2024-12-24 08:00:00,1253521.8,0.8718489,0.5000618,0.57578075,99604.58,0.0001842704,27.141205,16.888763,1.0050782,29.837063,53.474773,8,1,359,12,0,0.8660254037844387,-0.4999999999999998,-2.4492935982947064e-16,1.0,summer,348.2005,0.1842704,57.578075,2024,,514.22406,359.18765,321.43137,275.9924093300389,317.3757941399205,1.1121286,1.7589664,1.3285632,1.0940246641666667,0.249917376807833,27.379303,26.959808,26.808289,25.260852833333335,1.5544252531012959
2024-12-24 09:00:00,680497.25,0.72987324,0.44112915,0.5759847,99652.05,0.00017841691,26.754608,16.978088,0.8528246,31.148409,55.01569,9,1,359,12,0,0.7071067811865476,-0.7071067811865475,-2.4492935982947064e-16,1.0,summer,189.02701,0.17841691,57.598473,2024,,348.2005,196.9026,177.45334,275.5346114133722,317.2584742850391,1.0050782,1.5493315,1.1606883,1.0626126558333333,0.20627470174246182,27.141205,26.59201,26.441864,25.268411041666663,1.5634601471269214
2024-12-24 10:00:00,257838.34,0.73181146,0.43987665,0.57537866,99700.21,0.00015935156,26.090668,17.102142,0.8538381,31.009201,57.667328,10,1,359,12,0,0.4999999999999999,-0.8660254037844387,-2.4492935982947064e-16,1.0,summer,71.621765,0.15935156,57.537865,2024,,189.02701,78.339645,69.71168,275.2064618300389,317.3474022980407,0.8528246,1.4903569,1.1515286,1.033591535,0.18243941144497625,26.754608,26.04837,25.968445,25.275185958333335,1.5697845481716237
2024-12-24 11:00:00,55519.81,0.5682051,0.39762414,0.574947,99758.49,0.00014723929,25.496307,17.265015,0.6935142,34.983932,60.356426,11,1,359,12,0,0.258819045102521,-0.9659258262890682,-2.4492935982947064e-16,1.0,summer,15.422169,0.1472393,57.4947,2024,,71.621765,17.589294,14.8073435,274.92655016337227,317.5315048349933,0.8538381,1.3505113,0.97304744,1.0070699183333331,0.15774640967856607,26.090668,25.497986,25.516174,25.276948375,1.5707138226033404
2024-12-24 12:00:00,3953.7124,0.46436524,0.33330572,0.5889289,99797.914,0.00014487932,25.097656,17.333282,0.5716011,35.669506,62.07391,12,1,359,12,0,1.2246467991473532e-16,-1.0,-2.4492935982947064e-16,1.0,summer,1.0982535,0.14487933,58.892887,2024,,15.422169,1.4297775,0.78815365,274.83625328837223,317.60816477927165,0.6935142,1.209642,0.8153291,0.9796950391666668,0.1524738572406144,25.496307,25.078522,25.205444,25.276878416666666,1.5707035870857333
2024-12-24 13:00:00,12.782081,0.4223255,0.2465101,0.58902353,99817.98,0.00015656774,24.700623,17.417633,0.48900518,30.271978,63.903397,13,1,359,12,0,-0.2588190451025208,-0.9659258262890684,-2.4492935982947064e-16,1.0,summer,0.003550578,0.15656774,58.90235,2024,,1.0982535,0.0053736432,0.00043421137,274.82243978837226,317.6205798171723,0.5716011,1.102683,0.69962204,0.9531100016666666,0.16568869335059283,25.097656,24.715027,24.911072,25.277675666666667,1.5706033816609855
2024-12-24 14:00:00,0.0,0.4228444,0.16355358,0.6033028,99811.28,0.000179328,24.317932,17.475494,0.4533731,21.146158,65.62469,14,1,359,12,0,-0.4999999999999997,-0.8660254037844388,-2.4492935982947064e-16,1.0,summer,0.0,0.179328,60.330276,2024,,0.003550578,0.0,0.0,274.82236382732225,317.6206483992698,0.48900518,1.0449834,0.6370692,0.9275400925,0.1875172582139866,24.700623,24.351685,24.633972,25.277075500000006,1.5708304672917708
2024-12-24 15:00:00,0.0,0.46191832,0.08353585,0.6069141,99788.33,0.00019568152,24.012299,17.51944,0.4694111,10.25089,67.02615,15,1,359,12,0,-0.7071067811865471,-0.7071067811865479,-2.4492935982947064e-16,1.0,summer,0.0,0.19568153,60.69141,2024,,0.0,0.0,0.0,274.82236382732225,317.6206483992698,0.4533731,1.0328876,0.6343696,0.9028896633333333,0.20905590758909165,24.317932,24.03714,24.361755,25.275669124999997,1.5717098611700981
2024-12-24 16:00:00,0.0,0.52162987,0.017842377,0.61011344,99755.5,0.00020166258,23.731445,17.521729,0.5219349,1.9590411,68.17863,16,1,359,12,0,-0.8660254037844384,-0.5000000000000004,-2.4492935982947064e-16,1.0,summer,0.0,0.20166259,61.011345,2024,,0.0,0.0,0.0,274.82236382732225,317.6206483992698,0.4694111,1.0555986,0.6686958,0.8794114758333333,0.22486472859929674,24.012299,23.737946,24.099182,25.274634083333336,1.572568895081407
2024-12-24 17:00:00,0.0,0.5772168,-0.026727749,0.61877304,99722.28,0.00020893695,23.49408,17.531403,0.57783526,-2.65116,69.20383,17,1,359,12,0,-0.9659258262890684,-0.2588190451025206,-2.4492935982947064e-16,1.0,summer,0.0,0.20893694,61.877304,2024,,0.0,0.0,0.0,274.82236382732225,317.6206483992698,0.5219349,1.087584,0.7124668,0.8571754883333332,0.23292622661616688,23.731445,23.447083,23.858032,25.27436320833333,1.5728456336178365
2024-12-24 18:00:00,0.00639984,0.6093536,-0.039034035,0.6249945,99707.72,0.00021935387,23.292786,17.53418,0.61060256,-3.665251,70.06267,18,1,359,12,0,-1.0,-1.8369701987210292e-16,-2.4492935982947064e-16,1.0,summer,1.7777334e-06,0.21935387,62.49945,2024,,0.0,1.7777334e-06,4.6221066e-05,274.82236382732225,317.6206483992698,0.57783526,1.1100637,0.7427536,0.8359359574999999,0.2342399808897485,23.49408,23.23761,23.668,25.276321416666665,1.5704992451526467
2024-12-24 19:00:00,1450.3462,0.60083,-0.032380976,0.62053084,99716.98,0.00022210207,23.11084,17.543701,0.601702,-3.0848992,70.880646,19,1,359,12,0,-0.9659258262890684,0.2588190451025203,-2.4492935982947064e-16,1.0,summer,0.40287393,0.22210208,62.053085,2024,,1.7777334e-06,0.332813,0.5220176,274.82236382732225,317.6206483992698,0.61060256,1.0970736,0.74077547,0.8151250766666668,0.2309910005250204,23.292786,23.04361,23.5018,25.27862041666667,1.5674224601399325
2024-12-24 20:00:00,32663.188,0.53173125,-0.014473174,0.6194781,99754.305,0.00022647544,23.15326,17.608887,0.5319282,-1.5591468,70.99042,20,1,359,12,0,-0.8660254037844386,0.5000000000000001,-2.4492935982947064e-16,1.0,summer,9.073108,0.22647545,61.94781,2024,,0.40287393,8.408889,9.403006,274.8252830327389,317.6180162298984,0.601702,1.0540525,0.7053367,0.7944845933333333,0.22679593432749764,23.11084,23.021393,23.470886,25.28142166666667,1.5633091285296234
2024-12-24 21:00:00,186327.23,0.41738513,-0.00048118914,0.6126525,99806.27,0.00022216447,23.6091,17.710724,0.41738543,-0.06605433,69.50735,21,1,359,12,0,-0.7071067811865477,0.7071067811865474,-2.4492935982947064e-16,1.0,summer,51.757565,0.22216447,61.265247,2024,,9.073108,51.62564,50.135147,274.85295882440556,317.59382061397673,0.5319282,1.0079216,0.6340106,0.7727294141666666,0.22585475881706768,23.15326,23.3302,23.687927,25.286916125,1.5552314645078498
2024-12-24 22:00:00,539090.5,0.39445367,-0.06309525,0.6154997,99848.66,0.00021510597,24.609924,17.834991,0.39946803,-9.087821,65.965706,22,1,359,12,0,-0.5000000000000004,0.8660254037844384,-2.4492935982947064e-16,1.0,summer,149.74736,0.21510598,61.54997,2024,,51.757565,150.21309,143.30232,274.85845569940557,317.5897901567204,0.41738543,0.90405977,0.42238045,0.7481237404166666,0.2312218960894016,23.6091,24.150146,24.353455,25.298536958333333,1.5409514394846873
2024-12-24 23:00:00,1067140.6,0.32033673,-0.1250498,0.6156264,99894.945,0.00020938434,25.291443,17.827576,0.34387943,-21.324175,63.305862,23,1,359,12,0,-0.2588190451025215,0.965925826289068,-2.4492935982947064e-16,1.0,summer,296.42795,0.20938434,61.56264,2024,,149.74736,301.02493,288.07825,274.8390502827389,317.5977515191358,0.39946803,0.7822824,0.33874965,0.7270990845833333,0.23922864192807064,24.609924,24.77127,24.857605,25.317694375,1.528864293577178
2024-12-25 00:00:00,1670840.8,0.3548163,-0.19681248,0.5925517,99914.47,0.00020469239,25.819672,17.780884,0.40574592,-29.016624,61.168957,0,2,360,12,0,0.0,1.0,-2.4492935982947064e-16,1.0,summer,464.12244,0.2046924,59.255173,2024,,296.42795,469.37552,454.38486,274.6475094494056,317.5826582232467,0.34387943,0.70379823,0.32438713,0.7088322941666667,0.2512665120612515,25.291443,25.351929,25.378723,25.339368250000003,1.5244619010817493
2024-12-25 01:00:00,2224919.8,0.48835292,-0.2076933,0.5994713,99904.32,0.00020288742,26.381622,17.673248,0.53068364,-23.03973,58.767433,1,2,360,12,0,0.2588190451025207,0.9659258262890684,-2.4492935982947064e-16,1.0,summer,618.03326,0.20288742,59.94713,2024,,464.12244,630.09644,606.0908,274.4286311160722,317.4443964952976,0.40574592,0.7147779,0.3817562,0.6964134479166666,0.25877943642767365,25.819672,25.948639,25.899017,25.358857541666666,1.5276161019082608
2024-12-25 02:00:00,2643256.5,0.6327273,-0.14594772,0.59878945,99872.52,0.00019961514,26.933228,17.53238,0.64934164,-12.988918,56.38364,2,2,360,12,0,0.4999999999999999,0.8660254037844387,-2.4492935982947064e-16,1.0,summer,734.2379,0.19961514,59.878944,2024,,618.03326,750.8381,724.1961,273.9259986160722,316.86578006769554,0.53068364,0.82191104,0.48448452,0.68874285375,0.26093088609195686,26.381622,26.525604,26.455261,25.3768985,1.5374095307563358
2024-12-25 03:00:00,2866994.5,0.73487693,-0.043041013,0.5933708,99824.99,0.00020285395,27.323334,17.385529,0.7361363,-3.3519278,54.597206,3,2,360,12,0,0.7071067811865476,0.7071067811865476,-2.4492935982947064e-16,1.0,summer,796.3874,0.20285395,59.33708,2024,,734.2379,821.2508,787.97473,273.23432361607223,315.79579474151865,0.64934164,0.940777,0.59912574,0.6815524620833333,0.25947532148089075,26.933228,26.892761,26.822968,25.393882833333333,1.5528257477472778
2024-12-25 04:00:00,2881922.2,0.80156356,0.08530983,0.591032,99767.3,0.00020458325,27.631073,17.252472,0.80609053,6.07508,53.172134,4,2,360,12,0,0.8660254037844386,0.5000000000000001,-2.4492935982947064e-16,1.0,summer,800.53394,0.20458326,59.103203,2024,,796.3874,826.3066,796.3218,272.1983486160722,313.9552693519535,0.7361363,1.047732,0.7169995,0.67302576625,0.25388873819781993,27.323334,27.231201,27.085602,25.411823375,1.5732489341035416
2024-12-25 05:00:00,2682689.8,0.8355893,0.22424322,0.6003889,99708.43,0.00021210517,27.793243,17.11145,0.86515576,15.022244,52.20193,5,2,360,12,0,0.9659258262890684,0.2588190451025207,-2.4492935982947064e-16,1.0,summer,745.1916,0.21210517,60.038887,2024,,800.53394,775.8968,750.8838,271.12448778273887,312.01566454265196,0.80609053,1.1232706,0.81439716,0.6629573716666667,0.24293824854116847,27.631073,27.437653,27.30075,25.428484708333333,1.5953172282892767
2024-12-25 06:00:00,2320647.2,0.8176485,0.36133492,0.5963203,99662.766,0.0002192175,27.828522,17.020538,0.8939306,23.841576,51.795124,6,2,360,12,0,1.0,6.123233995736766e-17,-2.4492935982947064e-16,1.0,summer,644.6242,0.21921751,59.632027,2024,,745.1916,670.7698,648.55707,269.84510444940554,309.9117742017079,0.86515576,1.1541983,0.8614381,0.6522025866666666,0.22685532454908403,27.793243,27.473572,27.291016,25.443300958333335,1.6163015807377223
2024-12-25 07:00:00,1799272.5,0.7324908,0.4719977,0.61435235,99643.195,0.00024413023,27.730927,17.0177,0.8713923,32.79666,52.082138,7,2,360,12,0,0.9659258262890684,-0.2588190451025206,-2.4492935982947064e-16,1.0,summer,499.7979,0.24413024,61.435234,2024,,644.6242,514.22406,508.30624,268.7557044494055,308.4838347597815,0.8939306,1.1121286,0.85000116,0.6413580991666666,0.20718265904016975,27.828522,27.379303,27.225983,25.458090541666667,1.6371759586445565
2024-12-25 08:00:00,1205857.2,0.5789026,0.54620314,0.60711366,99653.836,0.00023384635,27.473328,16.978394,0.7959058,43.335255,52.74191,8,2,360,12,0,0.8660254037844387,-0.4999999999999998,-2.4492935982947064e-16,1.0,summer,334.96036,0.23384635,60.711365,2024,,499.7979,348.2005,344.66306,268.1546144494055,307.9984095253906,0.8713923,1.0050782,0.776034,0.63132742,0.18837326119552728,27.730927,27.141205,27.007416,25.472741541666664,1.6565747055034095
2024-12-25 09:00:00,650718.1,0.37476158,0.6152016,0.62098974,99689.35,0.00021630133,27.078644,17.067139,0.72036046,58.651527,54.282265,9,2,360,12,0,0.7071067811865476,-0.7071067811865475,-2.4492935982947064e-16,1.0,summer,180.75504,0.21630132,62.098972,2024,,334.96036,189.02701,189.0391,267.60294194940553,307.8606281107942,0.7959058,0.8528246,0.65340686,0.6226119033333334,0.1746694417592852,27.473328,26.754608,26.657288,25.486580000000004,1.6724298147123362
2024-12-25 10:00:00,248170.05,0.2336359,0.730646,0.6300208,99734.39,0.00021478497,26.32315,17.226196,0.76709145,72.26748,57.32834,10,2,360,12,0,0.4999999999999999,-0.8660254037844387,-2.4492935982947064e-16,1.0,summer,68.93613,0.21478498,63.00208,2024,,180.75504,71.621765,73.42044,267.2582765327389,307.9570379245528,0.72036046,0.8538381,0.48874086,0.6170925641666667,0.16908221558850606,27.078644,26.090668,26.108429,25.500081499999997,1.6843769581896972
2024-12-25 11:00:00,58828.723,-0.014489213,0.6853741,0.6265755,99790.2,0.00021866233,25.781097,17.385803,0.6855272,91.21108,59.799076,11,2,360,12,0,0.258819045102521,-0.9659258262890682,-2.4492935982947064e-16,1.0,summer,16.341312,0.21866234,62.657555,2024,,68.93613,15.422169,16.525373,267.1463750744055,308.03169546127975,0.76709145,0.6935142,0.35100478,0.6134781204166667,0.16467094667041762,26.32315,25.496307,25.628632,25.509768250000004,1.6885842964646955
2024-12-25 12:00:00,4866.5728,-0.17176932,0.61948264,0.622632,99834.83,0.00022855897,25.349426,17.511292,0.64285564,105.49756,61.8415,12,2,360,12,0,1.2246467991473532e-16,-1.0,-2.4492935982947064e-16,1.0,summer,1.3518257,0.22855897,62.263203,2024,,16.341312,1.0982535,1.1897764,267.18467269940555,307.99909323273044,0.6855272,0.5716011,0.2243368,0.61314532875,0.16451015739822214,25.781097,25.097656,25.276733,25.5216345,1.6894860036494783
2024-12-25 13:00:00,15.012424,-0.25111166,0.5332902,0.63150674,99856.37,0.00024218924,24.981262,17.593689,0.5894536,115.21446,63.543373,13,2,360,12,0,-0.2588190451025208,-0.9659258262890684,-2.4492935982947064e-16,1.0,summer,0.004170118,0.24218924,63.150673,2024,,1.3518257,0.003550578,0.0015217396,267.1952382077389,307.98957282763047,0.64285564,0.48900518,0.12586993,0.6161142679166667,0.16437071603448383,25.349426,24.700623,24.979095,25.532124916666664,1.6875194662572912
2024-12-25 14:00:00,0.0,-0.2661782,0.44393334,0.6278878,99856.94,0.00025469202,24.657715,17.667328,0.5176173,120.9465,65.08573,14,2,360,12,0,-0.4999999999999997,-0.8660254037844388,-2.4492935982947064e-16,1.0,summer,0.0,0.25469202,62.78878,2024,,0.004170118,0.0,0.0,267.19526402190553,307.9895494592842,0.5894536,0.4533731,0.04965343,0.62029961875,0.16225871742739836,24.981262,24.317932,24.684174,25.54381820833333,1.6824720134476503
2024-12-25 15:00:00,0.0,-0.22325729,0.3616915,0.64380825,99831.53,0.00026579783,24.381927,17.69522,0.42504656,121.685326,66.28631,15,2,360,12,0,-0.7071067811865471,-0.7071067811865479,-2.4492935982947064e-16,1.0,summer,0.0,0.26579782,64.38082,2024,,0.0,0.0,0.0,267.19526402190553,307.9895494592842,0.5176173,0.4694111,0.058463246,0.6229764604166667,0.15989789216569142,24.657715,24.012299,24.380005,25.557975833333334,1.673111513325795
2024-12-25 16:00:00,0.0,-0.15271012,0.28810647,0.6394848,99792.55,0.00027384725,24.159271,17.744507,0.32607624,117.925705,67.387024,16,2,360,12,0,-0.8660254037844384,-0.5000000000000004,-2.4492935982947064e-16,1.0,summer,0.0,0.27384725,63.948483,2024,,0.0,0.0,0.0,267.19526402190553,307.9895494592842,0.42504656,0.5219349,0.13717222,0.6211279379166667,0.16199310812586215,24.381927,23.731445,24.103271,25.573377000000004,1.6599139633464104
2024-12-25 17:00:00,0.0,-0.078712195,0.2386435,0.6465641,99751.95,0.00027872264,23.898773,17.748932,0.25128934,108.25419,68.46971,17,2,360,12,0,-0.9659258262890684,-0.2588190451025206,-2.4492935982947064e-16,1.0,summer,0.0,0.27872264,64.65641,2024,,0.0,0.0,0.0,267.19526402190553,307.9895494592842,0.32607624,0.57783526,0.20394592,0.6129671604166667,0.1718415004758309,24.159271,23.49408,23.821228,25.591203083333337,1.641467877502492
2024-12-25 18:00:00,0.00639984,-0.017642919,0.22362566,0.65663016,99730.84,0.00028519865,23.71521,17.76889,0.22432055,94.511,69.317894,18,2,360,12,0,-1.0,-1.8369701987210292e-16,-2.4492935982947064e-16,1.0,summer,1.7777334e-06,0.28519866,65.66302,2024,,0.0,1.7777334e-06,3.2888067e-05,267.19526402190553,307.9895494592842,0.25128934,0.61060256,0.24591385,0.5993610804166666,0.1870029196489527,23.898773,23.292786,23.65747,25.608065291666666,1.6209384906216613
2024-12-25 19:00:00,1593.2097,0.021491747,0.22339275,0.653241,99740.38,0.00027519814,23.56665,17.749481,0.2244242,84.50471,69.85605,19,2,360,12,0,-0.9659258262890684,0.2588190451025203,-2.4492935982947064e-16,1.0,summer,0.44255826,0.27519813,65.3241,2024,,1.7777334e-06,0.40287393,0.46490616,267.19526402190553,307.9895494592842,0.22432055,0.601702,0.25465775,0.5832659966666666,0.20201419475592017,23.71521,23.11084,23.510406,25.625666291666665,1.5968189090468297
2024-12-25 20:00:00,32405.865,0.029148953,0.21982941,0.6532374,99777.72,0.00026174315,23.568573,17.783752,0.22175354,82.446754,69.999,20,2,360,12,0,-0.8660254037844386,0.5000000000000001,-2.4492935982947064e-16,1.0,summer,9.001629,0.26174316,65.32374,2024,,0.44255826,9.073108,9.301352,267.19691753565553,307.9880549494669,0.2244242,0.5319282,0.2232196,0.5675460883333333,0.2147921825443889,23.56665,23.15326,23.47113,25.644658374999995,1.5680595108666453
2024-12-25 21:00:00,175709.38,0.013310898,0.18683532,0.6606372,99833.09,0.00025799486,23.859344,17.862427,0.18730888,85.92491,69.12499,21,2,360,12,0,-0.7071067811865477,0.7071067811865474,-2.4492935982947064e-16,1.0,summer,48.80816,0.25799486,66.06372,2024,,9.001629,51.757565,49.347996,267.1939392439889,307.99065990677946,0.22175354,0.41738543,0.12913044,0.5546221441666667,0.2260642320434415,23.568573,23.6091,23.758972,25.661963083333333,1.5414352745898683
2024-12-25 22:00:00,510950.84,0.2936514,0.19457932,0.65363276,99880.86,0.00025262477,24.685455,18.038391,0.3522673,33.529255,66.514465,22,2,360,12,0,-0.5000000000000004,0.8660254037844384,-2.4492935982947064e-16,1.0,summer,141.93079,0.25262478,65.36327,2024,,48.80816,149.74736,144.34647,267.0710473689889,308.0809341952637,0.18730888,0.39946803,0.17894958,0.54503562125,0.23676215688124433,23.859344,24.609924,24.63556,25.672389916666663,1.5277306514886488
2024-12-25 23:00:00,1017027.4,0.32079688,0.1943323,0.65601,99925.81,0.00025040118,25.235443,18.040436,0.37506756,31.206638,64.37425,23,2,360,12,0,-0.2588190451025215,0.965925826289068,-2.4492935982947064e-16,1.0,summer,282.5076,0.25040117,65.601,2024,,141.93079,296.42795,295.74048,266.7453569523222,308.2144592826763,0.3522673,0.34387943,0.094247386,0.5430689241666666,0.23821548592850655,24.685455,25.291443,25.233795,25.67553704166667,1.5255230136723528
2024-12-26 00:00:00,1571791.6,0.40253857,0.16105813,0.6611442,99945.34,0.00024474744,25.712646,18.039368,0.43356317,21.806648,62.568752,0,3,361,12,0,0.0,1.0,-2.4492935982947064e-16,1.0,summer,436.6088,0.24474744,66.11442,2024,,282.5076,464.12244,465.45026,266.1653423689889,308.1692670765069,0.37506756,0.40574592,0.045077793,0.5443684295833333,0.23716437911317495,25.235443,25.819672,25.787537,25.673203708333332,1.526178725738291
2024-12-26 01:00:00,2091169.5,0.54116315,0.12189724,0.65576553,99937.11,0.0002446838,26.208984,17.935547,0.554722,12.694041,60.359676,1,3,361,12,0,0.2588190451025207,0.9659258262890684,-2.4492935982947064e-16,1.0,summer,580.88043,0.24468379,65.57655,2024,,436.6088,618.03326,623.68414,265.0189407023222,307.4511804996754,0.43356317,0.53068364,0.046871092,0.5455274816666668,0.2365245686576445,25.712646,26.381622,26.322906,25.668744291666666,1.5258884799838626
2024-12-26 02:00:00,2506510.0,0.69579893,0.10054268,0.65220773,99903.37,0.00025284136,26.681824,17.793182,0.7030256,8.222305,58.173824,2,3,361,12,0,0.4999999999999999,0.8660254037844387,-2.4492935982947064e-16,1.0,summer,696.2528,0.25284135,65.22077,2024,,580.88043,734.2379,746.47864,263.4709061189889,305.68491236617336,0.554722,0.64934164,0.18090706,0.54652908,0.23650987377682595,26.208984,26.933228,26.835297,25.661551041666666,1.522785527079723
2024-12-26 03:00:00,2715355.8,0.86457604,0.110724404,0.6509552,99851.7,0.0002518382,27.010773,17.646637,0.87163734,7.298022,56.533283,3,3,361,12,0,0.7071067811865476,0.7071067811865476,-2.4492935982947064e-16,1.0,summer,754.2655,0.2518382,65.09552,2024,,696.2528,796.3874,815.5828,261.8881936189889,303.22997410934437,0.7030256,0.7361363,0.3579218,0.5487659116666667,0.23777499643269126,26.681824,27.323334,27.17746,25.651075875,1.5144995390710787
2024-12-26 04:00:00,2750053.8,1.0371156,0.15568376,0.6491396,99789.66,0.0002636233,27.272247,17.477905,1.0487355,8.537056,55.08172,4,3,361,12,0,0.8660254037844386,0.5000000000000001,-2.4492935982947064e-16,1.0,summer,763.9038,0.2636233,64.913956,2024,,754.2655,800.53394,820.72,260.1331144523222,300.107638552952,0.87163734,0.80609053,0.52813256,0.5544117883333334,0.24394610060481667,27.010773,27.631073,27.460388,25.638052499999997,1.5007760611917251
2024-12-26 05:00:00,2541175.8,1.2022045,0.23991695,0.6552889,99726.805,0.0002734463,27.424133,17.431427,1.2259102,11.28592,54.43312,5,3,361,12,0,0.9659258262890684,0.2588190451025207,-2.4492935982947064e-16,1.0,summer,705.88214,0.2734463,65.528885,2024,,763.9038,745.1916,767.0185,258.6068586189889,297.32003127283195,1.0487355,0.86515576,0.68190646,0.5645219954166666,0.25937078143421877,27.272247,27.793243,27.58963,25.623101416666668,1.4817242920715512
2024-12-26 06:00:00,2176768.5,1.3250593,0.3416842,0.65519655,99675.695,0.00026854587,27.41098,17.39096,1.3684043,14.459486,54.335964,6,3,361,12,0,1.0,6.123233995736766e-17,-2.4492935982947064e-16,1.0,summer,604.6579,0.26854587,65.51965,2024,,705.88214,644.6242,664.47076,256.96896445232227,294.61896578197974,1.2259102,0.8939306,0.80459493,0.5795534304166666,0.2865776085688472,27.424133,27.828522,27.591827,25.607721833333333,1.459975903641109
2024-12-26 07:00:00,1700817.4,1.3762965,0.44726732,0.66132385,99653.18,0.00028695114,27.299591,17.48468,1.447149,18.003067,55.016953,7,3,361,12,0,0.9659258262890684,-0.2588190451025206,-2.4492935982947064e-16,1.0,summer,472.44928,0.28695112,66.132385,2024,,604.6579,499.7979,513.5841,255.30370195232226,292.4374451755374,1.3684043,0.8713923,0.8993159,0.5993231679166667,0.3232301079018373,27.41098,27.730927,27.547394,25.59032425,1.434629237294962
2024-12-26 08:00:00,1130138.0,1.3348523,0.5537296,0.6516359,99662.234,0.00026763967,26.991241,17.383606,1.4451461,22.529875,55.66584,8,3,361,12,0,0.8660254037844387,-0.4999999999999998,-2.4492935982947064e-16,1.0,summer,313.92722,0.26763967,65.16359,2024,,472.44928,334.96036,346.6489,254.16417611898893,291.495080841929,1.447149,0.7959058,0.95682204,0.6233130304166666,0.36319607028951034,27.299591,27.473328,27.325684,25.572351916666666,1.4091219080553061
2024-12-26 09:00:00,616453.2,1.2000737,0.6596343,0.6573235,99698.38,0.00025326063,26.593872,17.46344,1.3694139,28.7959,57.27215,9,3,361,12,0,0.7071067811865476,-0.7071067811865475,-2.4492935982947064e-16,1.0,summer,171.237,0.25326064,65.732346,2024,,313.92722,180.75504,190.4968,253.28779528565556,291.2731390031649,1.4451461,0.72036046,0.9621951,0.6503647095833334,0.39902163806134655,26.991241,27.078644,26.996613,25.552264958333335,1.3840585748855716
2024-12-26 10:00:00,244187.4,1.2540389,0.7802758,0.6480013,99744.195,0.00023556058,25.947327,17.539185,1.4769711,31.890297,59.789097,10,3,361,12,0,0.4999999999999999,-0.8660254037844387,-2.4492935982947064e-16,1.0,summer,67.829834,0.23556058,64.80013,2024,,171.237,68.93613,74.82833,252.89121028565557,291.382649383127,1.3694139,0.76709145,0.9865047,0.6774086029166666,0.42511377284870117,26.593872,26.32315,26.393158,25.532066125,1.3642092408043343
2024-12-26 11:00:00,55670.844,1.135324,0.7338855,0.6550932,99797.95,0.0002256533,25.499756,17.718994,1.3518685,32.87906,62.099518,11,3,361,12,0,0.258819045102521,-0.9659258262890682,-2.4492935982947064e-16,1.0,summer,15.464124,0.2256533,65.50932,2024,,67.829834,16.341312,17.681314,252.8451146189889,291.4131015787058,1.4769711,0.6855272,0.86904144,0.7069869216666667,0.4552524232454372,25.947327,25.781097,25.885284,25.51640683333333,1.3568710871940965
2024-12-26 12:00:00,4032.3408,1.0814319,0.70108753,0.65332943,99843.58,0.00021754655,25.152985,17.832672,1.2888051,32.955162,63.850792,12,3,361,12,0,1.2246467991473532e-16,-1.0,-2.4492935982947064e-16,1.0,summer,1.1200947,0.21754655,65.33295,2024,,15.464124,1.3518257,1.5133137,252.8085651189889,291.4441073078509,1.3518685,0.64285564,0.7886472,0.7347511425,0.47382674174563,25.499756,25.349426,25.519379,25.504684291666667,1.3556997025662907
2024-12-26 13:00:00,14.762831,1.0786426,0.6832875,0.6576009,99870.34,0.00021670214,24.82483,17.895447,1.2768523,32.35302,65.37172,13,3,361,12,0,-0.2588190451025208,-0.9659258262890684,-2.4492935982947064e-16,1.0,summer,0.0041007865,0.21670215,65.760086,2024,,1.1200947,0.004170118,0.003234586,252.79890966065557,291.45280390902616,1.2888051,0.5894536,0.7126279,0.7616657033333333,0.48655472572357267,25.152985,24.981262,25.175446,25.496499250000003,1.3572699276286893
2024-12-26 14:00:00,0.0,1.1067878,0.6616334,0.6673398,99871.984,0.00022231955,24.499054,17.977844,1.289472,30.870815,67.00512,14,3,361,12,0,-0.4999999999999997,-0.8660254037844388,-2.4492935982947064e-16,1.0,summer,0.0,0.22231954,66.73398,2024,,0.0041007865,0.0,0.0,252.7989067718431,291.4528065236102,1.2768523,0.5176173,0.6450913,0.7903073158333335,0.49611484204780293,24.82483,24.657715,24.819794,25.48998125,1.360224224355987
2024-12-26 15:00:00,0.0,1.1816412,0.6428116,0.675204,99847.16,0.00023034033,24.190735,18.023224,1.3451701,28.546144,68.45081,15,3,361,12,0,-0.7071067811865471,-0.7071067811865479,-2.4492935982947064e-16,1.0,summer,0.0,0.23034033,67.5204,2024,,0.0,0.0,0.0,252.7989067718431,291.4528065236102,1.289472,0.42504656,0.57691175,0.8224679283333334,0.5026439121967151,24.499054,24.381927,24.526001,25.483370374999996,1.3648228018116768
2024-12-26 16:00:00,0.0,1.2797855,0.6379334,0.6861017,99809.66,0.00023855748,23.881042,18.03482,1.4299686,26.494831,69.78798,16,3,361,12,0,-0.8660254037844384,-0.5000000000000004,-2.4492935982947064e-16,1.0,summer,0.0,0.23855747,68.61017,2024,,0.0,0.0,0.0,252.7989067718431,291.4528065236102,1.3451701,0.32607624,0.5243171,0.8608064091666666,0.5060919505011819,24.190735,24.159271,24.229218,25.475404041666664,1.3720700808110011
2024-12-26 17:00:00,0.0,1.3703797,0.6454239,0.6753631,99770.58,0.0002458864,23.62564,18.052612,1.5147648,25.219582,70.949356,17,3,361,12,0,-0.9659258262890684,-0.2588190451025206,-2.4492935982947064e-16,1.0,summer,0.0,0.24588639,67.536316,2024,,0.0,0.0,0.0,252.7989067718431,291.4528065236102,1.4299686,0.25128934,0.49850482,0.9068019241666666,0.5055433401788968,23.881042,23.898773,24.010498,25.463811166666662,1.3847902637556615
2024-12-26 18:00:00,0.0,1.4524046,0.66490126,0.6780199,99748.625,0.00025542613,23.385956,18.056366,1.5973643,24.597994,72.00014,18,3,361,12,0,-1.0,-1.8369701987210292e-16,-2.4492935982947064e-16,1.0,summer,0.0,0.25542614,67.80199,2024,,0.0,1.7777334e-06,2.13328e-05,252.7989067718431,291.4528065236102,1.5147648,0.22432055,0.50991166,0.9594467349999999,0.5000700066724894,23.62564,23.71521,23.831665,25.452430625,1.3992580967284285
2024-12-26 19:00:00,1124.7446,1.5054456,0.6909892,0.6800534,99751.57,0.0002407474,23.17099,18.02768,1.6564518,24.654797,72.81043,19,3,361,12,0,-0.9659258262890684,0.2588190451025203,-2.4492935982947064e-16,1.0,summer,0.31242907,0.24074739,68.00534,2024,,0.0,0.44255826,0.39146268,252.79890669777083,291.4528065906521,1.5973643,0.2244242,0.51730275,1.01665689125,0.4907663275795413,23.385956,23.56665,23.65097,25.438711708333333,1.4185126772454177
2024-12-26 20:00:00,28115.277,1.5217631,0.70524216,0.66963345,99781.23,0.00023981777,23.056488,18.011383,1.6772386,24.864779,73.24171,20,3,361,12,0,-0.8660254037844386,0.5000000000000001,-2.4492935982947064e-16,1.0,summer,7.809799,0.23981777,66.96335,2024,,0.31242907,9.001629,9.099391,252.7934846481875,291.45770659569644,1.6564518,0.22175354,0.5100218,1.0763247079166667,0.477122054316731,23.17099,23.568573,23.65915,25.422225875,1.4432981986990043
2024-12-26 21:00:00,167527.97,1.5419737,0.7212587,0.67146397,99829.34,0.0002373814,23.19931,18.003326,1.702321,25.067858,72.574524,21,3,361,12,0,-0.7071067811865477,0.7071067811865474,-2.4492935982947064e-16,1.0,summer,46.535545,0.2373814,67.14639,2024,,7.809799,48.80816,51.10637,252.74382506485415,291.50114900587425,1.6772386,0.18730888,0.4842753,1.13696991875,0.4558023448816149,23.056488,23.859344,23.92862,25.400889000000003,1.4753228577683843
2024-12-26 22:00:00,502448.47,1.6966337,0.7630168,0.65809256,99875.11,0.0002240438,23.802673,18.016968,1.860312,24.21459,70.03931,22,3,361,12,0,-0.5000000000000004,0.8660254037844384,-2.4492935982947064e-16,1.0,summer,139.56902,0.2240438,65.80926,2024,,46.535545,141.93079,152.75304,252.64913277318752,291.5706373608193,1.702321,0.3522673,0.6147823,1.2000954237500001,0.42223590851894754,23.19931,24.685455,24.791656,25.373387583333336,1.511027875511978
2024-12-26 23:00:00,1009378.4,1.6960521,0.78524184,0.64653873,99921.69,0.0002140351,24.27655,17.948425,1.8690097,24.843296,67.77935,23,3,361,12,0,-0.2588190451025215,0.965925826289068,-2.4492935982947064e-16,1.0,summer,280.38287,0.2140351,64.65387,2024,,139.56902,282.5076,306.2794,252.55072568985418,291.61002615884485,1.860312,0.37506756,0.5492149,1.2629306195833334,0.40232086763356,23.802673,25.235443,25.349579,25.336605000000002,1.5389881288042957
2024-12-27 00:00:00,1584998.9,1.7308149,0.7627,0.648875,99942.87,0.00020072414,24.726654,17.880249,1.89141,23.781145,65.69362,0,4,362,12,0,0.0,1.0,-2.4492935982947064e-16,1.0,summer,440.27747,0.20072414,64.8875,2024,,280.38287,436.6088,484.54175,252.4621952731875,291.60085845817787,1.8690097,0.43356317,0.51238704,1.32517820875,0.37351820832428884,24.27655,25.712646,25.875061,25.296651124999997,1.5541013614127503
2024-12-27 01:00:00,2105023.5,1.8296607,0.7083239,0.6543702,99935.41,0.00019257239,25.204407,17.796783,1.9619839,21.163115,63.511623,1,4,362,12,0,0.2588190451025207,0.9659258262890684,-2.4492935982947064e-16,1.0,summer,584.72876,0.19257239,65.43702,2024,,440.27747,580.88043,641.1006,252.61505652318752,291.70253159700786,1.89141,0.554722,0.5311443,1.3859218266666666,0.3391774428589323,24.726654,26.208984,26.409424,25.255568125,1.5556579962899684
2024-12-27 02:00:00,2496728.5,1.9699332,0.67245406,0.6507932,99905.1,0.00019024756,25.72992,17.69284,2.0815454,18.84779,61.1552,2,4,362,12,0,0.4999999999999999,0.8660254037844387,-2.4492935982947064e-16,1.0,summer,693.5357,0.19024757,65.07932,2024,,584.72876,696.2528,762.47394,252.77540360652083,291.8918187905074,1.9619839,0.7030256,0.5723097,1.4445577391666669,0.30958520938217843,25.204407,26.681824,26.946869,25.21371075,1.5423474219018287
2024-12-27 03:00:00,2720250.2,2.1198719,0.65908754,0.6514179,99856.88,0.00019545165,26.069733,17.661072,2.219967,17.270947,59.815525,3,4,362,12,0,0.7071067811865476,0.7071067811865476,-2.4492935982947064e-16,1.0,summer,755.62506,0.19545165,65.14179,2024,,693.5357,754.2655,828.04846,252.66219110652082,291.7128061551027,2.0815454,0.87163734,0.6360763,1.5019960641666665,0.29348672596559905,25.72992,27.010773,27.28476,25.174048083333336,1.5149483924399407
2024-12-27 04:00:00,2766275.5,2.2620301,0.6796744,0.65361655,99797.32,0.00020780457,26.36267,17.575775,2.3619351,16.723997,58.472504,4,4,362,12,0,0.8660254037844386,0.5000000000000001,-2.4492935982947064e-16,1.0,summer,768.40985,0.20780456,65.36166,2024,,755.62506,763.9038,836.8037,252.71883943985418,291.81456293920695,2.219967,1.0487355,0.71873736,1.5581764666666666,0.29660931571468857,26.069733,27.272247,27.628876,25.13483808333333,1.4770471924761301
2024-12-27 05:00:00,2559450.8,2.366951,0.72111386,0.6575669,99737.63,0.00022525724,26.565521,17.496704,2.474361,16.94385,57.488678,5,4,362,12,0,0.9659258262890684,0.2588190451025207,-2.4492935982947064e-16,1.0,summer,710.95856,0.22525725,65.75669,2024,,768.40985,705.88214,783.92,252.90659152318753,292.1590029231105,2.3619351,1.2259102,0.80634123,1.6128931166666665,0.31883735400651086,26.36267,27.424133,27.755829,25.096939041666662,1.4307637918312883
2024-12-27 06:00:00,2206345.0,2.4124365,0.7678841,0.6634269,99688.22,0.00022989989,26.54892,17.434479,2.5316982,17.656391,57.319225,6,4,362,12,0,1.0,6.123233995736766e-17,-2.4492935982947064e-16,1.0,summer,612.8736,0.22989988,66.34269,2024,,710.95856,604.6579,670.6557,253.1181090231875,292.5028422978623,2.474361,1.3684043,0.8680911,1.6649119,0.35297155850950285,26.565521,27.41098,27.751434,25.061163541666662,1.3798730190380173
2024-12-27 07:00:00,1692377.9,2.38183,0.80453783,0.67337495,99665.4,0.00023695607,26.47403,17.420502,2.5140395,18.664011,57.522285,7,4,362,12,0,0.9659258262890684,-0.2588190451025206,-2.4492935982947064e-16,1.0,summer,470.10498,0.23695607,67.337494,2024,,612.8736,472.44928,526.88116,253.46042985652082,292.9366283706087,2.5316982,1.447149,0.875835,1.7133824791666667,0.38856264615039976,26.54892,27.299591,27.620422,25.025244375,1.326223094781497
2024-12-27 08:00:00,1145305.2,2.253214,0.8220976,0.6713876,99676.234,0.00023344766,26.165588,17.51242,2.3985033,20.044777,58.92167,8,4,362,12,0,0.8660254037844387,-0.4999999999999998,-2.4492935982947064e-16,1.0,summer,318.14035,0.23344766,67.13876,2024,,470.10498,313.92722,353.5922,253.36275068985415,292.8608131472117,2.5140395,1.4451461,0.8338818,1.7578362500000002,0.41678403767561817,26.47403,26.991241,27.355804,24.990846,1.2743606460688413
2024-12-27 09:00:00,616912.8,2.0344467,0.7943109,0.664728,99715.88,0.0002234436,25.813385,17.493927,2.1840107,21.327211,60.093834,9,4,362,12,0,0.7071067811865476,-0.7071067811865475,-2.4492935982947064e-16,1.0,summer,171.36467,0.2234436,66.4728,2024,,318.14035,171.237,188.09567,253.5382977731875,292.8999553196295,2.3985033,1.3694139,0.7293342,1.7975594666666665,0.4308794953015172,26.165588,26.593872,26.990295,24.95644379166666,1.228323718444557
2024-12-27 10:00:00,247804.22,1.8780197,0.7627782,0.6647365,99771.93,0.00021272208,25.338348,17.568604,2.0270147,22.105066,62.106632,10,4,362,12,0,0.4999999999999999,-0.8660254037844387,-2.4492935982947064e-16,1.0,summer,68.8345,0.21272208,66.47365,2024,,171.36467,67.829834,72.338486,253.54361735652083,292.8983967485213,2.1840107,1.4769711,0.6650811,1.831501,0.4277596578783016,25.813385,25.947327,26.46811,24.9239235,1.192908685779035
2024-12-27 11:00:00,56943.895,1.7165182,0.63148934,0.6670724,99833.68,0.00021424731,24.984161,17.654785,1.8289925,20.19805,63.777786,11,4,362,12,0,0.258819045102521,-0.9659258262890682,-2.4492935982947064e-16,1.0,summer,15.817748,0.21424732,66.707245,2024,,68.8345,15.464124,15.713491,253.58547843985414,292.87077098657807,2.0270147,1.3518685,0.5950855,1.8544194833333334,0.422643310642116,25.338348,25.499756,25.913147,24.898549374999998,1.1765582947748898
2024-12-27 12:00:00,3904.9055,1.5963972,0.53322566,0.6671161,99880.58,0.0002237296,24.678833,17.670624,1.6830964,18.470255,65.01707,12,4,362,12,0,1.2246467991473532e-16,-1.0,-2.4492935982947064e-16,1.0,summer,1.0846959,0.2237296,66.71161,2024,,15.817748,1.1200947,1.0179452,253.6002127731875,292.8582788615403,1.8289925,1.2888051,0.5355278,1.87429965,0.40897715470871204,24.984161,25.152985,25.512085,24.87706625,1.1697911377239085
2024-12-27 13:00:00,7.3438163,1.5161203,0.44685322,0.67421526,99902.94,0.00023406054,24.376282,17.719025,1.5806006,16.422073,66.408356,13,4,362,12,0,-0.2588190451025208,-0.9659258262890684,-2.4492935982947064e-16,1.0,summer,0.002039949,0.23406054,67.421524,2024,,1.0846959,0.0041007865,0.002723932,253.59873782318752,292.8596058238098,1.6830964,1.2768523,0.48177966,1.8907284541666665,0.39200212293525,24.678833,24.82483,25.12854,24.857309916666665,1.1689322105438964
2024-12-27 14:00:00,0.0,1.4806278,0.3589257,0.6716561,99901.4,0.0002468918,24.072968,17.804657,1.5235112,13.62647,67.994606,14,4,362,12,0,-0.4999999999999997,-0.8660254037844388,-2.4492935982947064e-16,1.0,summer,0.0,0.24689181,67.1656,2024,,0.002039949,0.0,0.0,253.5986519549583,292.85968341244944,1.5806006,1.289472,0.4436817,1.9033846333333333,0.3758932168698316,24.376282,24.499054,24.807556,24.838620416666668,1.1730526428986074
2024-12-27 15:00:00,0.0,1.4788386,0.27942583,0.66888916,99872.87,0.0002573273,23.770447,17.795471,1.5050057,10.699864,69.203445,15,4,362,12,0,-0.7071067811865471,-0.7071067811865479,-2.4492935982947064e-16,1.0,summer,0.0,0.25732732,66.888916,2024,,0.0,0.0,0.0,253.5986519549583,292.85968341244944,1.5235112,1.3451701,0.41994128,1.913136266666667,0.36205537534443527,24.072968,24.190735,24.503204,24.820866833333337,1.1816083601852825
2024-12-27 16:00:00,0.0,1.500839,0.21521601,0.6720853,99832.72,0.0002669313,23.489105,17.805542,1.5161911,8.16042,70.432106,16,4,362,12,0,-0.8660254037844384,-0.5000000000000004,-2.4492935982947064e-16,1.0,summer,0.0,0.26693133,67.20853,2024,,0.0,0.0,0.0,253.5986519549583,292.85968341244944,1.5050057,1.4299686,0.42886397,1.9197960833333332,0.3524975916007892,23.770447,23.881042,24.188782,24.803354833333334,1.194398464267023
2024-12-27 17:00:00,0.0,1.5189643,0.17459822,0.66637695,99792.74,0.0002776103,23.249939,17.791168,1.528966,6.5571184,71.39248,17,4,362,12,0,-0.9659258262890684,-0.2588190451025206,-2.4492935982947064e-16,1.0,summer,0.0,0.2776103,66.637695,2024,,0.0,0.0,0.0,253.5986519549583,292.85968341244944,1.5161911,1.5147648,0.469408,1.9233886875000001,0.3476949533696276,23.489105,23.62564,23.928284,24.787024125000002,1.210133085678783
2024-12-27 18:00:00,0.0,1.5135573,0.14883788,0.6629984,99768.0,0.0002825436,23.042908,17.813446,1.5208578,5.6162076,72.3941,18,4,362,12,0,-1.0,-1.8369701987210292e-16,-2.4492935982947064e-16,1.0,summer,0.0,0.2825436,66.299835,2024,,0.0,0.0,1.06664e-05,253.5986519549583,292.85968341244944,1.528966,1.5973643,0.51506865,1.9239804041666666,0.34698066138711126,23.249939,23.385956,23.708923,24.771369916666668,1.2281064295017619
2024-12-27 19:00:00,1395.1204,1.4713719,0.13222419,0.66343725,99770.74,0.00028564179,22.889801,17.798584,1.4773011,5.1350665,73.00048,19,4,362,12,0,-0.9659258262890684,0.2588190451025203,-2.4492935982947064e-16,1.0,summer,0.38753343,0.2856418,66.34373,2024,,0.0,0.31242907,0.43832457,253.5986519549583,292.85968341244944,1.5208578,1.6564518,0.53998727,1.9207926333333332,0.3504459392013518,23.042908,23.17099,23.551483,24.75707625,1.2467862986465403
2024-12-27 20:00:00,29390.414,1.3936999,0.115432024,0.6642266,99797.97,0.0002798319,22.845886,17.793304,1.398472,4.7346683,73.1708,20,4,362,12,0,-0.8660254037844386,0.5000000000000001,-2.4492935982947064e-16,1.0,summer,8.164004,0.27983192,66.42266,2024,,0.38753343,7.809799,9.419832,253.60178130329166,292.856859640131,1.4773011,1.6772386,0.53496826,1.9133280208333332,0.3581447101490938,22.889801,23.056488,23.5159,24.745360041666668,1.2635474993437734
2024-12-27 21:00:00,172924.53,1.3027608,0.11039851,0.6529616,99845.77,0.00027520748,23.110321,17.832855,1.3074301,4.843784,72.18744,21,4,362,12,0,-0.7071067811865477,0.7071067811865474,-2.4492935982947064e-16,1.0,summer,48.03459,0.2752075,65.29616,2024,,8.164004,46.535545,50.26086,253.61653984495834,292.843943024109,1.398472,1.702321,0.5226159,1.9017127458333334,0.37044368962555213,22.845886,23.19931,23.746124,24.736584958333335,1.276451728050543
2024-12-27 22:00:00,499765.03,1.2981039,0.17344591,0.6508598,99881.75,0.00027051286,23.814636,17.909393,1.3096402,7.6104884,69.5166,22,4,362,12,0,-0.5000000000000004,0.8660254037844384,-2.4492935982947064e-16,1.0,summer,138.82362,0.27051285,65.085976,2024,,48.03459,139.56902,148.65123,253.67900005329167,292.79801097130377,1.3074301,1.860312,0.600596,1.8852589583333332,0.3880370594748805,23.110321,23.802673,24.488708,24.732877083333335,1.2812317023518214
2024-12-27 23:00:00,991248.9,1.1929392,0.120408244,0.64108044,99921.74,0.00027130012,24.422577,17.94049,1.1990004,5.763578,67.154816,23,4,362,12,0,-0.2588190451025215,0.965925826289068,-2.4492935982947064e-16,1.0,summer,275.34692,0.2713001,64.10805,2024,,138.82362,280.38287,299.39444,253.64794171995834,292.81068062975817,1.3096402,1.8690097,0.5404826,1.8623142999999998,0.40546554547272323,23.814636,24.27655,25.055206,24.733375541666664,1.2808563476283303
2024-12-28 00:00:00,1561443.2,1.1385968,0.02220423,0.64395386,99940.1,0.0002652075,24.965088,17.86557,1.1388133,1.1172062,64.70449,0,5,363,12,1,0.0,1.0,-2.4492935982947064e-16,1.0,summer,433.73422,0.2652075,64.395386,2024,,275.34692,440.27747,474.53583,253.43811046995833,292.79249295870653,1.1990004,1.89141,0.50380564,1.8343972458333333,0.4274539849447398,24.422577,24.726654,25.633148,24.739460000000005,1.2789373353408438
2024-12-28 01:00:00,2080729.5,1.1766994,-0.08824006,0.62787634,99936.38,0.0002635035,25.443787,17.796967,1.1800033,-4.2885528,62.61357,1,5,363,12,1,0.2588190451025207,0.9659258262890684,-2.4492935982947064e-16,1.0,summer,577.9804,0.2635035,62.787636,2024,,433.73422,584.72876,632.0289,253.16547505329171,292.61394416674153,1.1388133,1.9619839,0.50276905,1.80303905,0.45009542029390154,24.965088,25.204407,26.22519,24.749394749999997,1.2797593438225734
2024-12-28 02:00:00,2468029.8,1.2743654,-0.17055424,0.6341942,99907.3,0.0002628062,25.983551,17.777771,1.2857277,-7.6228623,60.56568,2,5,363,12,1,0.4999999999999999,0.8660254037844387,-2.4492935982947064e-16,1.0,summer,685.56384,0.26280618,63.41942,2024,,577.9804,693.5357,746.68756,252.88429338662502,292.28453925458984,1.1800033,2.0815454,0.5311714,1.770456525,0.46610815070283074,25.443787,25.72992,26.816132,24.75936891666667,1.2843842769392304
2024-12-28 03:00:00,2683287.0,1.3871746,-0.22349939,0.63724655,99860.17,0.0002694901,26.33612,17.726685,1.4050642,-9.152747,59.124546,3,5,363,12,1,0.7071067811865476,0.7071067811865476,-2.4492935982947064e-16,1.0,summer,745.3575,0.2694901,63.724655,2024,,685.56384,755.62506,815.3265,252.55213255329167,291.7660672059269,1.2857277,2.219967,0.6333442,1.7372974541666668,0.4712934910222933,25.983551,26.069733,27.21811,24.769936875,1.2937266752440553
2024-12-28 04:00:00,2687408.8,1.4940075,-0.23722583,0.63962877,99800.02,0.0002680828,26.65866,17.598602,1.5127242,-9.022382,57.542824,4,5,363,12,1,0.8660254037844386,0.5000000000000001,-2.4492935982947064e-16,1.0,summer,746.50244,0.2680828,63.962875,2024,,745.3575,768.40985,822.3101,252.12431755329166,291.0028716885807,1.4050642,2.3619351,0.80158377,1.7033431708333333,0.4643107730716246,26.33612,26.36267,27.558105,24.781036333333333,1.3064432831586366
2024-12-28 05:00:00,2519722.5,1.5724523,-0.21069977,0.6369117,99740.35,0.00026635398,26.823608,17.533203,1.5865058,-7.6318536,56.751526,5,5,363,12,1,0.9659258262890684,0.2588190451025207,-2.4492935982947064e-16,1.0,summer,699.9229,0.26635396,63.69117,2024,,746.50244,710.95856,772.11957,251.21150880329165,289.342614745431,1.5127242,2.474361,0.9784157,1.6679593833333335,0.4438461996951672,26.65866,26.565521,27.743774,24.79336925,1.3233113662427392
2024-12-28 06:00:00,2174462.0,1.6000768,-0.1526394,0.63972104,99691.22,0.0002553751,26.891205,17.530945,1.6073408,-5.4492435,56.518097,6,5,363,12,1,1.0,6.123233995736766e-17,-2.4492935982947064e-16,1.0,summer,604.0172,0.25537512,63.972103,2024,,699.9229,612.8736,671.1223,250.751689636625,288.58800988796844,1.5865058,2.5316982,1.1217186,1.6309654166666665,0.4093734958727118,26.823608,26.54892,27.780457,24.804122875,1.3392907036251307
2024-12-28 07:00:00,1702958.0,1.5566715,-0.08797375,0.6332278,99672.82,0.00025407542,26.802643,17.478333,1.5591553,-3.2345738,56.62505,7,5,363,12,1,0.9659258262890684,-0.2588190451025206,-2.4492935982947064e-16,1.0,summer,473.04388,0.2540754,63.322784,2024,,604.0172,470.10498,524.62146,250.38267296995832,288.1100998835663,1.6073408,2.5140395,1.2019407,1.592450525,0.3616466092898271,26.891205,26.47403,27.692474,24.818384749999996,1.3603356955575592
2024-12-28 08:00:00,1144066.4,1.425213,-0.039169677,0.6328794,99685.73,0.0002428047,26.599915,17.429932,1.4257512,-1.5742855,57.13067,8,5,363,12,1,0.8660254037844387,-0.4999999999999998,-2.4492935982947064e-16,1.0,summer,317.7962,0.2428047,63.287937,2024,,473.04388,318.14035,354.25714,250.505127136625,288.20815568613267,1.5591553,2.3985033,1.2068034,1.5526636833333332,0.30373906972210796,26.802643,26.165588,27.434143,24.83207695833333,1.3792471777271909
2024-12-28 09:00:00,619324.75,1.2264639,-0.043105464,0.6378284,99726.55,0.00022960418,26.259216,17.501434,1.2272211,-2.0128965,58.555622,9,5,363,12,1,0.7071067811865476,-0.7071067811865475,-2.4492935982947064e-16,1.0,summer,172.03465,0.22960418,63.78284,2024,,317.7962,171.36467,193.32518,250.49078755329165,288.20465277543485,1.4257512,2.1840107,1.126879,1.5121323458333336,0.2452288988018575,26.599915,25.813385,27.04303,24.850173916666666,1.4001950721684109
2024-12-28 10:00:00,247544.1,1.115061,0.029933529,0.6313877,99780.695,0.0002225291,25.778992,17.58078,1.1154628,1.5377213,60.54772,10,5,363,12,1,0.4999999999999999,-0.8660254037844387,-2.4492935982947064e-16,1.0,summer,68.762245,0.2225291,63.13877,2024,,172.03465,68.8345,76.91228,250.51870338662502,288.1966876382441,1.2272211,2.0270147,1.0164833,1.4722661125,0.20586679867609517,26.259216,25.338348,26.488464,24.868750208333335,1.416393240006427
2024-12-28 11:00:00,57165.367,0.9768524,-0.056962345,0.626636,99838.38,0.00021593475,25.32663,17.689606,0.9785118,-3.3372598,62.626328,11,5,363,12,1,0.258819045102521,-0.9659258262890682,-2.4492935982947064e-16,1.0,summer,15.879269,0.21593475,62.663605,2024,,68.762245,15.817748,18.385206,250.51569276162502,288.19866847877273,1.1154628,1.8289925,0.91083163,1.4342847833333332,0.18174359004852536,25.778992,24.984161,25.909576,24.887110375000002,1.4255713328164104
2024-12-28 12:00:00,4399.423,0.8496821,-0.123897925,0.6340211,99885.35,0.00021584034,24.911713,17.782013,0.8586678,-8.296217,64.5702,12,5,363,12,1,1.2246467991473532e-16,-1.0,-2.4492935982947064e-16,1.0,summer,1.2220619,0.21584034,63.40211,2024,,15.879269,1.0846959,1.4866883,250.518256136625,288.1964904683409,0.9785118,1.6830964,0.8396229,1.3988480875,0.1843323384433797,25.32663,24.678833,25.47174,24.90137991666667,1.4282964187402762
2024-12-28 13:00:00,16.225195,0.7692518,-0.20372064,0.64003325,99910.02,0.00022203581,24.553925,17.795746,0.79577035,-14.833102,66.02377,13,5,363,12,1,-0.2588190451025208,-0.9659258262890684,-2.4492935982947064e-16,1.0,summer,0.0045069987,0.22203581,64.00333,2024,,1.2220619,0.002039949,0.0028181518,250.52397971995833,288.19132265415635,0.8586678,1.5806006,0.78957844,1.3644968958333334,0.20474597069864248,24.911713,24.376282,25.073608,24.91108325,1.4275096147595385
2024-12-28 14:00:00,0.0,0.75311625,-0.28459167,0.64020497,99910.945,0.00022649046,24.234741,17.821991,0.80509406,-20.700848,67.41074,14,5,363,12,1,-0.4999999999999997,-0.8660254037844388,-2.4492935982947064e-16,1.0,summer,0.0,0.22649047,64.0205,2024,,0.0045069987,0.0,0.0,250.52408251369584,288.19122941186254,0.79577035,1.5235112,0.7792155,1.3317956354166667,0.22986433829841513,24.553925,24.072968,24.74945,24.91848504166667,1.4250745192929626
2024-12-28 15:00:00,0.0,0.7781046,-0.36295447,0.66167027,99886.32,0.0002390929,23.935516,17.842102,0.85859346,-25.007156,68.72083,15,5,363,12,1,-0.7071067811865471,-0.7071067811865479,-2.4492935982947064e-16,1.0,summer,0.0,0.2390929,66.16703,2024,,0.0,0.0,0.0,250.52408251369584,288.19122941186254,0.80509406,1.5050057,0.7950294,1.3018615879166668,0.24973200257570408,24.234741,23.770447,24.415955,24.925225583333333,1.4212789139194058
2024-12-28 16:00:00,0.0,0.8248932,-0.42882746,0.657071,99847.21,0.0002569817,23.643097,17.862427,0.92969984,-27.468033,70.03137,16,5,363,12,1,-0.8660254037844384,-0.5000000000000004,-2.4492935982947064e-16,1.0,summer,0.0,0.2569817,65.7071,2024,,0.0,0.0,0.0,250.52408251369584,288.19122941186254,0.85859346,1.5161911,0.8527117,1.2749277445833334,0.2614531646887554,23.935516,23.489105,24.127228,24.932103458333334,1.4158367081504084
2024-12-28 17:00:00,0.0,0.8685869,-0.47669145,0.65614724,99807.84,0.0002704829,23.374695,17.860779,0.9907966,-28.758533,71.167625,17,5,363,12,1,-0.9659258262890684,-0.2588190451025206,-2.4492935982947064e-16,1.0,summer,0.0,0.2704829,65.61472,2024,,0.0,0.0,0.0,250.52408251369584,288.19122941186254,0.92969984,1.528966,0.92296493,1.25049060875,0.26530298932607294,23.643097,23.249939,23.832703,24.938519791666668,1.4093470191705353
2024-12-28 18:00:00,0.0,0.8879988,-0.51614493,0.6550306,99786.82,0.0002743554,23.174194,17.876984,1.0271064,-30.167084,72.1091,18,5,363,12,1,-1.0,-1.8369701987210292e-16,-2.4492935982947064e-16,1.0,summer,0.0,0.2743554,65.50306,2024,,0.0,0.0,9.777534e-06,250.52408251369584,288.19122941186254,0.9907966,1.5208578,0.99081135,1.22806688375,0.26347966041150206,23.374695,23.042908,23.60675,24.943717958333334,1.403064222038708
2024-12-28 19:00:00,1233.0411,0.8759261,-0.5478348,0.6514259,99793.18,0.0002869072,23.020996,17.90271,1.0331358,-32.0233,72.898964,19,5,363,12,1,-0.9659258262890684,0.2588190451025203,-2.4492935982947064e-16,1.0,summer,0.34251142,0.2869072,65.14259,2024,,0.0,0.38753343,0.48478165,250.52408251369584,288.19122941186254,1.0271064,1.4773011,1.020036,1.20749390875,0.2588600329828284,23.174194,22.889801,23.427582,24.94918820833333,1.3955670536905782
2024-12-28 20:00:00,29850.025,0.82381994,-0.57286876,0.64671606,99826.74,0.00027859941,23.026459,17.936157,1.0034231,-34.814022,73.02847,20,5,363,12,1,-0.8660254037844386,0.5000000000000001,-2.4492935982947064e-16,1.0,summer,8.291674,0.2785994,64.67161,2024,,0.34251142,8.164004,9.107573,250.5222065966125,288.19292855361664,1.0331358,1.398472,1.0108435,1.18898702125,0.25457386353970357,23.020996,22.845886,23.365784,24.95465466666667,1.3873826245284768
2024-12-28 21:00:00,177438.3,0.7420471,-0.57556605,0.6452026,99878.38,0.00026608602,23.37799,17.989746,0.9391007,-37.79881,71.73351,21,5,363,12,1,-0.7071067811865477,0.7071067811865474,-2.4492935982947064e-16,1.0,summer,49.288414,0.266086,64.520256,2024,,8.291674,48.03459,50.07097,250.52752617994585,288.18826164491827,1.0034231,1.3074301,0.97923934,1.1725266504166667,0.25320793629808835,23.026459,23.110321,23.655304,24.962178541666663,1.3758914455435398
2024-12-28 22:00:00,515337.9,0.70238566,-0.6024956,0.6429925,99925.55,0.00024608528,24.232483,18.146729,0.92539,-40.622482,68.81178,22,5,363,12,1,-0.5000000000000004,0.8660254037844384,-2.4492935982947064e-16,1.0,summer,143.14941,0.24608529,64.29925,2024,,49.288414,138.82362,147.82999,250.5797688466125,288.15006891890056,0.9391007,1.3096402,0.92960376,1.1571795920833334,0.25582466124540765,23.37799,23.814636,24.500305,24.973331416666667,1.3612345565088604
2024-12-28 23:00:00,1013306.6,0.5967795,-0.67062324,0.6472301,99966.7,0.00023417764,24.883911,18.147705,0.89770895,-48.334496,66.18338,23,5,363,12,1,-0.2588190451025215,0.965925826289068,-2.4492935982947064e-16,1.0,summer,281.47406,0.23417765,64.72301,2024,,143.14941,275.34692,299.41415,250.7600100966125,288.07846881832415,0.92539,1.1990004,0.8460062,1.1411691670833333,0.25788387064167734,24.232483,24.422577,25.15329,24.99074170833333,1.348381886621884
2024-12-29 00:00:00,1585957.8,0.57270885,-0.76660573,0.64863855,99988.52,0.00022837122,25.413696,18.046967,0.95691156,-53.237656,63.72082,0,6,364,12,1,0.0,1.0,-2.4492935982947064e-16,1.0,summer,440.54382,0.22837122,64.86385,2024,,281.47406,433.73422,472.81952,251.0153075966125,288.10391912910745,0.89770895,1.1388133,0.80760884,1.1286153566666666,0.26224284770884565,24.883911,24.965088,25.6904,25.00996395833333,1.3432085073479736
2024-12-29 01:00:00,2101840.2,0.66059625,-0.84135514,0.6482429,99984.55,0.00022644927,25.947083,17.871124,1.0697037,-51.862503,61.054756,1,6,364,12,1,0.2588190451025207,0.9659258262890684,-2.4492935982947064e-16,1.0,summer,583.84454,0.22644927,64.82429,2024,,440.54382,577.9804,627.69244,251.29904092994582,288.29497974464016,0.95691156,1.1800033,0.8195093,1.1210361175,0.26455374040739277,25.413696,25.443787,26.253906,25.028655958333335,1.3456759978275488
2024-12-29 02:00:00,2524958.5,0.81116575,-0.8510331,0.643416,99956.3,0.00022922129,26.467865,17.771301,1.17569,-46.37396,58.83151,2,6,364,12,1,0.4999999999999999,0.8660254037844387,-2.4492935982947064e-16,1.0,summer,701.3774,0.22922128,64.3416,2024,,583.84454,685.56384,739.01544,251.5433800966125,288.5862284449568,1.0697037,1.2857277,0.8978116,1.1164403008333335,0.2644428636977945,25.947083,25.983551,26.77893,25.049626625000002,1.356306196871056
2024-12-29 03:00:00,2731596.8,0.9657645,-0.7995642,0.63875663,99910.5,0.0002345777,26.844025,17.70697,1.2537959,-39.621628,57.308327,3,6,364,12,1,0.7071067811865476,0.7071067811865476,-2.4492935982947064e-16,1.0,summer,758.77686,0.2345777,63.875664,2024,,701.3774,745.3575,807.7009,252.20227842994586,289.63640812947557,1.17569,1.4050642,1.0473146,1.1118553966666667,0.2623255891578575,26.467865,26.33612,27.137146,25.069806375,1.3742894054286752
2024-12-29 04:00:00,2770199.2,1.0870155,-0.697605,0.64177006,99854.07,0.00023188507,27.139496,17.625244,1.2916096,-32.690796,56.031532,4,6,364,12,1,0.8660254037844386,0.5000000000000001,-2.4492935982947064e-16,1.0,summer,769.4998,0.23188508,64.17701,2024,,758.77686,746.50244,812.73627,252.76141842994585,290.64104230472213,1.2537959,1.5127242,1.2252065,1.1055525508333333,0.25673203100250086,26.844025,26.65866,27.42273,25.090969083333334,1.398337435082948
2024-12-29 05:00:00,2589482.5,1.161263,-0.567188,0.63202965,99794.87,0.00023937796,27.295105,17.552643,1.2923753,-26.031967,55.26814,5,6,364,12,1,0.9659258262890684,0.2588190451025207,-2.4492935982947064e-16,1.0,summer,719.3007,0.23937796,63.202965,2024,,769.4998,699.9229,761.7933,253.71964176327916,292.3724008457493,1.2916096,1.5865058,1.3805178,1.0963394425,0.2451930954217094,27.139496,26.823608,27.535034,25.111003916666665,1.4249663404588795
2024-12-29 06:00:00,2231163.2,1.1736814,-0.41619122,0.64565474,99749.25,0.00024103504,27.339996,17.514801,1.2452884,-19.52467,54.991222,6,6,364,12,1,1.0,6.123233995736766e-17,-2.4492935982947064e-16,1.0,summer,619.7676,0.24103504,64.565475,2024,,719.3007,604.0172,658.81305,254.5270500966125,293.68202311977325,1.2923753,1.6073408,1.4907018,1.084084005,0.22624672415773087,27.295105,26.891205,27.545227,25.130649625000004,1.4525867563189387
2024-12-29 07:00:00,1747313.2,1.109573,-0.27439296,0.6397166,99733.305,0.00025133416,27.27478,17.539276,1.1429977,-13.890336,55.287415,7,6,364,12,1,0.9659258262890684,-0.2588190451025206,-2.4492935982947064e-16,1.0,summer,485.36478,0.25133416,63.971664,2024,,619.7676,473.04388,512.25854,255.18331676327918,294.51337639492266,1.2452884,1.5591553,1.5262891,1.0689984883333332,0.20043884249508148,27.339996,26.802643,27.39264,25.14934925,1.4788869860023472
2024-12-29 08:00:00,1164980.4,0.97396344,-0.17168106,0.6491111,99748.12,0.0002512934,27.010468,17.573944,0.98897886,-9.996863,56.275547,8,6,364,12,1,0.8660254037844387,-0.4999999999999998,-2.4492935982947064e-16,1.0,summer,323.60565,0.2512934,64.91111,2024,,485.36478,317.7962,344.71677,255.6966875966125,294.92010118811885,1.1429977,1.4257512,1.4879231,1.0516585883333334,0.17220410444200962,27.27478,26.599915,27.103394,25.169021625000003,1.5047496121713217
2024-12-29 09:00:00,626448.3,0.79486626,-0.13326252,0.6519218,99793.48,0.00022568468,26.63742,17.61435,0.8059599,-9.517354,57.67219,9,6,364,12,1,0.7071067811865476,-0.7071067811865475,-2.4492935982947064e-16,1.0,summer,174.01343,0.22568467,65.192184,2024,,323.60565,172.03465,188.2154,255.9387480132792,294.9756652783054,0.98897886,1.2272211,1.3503996,1.0334597408333333,0.1529538926727273,27.010468,26.259216,26.68927,25.186128,1.523934951259119
2024-12-29 10:00:00,243458.19,0.7036042,-0.065250665,0.6550866,99853.61,0.00021105274,26.065735,17.685272,0.7066233,-5.2983265,59.921074,10,6,364,12,1,0.4999999999999999,-0.8660254037844387,-2.4492935982947064e-16,1.0,summer,67.62727,0.21105275,65.50866,2024,,174.01343,68.762245,75.35445,256.02119717994583,294.9514689900628,0.8059599,1.1154628,1.2923944,1.0159071908333333,0.15391994679943993,26.63742,25.778992,26.108124,25.2018865,1.5374097160650169
2024-12-29 11:00:00,58575.496,0.53056675,-0.07000511,0.6503805,99913.01,0.00020947812,25.601624,17.804047,0.5351652,-7.5164185,62.056458,11,6,364,12,1,0.258819045102521,-0.9659258262890682,-2.4492935982947064e-16,1.0,summer,16.270971,0.20947812,65.03805,2024,,67.62727,15.879269,17.386206,255.97390655494584,294.98288758909257,0.7066233,0.9785118,1.1835655,0.9988722116666667,0.16467117220461389,26.065735,25.32663,25.599731,25.213834125,1.5431928530775576
2024-12-29 12:00:00,6273.4785,0.38514552,-0.09220301,0.6595715,99959.39,0.00021209706,25.23471,17.850494,0.39602837,-13.463107,63.611942,12,6,364,12,1,1.2246467991473532e-16,-1.0,-2.4492935982947064e-16,1.0,summer,1.7426329,0.21209706,65.95715,2024,,16.270971,1.2220619,1.2508985,255.99022747161249,294.96903649272457,0.5351652,0.8586678,1.0822853,0.9803994366666667,0.18997728563165825,25.601624,24.911713,25.231537,25.225292208333332,1.5450865088307608
2024-12-29 13:00:00,23.548212,0.27524638,-0.13324301,0.6703621,99986.49,0.00021301577,24.920502,17.912231,0.30580103,-25.83099,65.06788,13,6,364,12,1,-0.2588190451025208,-0.9659258262890684,-2.4492935982947064e-16,1.0,summer,0.00654117,0.21301576,67.03621,2024,,1.7426329,0.0045069987,0.0020648371,256.0119179299458,294.949506151887,0.39602837,0.79577035,1.0099702,0.96112279375,0.223398095179661,25.23471,24.553925,24.855408,25.238750416666665,1.5436424057729654
2024-12-29 14:00:00,0.0,0.22024503,-0.17937435,0.6740385,99991.266,0.00021982934,24.603302,17.942078,0.28404757,-39.160435,66.43839,14,6,364,12,1,-0.4999999999999997,-0.8660254037844388,-2.4492935982947064e-16,1.0,summer,0.0,0.21982934,67.403854,2024,,0.00654117,0.0,0.0,256.01200268708334,294.94942938694015,0.30580103,0.80509406,0.99138045,0.9407074054166666,0.258755934595993,24.920502,24.234741,24.54721,25.254024458333333,1.5383761944468584
2024-12-29 15:00:00,0.0,0.21722774,-0.22710726,0.68034935,99971.51,0.00023780037,24.335327,17.955627,0.31426993,-46.273724,67.57141,15,6,364,12,1,-0.7071067811865471,-0.7071067811865479,-2.4492935982947064e-16,1.0,summer,0.0,0.23780037,68.034935,2024,,0.0,0.0,0.0,256.01200268708334,294.94942938694015,0.28404757,0.85859346,1.0243119,0.918997135,0.2905359122182798,24.603302,23.935516,24.231476,25.269381166666665,1.529573275605997
2024-12-29 16:00:00,0.0,0.24381196,-0.26180443,0.6749257,99941.98,0.00025741686,24.068726,17.994629,0.35775107,-47.03802,68.83041,16,6,364,12,1,-0.8660254037844384,-0.5000000000000004,-2.4492935982947064e-16,1.0,summer,0.0,0.25741687,67.49257,2024,,0.0,0.0,0.0,256.01200268708334,294.94942938694015,0.31426993,0.92969984,1.0918598,0.8963169879166667,0.31561924814753933,24.335327,23.643097,23.936768,25.286039958333333,1.5165359821785303
2024-12-29 17:00:00,0.0,0.26377758,-0.28211388,0.67702675,99912.02,0.00027030354,23.817596,17.951843,0.38622126,-46.923817,69.6902,17,6,364,12,1,-0.9659258262890684,-0.2588190451025206,-2.4492935982947064e-16,1.0,summer,0.0,0.27030355,67.702675,2024,,0.0,0.0,0.0,256.01200268708334,294.94942938694015,0.35775107,0.9907966,1.1747311,0.8724857891666667,0.3340440828591324,24.068726,23.374695,23.650818,25.3037745,1.4988737109859638
2024-12-29 18:00:00,0.0,0.25800624,-0.27188146,0.6781194,99903.695,0.00027493478,23.615936,17.945435,0.3748156,-46.499954,70.513756,18,6,364,12,1,-1.0,-1.8369701987210292e-16,-2.4492935982947064e-16,1.0,summer,0.0,0.27493477,67.81194,2024,,0.0,0.0,9.777534e-06,256.01200268708334,294.94942938694015,0.38622126,1.0271064,1.2455127,0.84729515,0.3472683111815427,23.817596,23.174194,23.439972,25.32222870833333,1.4766519218852123
2024-12-29 19:00:00,1406.1184,0.21996976,-0.24941866,0.67315906,99922.59,0.0002689457,23.478455,17.93573,0.33256033,-48.589962,71.05766,19,6,364,12,1,-0.9659258262890684,0.2588190451025203,-2.4492935982947064e-16,1.0,summer,0.39058843,0.2689457,67.3159,2024,,0.0,0.34251142,0.32656473,256.01200268708334,294.94942938694015,0.3748156,1.0331358,1.2825923,0.8201163666666665,0.35794508979477885,23.615936,23.020996,23.245117,25.340634625000003,1.4512479142064016
2024-12-29 20:00:00,30197.934,0.1266965,-0.2212339,0.67205024,99964.94,0.0002608162,23.47348,17.996216,0.254944,-60.201042,71.3501,20,6,364,12,1,-0.8660254037844386,0.5000000000000001,-2.4492935982947064e-16,1.0,summer,8.388315,0.2608162,67.205025,2024,,0.39058843,8.291674,8.101346,256.01400589583335,294.947617616534,0.33256033,1.0034231,1.2846866,0.7909257220833332,0.3682361699904466,23.478455,23.026459,23.17511,25.359695416666664,1.42216983284899
2024-12-29 21:00:00,174244.53,0.008129289,-0.20840314,0.6658335,100021.695,0.0002504741,23.841522,18.113007,0.20856164,-87.76617,70.29898,21,6,364,12,1,-0.7071067811865477,0.7071067811865474,-2.4492935982947064e-16,1.0,summer,48.40126,0.25047413,66.58334,2024,,8.388315,49.288414,48.635704,256.01803260416665,294.94408923733727,0.254944,0.9391007,1.2823575,0.7597390929166666,0.3809330592287538,23.47348,23.37799,23.404602,25.378321291666666,1.3929095609465372
2024-12-29 22:00:00,505376.72,0.0328045,-0.1491311,0.6487337,100075.164,0.00023964063,24.738617,18.22467,0.1526965,-77.59417,67.084206,22,6,364,12,1,-0.5000000000000004,0.8660254037844384,-2.4492935982947064e-16,1.0,summer,140.38242,0.23964064,64.87337,2024,,48.40126,143.14941,144.81033,255.98106785416667,294.9711790721473,0.20856164,0.92539,1.2915802,0.7292999654166666,0.3949088461704666,23.841522,24.232483,24.07611,25.397635124999997,1.3669389198069297
2024-12-29 23:00:00,1025377.75,-0.12857334,-0.20585112,0.6367182,100122.26,0.00022793107,25.354492,18.188477,0.24270515,-121.98864,64.517136,23,6,364,12,1,-0.2588190451025215,0.965925826289068,-2.4492935982947064e-16,1.0,summer,284.82715,0.22793107,63.67182,2024,,140.38242,281.47406,294.23203,255.86577660416665,295.0177345056713,0.1526965,0.89770895,1.2112164,0.6971044029166666,0.40945679173329025,24.738617,24.883911,24.644562,25.418724041666668,1.3520042744665728
2024-12-30 00:00:00,1628758.6,-0.17674656,-0.27488932,0.61982906,100144.01,0.00020855208,25.921967,18.174835,0.32680804,-122.739944,62.325203,0,0,365,12,0,0.0,1.0,-2.4492935982947064e-16,1.0,summer,452.43295,0.20855208,61.982906,2024,,284.82715,440.54382,465.07242,256.00548868749996,295.03118280137136,0.24270515,0.95691156,1.2071518,0.6698125779166667,0.4172592837155527,25.354492,25.413696,25.167145,25.438331583333337,1.347315070267687
2024-12-30 01:00:00,2197506.0,-0.122724816,-0.31504685,0.59893346,100143.69,0.0001942654,26.442108,17.956238,0.33810633,-111.283134,59.61138,1,0,365,12,0,0.2588190451025207,0.9659258262890684,-2.4492935982947064e-16,1.0,summer,610.41833,0.19426541,59.893345,2024,,452.43295,583.84454,622.2839,256.50086910416667,295.3643023359275,0.32680804,1.0697037,1.2909064,0.6435582645833334,0.41823155011405094,25.921967,25.947083,25.708588,25.459509541666666,1.3509008882858962
2024-12-30 02:00:00,2622705.2,-0.011534722,-0.3087515,0.5984944,100120.734,0.00018382212,26.978058,17.774689,0.30896688,-92.13953,57.1014,2,0,365,12,0,0.4999999999999999,0.8660254037844387,-2.4492935982947064e-16,1.0,summer,728.52924,0.18382213,59.84944,2024,,610.41833,701.3774,744.868,257.6081103541667,296.69160550146785,0.33810633,1.17569,1.4282634,0.6130750408333333,0.41244261707002405,26.442108,26.467865,26.284668,25.480135583333333,1.3623991829652171
2024-12-30 03:00:00,2893888.8,0.102290854,-0.25531545,0.6011104,100077.54,0.00018101382,27.316406,17.65802,0.27504435,-68.16674,55.567432,3,0,365,12,0,0.7071067811865476,0.7071067811865476,-2.4492935982947064e-16,1.0,summer,803.858,0.18101382,60.11104,2024,,728.52924,758.77686,815.3317,258.73943702083335,298.50356578886795,0.30896688,1.2537959,1.5835342,0.5769615775,0.39875626162352235,26.978058,26.844025,26.672821,25.501393625000002,1.3823159793852893
2024-12-30 04:00:00,2917257.2,0.19575751,-0.16433097,0.5896396,100020.63,0.00019777274,27.558044,17.545593,0.25558886,-40.01218,54.3986,4,0,365,12,0,0.8660254037844386,0.5000000000000001,-2.4492935982947064e-16,1.0,summer,810.34924,0.19777274,58.96396,2024,,803.858,769.4998,821.2723,260.6178178541666,301.90934832329276,0.27504435,1.2916096,1.7344748,0.5361802629166667,0.3759212064480428,27.316406,27.139496,27.002563,25.52107616666667,1.405434405866141
2024-12-30 05:00:00,2754721.5,0.25722688,-0.055154946,0.5996864,99955.01,0.00021140202,27.714996,17.534027,0.26307362,-12.102189,53.86184,5,0,365,12,0,0.9659258262890684,0.2588190451025207,-2.4492935982947064e-16,1.0,summer,765.20044,0.21140201,59.96864,2024,,810.34924,719.3007,772.6042,262.3198778541667,305.00228740830454,0.25558886,1.2923753,1.8535044,0.49301273208333335,0.34348729008482826,27.558044,27.295105,27.207733,25.53851566666667,1.4287926024792184
2024-12-30 06:00:00,2374762.0,0.2789837,0.054757275,0.5807715,99900.9,0.00021936253,27.687286,17.513489,0.28430665,11.104518,53.879284,6,0,365,12,0,1.0,6.123233995736766e-17,-2.4492935982947064e-16,1.0,summer,659.6561,0.21936253,58.077152,2024,,765.20044,619.7676,670.7665,264.23236702083335,308.1202967841689,0.26307362,1.2452884,1.9102743,0.45012516208333336,0.30096714805361735,27.714996,27.339996,27.247864,25.556011124999998,1.4535926301318822
2024-12-30 07:00:00,1874691.5,0.24324533,0.14572717,0.5932465,99875.17,0.00022192155,27.60669,17.498322,0.28355724,30.925634,54.08219,7,0,365,12,0,0.9659258262890684,-0.2588190451025206,-2.4492935982947064e-16,1.0,summer,520.7476,0.22192155,59.324654,2024,,659.6561,485.36478,529.19324,265.89438785416667,310.2218721351597,0.28430665,1.1429977,1.8834044,0.41008425583333336,0.25022605263770764,27.687286,27.27478,27.167511,25.570481541666666,1.4737135940581123
2024-12-30 08:00:00,1282121.5,0.14451733,0.21199377,0.591949,99884.37,0.00020771437,27.315338,17.583801,0.25656697,55.717525,55.311275,8,0,365,12,0,0.8660254037844387,-0.4999999999999998,-2.4492935982947064e-16,1.0,summer,356.14487,0.20771438,59.1949,2024,,520.7476,323.60565,359.18765,267.36867202083334,311.3920897081853,0.28355724,0.98897886,1.7589664,0.3742742366666667,0.19650989248018802,27.60669,27.010468,26.959808,25.584311125,1.491848166476954
2024-12-30 09:00:00,715556.5,-0.0023239653,0.19618621,0.5950876,99922.555,0.0001878035,26.91336,17.74231,0.19619998,90.67867,57.20225,9,0,365,12,0,0.7071067811865476,-0.7071067811865475,-2.4492935982947064e-16,1.0,summer,198.7657,0.18780349,59.50876,2024,,356.14487,174.01343,196.9026,268.72447285416666,311.71825839515634,0.25656697,0.8059599,1.5493315,0.3437570745833333,0.14770906549835772,27.315338,26.63742,26.59201,25.597014041666668,1.505752877748955
2024-12-30 10:00:00,289341.06,0.124005936,0.12504658,0.6089536,99961.06,0.0001678021,26.39737,17.768799,0.17610826,45.239403,59.067608,10,0,365,12,0,0.4999999999999999,-0.8660254037844387,-2.4492935982947064e-16,1.0,summer,80.37252,0.16780211,60.89536,2024,,198.7657,67.62727,78.339645,269.7558174375,311.4320911621906,0.19619998,0.7066233,1.4903569,0.31835041125,0.1131491789507629,26.91336,26.065735,26.04837,25.60851154166667,1.5150672142826693
2024-12-30 11:00:00,68524.17,0.011575003,0.097935006,0.61024404,100018.48,0.00015730031,25.894104,17.86084,0.09861667,83.259445,61.207104,11,0,365,12,0,0.258819045102521,-0.9659258262890682,-2.4492935982947064e-16,1.0,summer,19.034492,0.15730031,61.024403,2024,,80.37252,16.270971,17.589294,270.28686952083336,311.0831082578644,0.17610826,0.5351652,1.3505113,0.29624561791666665,0.08135082698355904,26.39737,25.601624,25.497986,25.622329666666662,1.5209196455608367
2024-12-30 12:00:00,5814.907,-0.082902715,0.06257714,0.6131921,100066.64,0.00015295988,25.550476,17.919159,0.103868954,142.95354,62.69832,12,0,365,12,0,1.2246467991473532e-16,-1.0,-2.4492935982947064e-16,1.0,summer,1.615252,0.15295988,61.319206,2024,,19.034492,1.7426329,1.4297775,270.4020162291667,310.9854930137966,0.09861667,0.39602837,1.209642,0.27805609583333335,0.07408779674079792,25.894104,25.23471,25.078522,25.634516333333334,1.521917972953528
2024-12-30 13:00:00,17.791555,-0.13308154,0.019342242,0.60977745,100092.69,0.00015572824,25.192291,18.014313,0.1344798,171.73045,64.43401,13,0,365,12,0,-0.2588190451025208,-0.9659258262890684,-2.4492935982947064e-16,1.0,summer,0.0049420986,0.15572824,60.977745,2024,,1.615252,0.00654117,0.0053736432,270.3967086916667,310.99027858381424,0.103868954,0.30580103,1.102683,0.26588278683333333,0.07777173775687062,25.550476,24.920502,24.715027,25.64767325,1.5196746282715357
2024-12-30 14:00:00,0.0,-0.13496679,-0.017490188,0.6129846,100090.16,0.0001645514,24.850067,18.114532,0.13609533,-172.61626,66.1792,14,0,365,12,0,-0.4999999999999997,-0.8660254037844388,-2.4492935982947064e-16,1.0,summer,0.0,0.16455139,61.29846,2024,,0.0049420986,0.0,0.0,270.3966420636917,310.99033903228104,0.1344798,0.28404757,1.0449834,0.25874440225,0.08171118688772896,25.192291,24.603302,24.351685,25.658997791666664,1.515025749883257
2024-12-30 15:00:00,0.0,-0.09880715,-0.04394773,0.626441,100063.64,0.00017699577,24.548279,18.128418,0.10813998,-156.02132,67.443535,15,0,365,12,0,-0.7071067811865471,-0.7071067811865479,-2.4492935982947064e-16,1.0,summer,0.0,0.17699577,62.6441,2024,,0.0,0.0,0.0,270.3966420636917,310.99033903228104,0.13609533,0.31426993,1.0328876,0.25257972558333336,0.08522476225781762,24.850067,24.335327,24.03714,25.669279666666664,1.5083723986454318
2024-12-30 16:00:00,0.0,-0.025907824,-0.055020794,0.61526513,100020.61,0.0001949112,24.29956,18.202118,0.06081532,-115.2145,68.77431,16,0,365,12,0,-0.8660254037844384,-0.5000000000000004,-2.4492935982947064e-16,1.0,summer,0.0,0.19491121,61.526512,2024,,0.0,0.0,0.0,270.3966420636917,310.99033903228104,0.10813998,0.35775107,1.0555986,0.2439909776666667,0.08903876609274691,24.548279,24.068726,23.737946,25.678152666666666,1.5007915446821556
2024-12-30 17:00:00,0.0,0.050411776,-0.03596519,0.61327595,99977.945,0.00020700604,24.053253,18.186584,0.0619261,-35.505135,69.73101,17,0,365,12,0,-0.9659258262890684,-0.2588190451025206,-2.4492935982947064e-16,1.0,summer,0.0,0.20700604,61.327595,2024,,0.0,0.0,0.0,270.3966420636917,310.99033903228104,0.06081532,0.38622126,1.087584,0.23161865475,0.09308246015082379,24.29956,23.817596,23.447083,25.68777075,1.4907347817379872
2024-12-30 18:00:00,0.0,0.106224105,-0.0011980901,0.60967726,99950.336,0.0002103252,23.85263,18.18863,0.10623086,-0.6462055,70.586655,18,0,365,12,0,-1.0,-1.8369701987210292e-16,-2.4492935982947064e-16,1.0,summer,0.0,0.21032521,60.967724,2024,,0.0,0.0,1.7777334e-06,270.3966420636917,310.99033903228104,0.0619261,0.3748156,1.1100637,0.21810635641666667,0.09320187196182352,24.053253,23.615936,23.23761,25.69758979166667,1.4786076751567088
2024-12-30 19:00:00,1194.1078,0.125153,0.044035643,0.61625016,99948.555,0.00021019853,23.69223,18.179535,0.13267408,19.384647,71.23122,19,0,365,12,0,-0.9659258262890684,0.2588190451025203,-2.4492935982947064e-16,1.0,summer,0.3316966,0.21019854,61.625015,2024,,0.0,0.39058843,0.332813,270.3966420636917,310.99033903228104,0.10623086,0.33256033,1.0970736,0.20691532558333334,0.08962340171946093,23.85263,23.478455,23.04361,25.707452041666667,1.4648447743977382
2024-12-30 20:00:00,28956.844,0.102907605,0.08074313,0.60746384,99969.89,0.00019812852,23.628937,18.230469,0.130803,38.118355,71.732666,20,0,365,12,0,-0.8660254037844386,0.5000000000000001,-2.4492935982947064e-16,1.0,summer,8.043568,0.19812852,60.746384,2024,,0.3316966,8.388315,8.408889,270.39418823744165,310.9925623301498,0.13267408,0.254944,1.0540525,0.19858673183333334,0.08667893509736821,23.69223,23.47348,23.021393,25.716359333333333,1.4512888246693374
2024-12-30 21:00:00,172748.08,0.051462825,0.09846497,0.6032754,100011.76,0.00019439678,23.915771,18.323334,0.11110254,62.406136,70.916306,21,0,365,12,0,-0.7071067811865477,0.7071067811865474,-2.4492935982947064e-16,1.0,summer,47.985577,0.19439678,60.32754,2024,,8.043568,48.40126,51.62564,270.37982377910834,311.00519800936434,0.130803,0.20856164,1.0079216,0.19341419016666664,0.08687343049370573,23.628937,23.841522,23.3302,25.722836708333336,1.4411547325209302
2024-12-30 22:00:00,514760.75,0.2164624,0.03733813,0.5913403,100044.97,0.00019173078,24.773956,18.419678,0.21965908,9.786783,67.76702,22,0,365,12,0,-0.5000000000000004,0.8660254037844384,-2.4492935982947064e-16,1.0,summer,142.98909,0.19173078,59.13403,2024,,47.985577,140.38242,150.21309,270.36250365410837,311.01810896296973,0.11110254,0.1526965,0.90405977,0.1893533943333333,0.08839900606898501,23.915771,24.738617,24.150146,25.725930416666667,1.4370142943261197
2024-12-30 23:00:00,1051782.2,0.14629526,0.0791042,0.5810077,100079.17,0.00019033316,25.391998,18.368927,0.16631229,28.400803,65.106766,23,0,365,12,0,-0.2588190451025215,0.965925826289068,-2.4492935982947064e-16,1.0,summer,292.16174,0.19033316,58.100773,2024,,142.98909,284.82715,301.02493,270.47111490410833,310.9711964581582,0.21965908,0.24270515,0.7822824,0.19214350183333337,0.08824834329927188,24.773956,25.354492,24.77127,25.727402875,1.4359763737958537
2024-12-31 00:00:00,1668475.5,0.0948487,0.08794931,0.5649391,100088.91,0.00018286928,25.957855,18.285126,0.12934975,42.838497,62.62511,0,1,366,12,0,0.0,1.0,-2.4492935982947064e-16,1.0,summer,463.46542,0.18286927,56.493908,2024,,292.16174,452.43295,469.37552,270.776722820775,310.98952181263843,0.16631229,0.32680804,0.70379823,0.18896046599999997,0.08772147677517035,25.391998,25.921967,25.351929,25.728965625,1.4355732479801808
2024-12-31 01:00:00,2236560.5,0.11725295,0.09378471,0.56277686,100072.75,0.0001813102,26.478577,18.17334,0.15014602,38.65455,60.300903,1,1,366,12,0,0.2588190451025207,0.9659258262890684,-2.4492935982947064e-16,1.0,summer,621.2668,0.18131019,56.277687,2024,,463.46542,610.41833,630.09644,271.236409070775,311.2777299852493,0.12934975,0.33810633,0.7147779,0.18073303725,0.08338314708450603,25.957855,26.442108,25.948639,25.730460958333335,1.4358016970984737
2024-12-31 02:00:00,2675251.0,0.20199488,0.12115569,0.5529817,100036.19,0.00018180147,27.025696,17.937286,0.23554327,30.955154,57.527863,2,1,366,12,0,0.4999999999999999,0.8660254037844387,-2.4492935982947064e-16,1.0,summer,743.1253,0.18180147,55.29817,2024,,621.2668,728.52924,750.8381,271.6884286541083,311.79912531723556,0.15014602,0.30896688,0.82191104,0.17290135766666667,0.076502457885625,26.478577,26.978058,26.525604,25.731980500000002,1.4366066674740519
2024-12-31 03:00:00,2917674.2,0.2926051,0.18730217,0.5570637,99984.7,0.0001789138,27.375702,17.781189,0.34741884,32.624092,55.806255,3,1,366,12,0,0.7071067811865476,0.7071067811865476,-2.4492935982947064e-16,1.0,summer,810.4651,0.1789138,55.70637,2024,,743.1253,803.858,821.2508,272.296597820775,312.741753062451,0.23554327,0.27504435,0.940777,0.16984204058333333,0.07217007574111763,27.025696,27.316406,26.892761,25.733965416666663,1.438434937447256
2024-12-31 04:00:00,2944352.2,0.38098642,0.29253396,0.56424063,99924.5,0.00018470234,27.67154,17.614685,0.48034027,37.518246,54.27459,4,1,366,12,0,0.8660254037844386,0.5000000000000001,-2.4492935982947064e-16,1.0,summer,817.8756,0.18470234,56.424065,2024,,810.4651,810.34924,826.3066,272.57189365410835,313.23253537776554,0.34741884,0.25558886,1.047732,0.1728576443333333,0.07803112454488968,27.375702,27.558044,27.231201,25.73643608333333,1.4413191557647045
2024-12-31 05:00:00,2783683.8,0.44879928,0.41032422,0.5618941,99862.1,0.00019443347,27.817902,17.566956,0.60810095,42.435772,53.650146,5,1,366,12,0,0.9659258262890684,0.2588190451025207,-2.4492935982947064e-16,1.0,summer,773.2455,0.19443347,56.18941,2024,,817.8756,765.20044,775.8968,272.88549198744164,313.7976075572471,0.48034027,0.26307362,1.1232706,0.18222228641666668,0.09904765907661352,27.67154,27.714996,27.437653,25.741165083333332,1.4477276939706514
2024-12-31 06:00:00,2421515.2,0.47708613,0.51439404,0.5507145,99810.164,0.00020404844,27.857483,17.514893,0.7015785,47.15494,53.350525,6,1,366,12,0,1.0,6.123233995736766e-17,-2.4492935982947064e-16,1.0,summer,672.6431,0.20404844,55.07145,2024,,773.2455,659.6561,670.7698,273.220702820775,314.35019370464846,0.60810095,0.28430665,1.1541983,0.19659842516666667,0.13113478443811083,27.817902,27.687286,27.473572,25.745452833333335,1.4539667247510493
2024-12-31 07:00:00,1909899.0,0.42789134,0.5918969,0.5614618,99783.35,0.00019727116,27.766937,17.513184,0.7303649,54.136253,53.62783,7,1,366,12,0,0.9659258262890684,-0.2588190451025206,-2.4492935982947064e-16,1.0,summer,530.5275,0.19727117,56.14618,2024,,672.6431,520.7476,514.22406,273.761827820775,315.0547175439743,0.7015785,0.28355724,1.1121286,0.21398475225000002,0.16623358987593706,27.857483,27.60669,27.379303,25.752544375000003,1.4642284043487956
2024-12-31 08:00:00,1300866.1,0.31092486,0.6290009,0.563166,99786.836,0.00018048484,27.444763,17.519775,0.70165265,63.696102,54.671627,8,1,366,12,0,0.8660254037844387,-0.4999999999999998,-2.4492935982947064e-16,1.0,summer,361.3517,0.18048485,56.3166,2024,,530.5275,356.14487,348.2005,274.1693236541084,315.39420327422334,0.7303649,0.25656697,1.0050782,0.23260173808333331,0.19660851205997473,27.766937,27.315338,27.141205,25.759221333333333,1.4733877341565358
2024-12-31 09:00:00,711689.4,0.1595266,0.5846188,0.56552356,99816.06,0.00015571318,27.081787,17.558746,0.60599333,74.737114,55.986385,9,1,366,12,0,0.7071067811865476,-0.7071067811865475,-2.4492935982947064e-16,1.0,summer,197.6915,0.15571317,56.552357,2024,,361.3517,198.7657,189.02701,274.38627490410835,315.4548287428336,0.70165265,0.19619998,0.8528246,0.25114697475,0.21871592332725087,27.444763,26.91336,26.754608,25.764614041666665,1.4795548129973435
2024-12-31 10:00:00,280973.0,0.2115218,0.42342892,0.57132477,99860.07,0.0001362274,26.404877,17.67044,0.4733218,63.45581,58.67638,10,1,366,12,0,0.4999999999999999,-0.8660254037844387,-2.4492935982947064e-16,1.0,summer,78.04806,0.1362274,57.132477,2024,,197.6915,80.37252,71.621765,274.341516570775,315.4661006761874,0.60599333,0.17610826,0.8538381,0.26822169766666665,0.22994732131949835,27.081787,26.39737,26.090668,25.77163183333333,1.4856273973592713
2024-12-31 11:00:00,68630.92,0.10281253,0.38268998,0.57736015,99912.38,0.00012900535,25.900421,17.774994,0.39626008,74.96214,60.85414,11,1,366,12,0,0.258819045102521,-0.9659258262890682,-2.4492935982947064e-16,1.0,summer,19.064144,0.12900534,57.736015,2024,,78.04806,19.034492,15.422169,274.244664070775,315.5285916815416,0.4733218,0.09861667,0.6935142,0.28060559516666667,0.23275693871408165,26.404877,25.894104,25.496307,25.771944625,1.4857656554464842
2024-12-31 12:00:00,6353.934,-0.008832348,0.34461823,0.5773461,99953.7,0.00012823344,25.521942,17.870056,0.3447314,91.46813,62.61086,12,1,366,12,0,1.2246467991473532e-16,-1.0,-2.4492935982947064e-16,1.0,summer,1.7649817,0.12823345,57.734608,2024,,19.064144,1.615252,1.0982535,274.245899570775,315.52754897534305,0.39626008,0.103868954,0.5716011,0.2930074039166667,0.23055772664693563,25.900421,25.550476,25.097656,25.77220783333333,1.48578879665556
2024-12-31 13:00:00,17.362766,-0.090246156,0.2872114,0.58194095,99978.48,0.00013451335,25.157745,18.024475,0.30105606,107.443504,64.608116,13,1,366,12,0,-0.2588190451025208,-0.9659258262890684,-2.4492935982947064e-16,1.0,summer,0.004822991,0.13451335,58.194096,2024,,1.7649817,0.0049420986,0.003550578,274.252138308275,315.5219254704695,0.3447314,0.1344798,0.48900518,0.30304333916666665,0.22718433818718078,25.521942,25.192291,24.700623,25.771018916666666,1.4859853423558451
2024-12-31 14:00:00,0.0,-0.123127244,0.22261685,0.5889602,99977.484,0.00014367548,24.817444,18.082214,0.25439847,118.946556,66.17374,14,1,366,12,0,-0.4999999999999997,-0.8660254037844388,-2.4492935982947064e-16,1.0,summer,0.0,0.14367548,58.89602,2024,,0.004822991,0.0,0.0,274.25213334545833,315.5219299716288,0.30105606,0.13609533,0.4533731,0.30998401666666664,0.22433735963517215,25.157745,24.850067,24.317932,25.769579500000003,1.486586917218853
2024-12-31 15:00:00,0.0,-0.09884404,0.16652772,0.59943265,99955.35,0.00015224743,24.518402,18.155945,0.19365336,120.69163,67.68132,15,1,366,12,0,-0.7071067811865471,-0.7071067811865479,-2.4492935982947064e-16,1.0,summer,0.0,0.15224743,59.943264,2024,,0.0,0.0,0.0,274.25213334545833,315.5219299716288,0.25439847,0.10813998,0.4694111,0.3149133141666667,0.2216338635267412,24.817444,24.548279,24.012299,25.768220208333336,1.4874788952071805
2024-12-31 16:00:00,0.0,-0.035979275,0.12719335,0.6090892,99918.234,0.00016183492,24.248535,18.201477,0.13218418,105.794655,68.98242,16,1,366,12,0,-0.8660254037844384,-0.5000000000000004,-2.4492935982947064e-16,1.0,summer,0.0,0.16183493,60.90892,2024,,0.0,0.0,0.0,274.25213334545833,315.5219299716288,0.19365336,0.06081532,0.5219349,0.3184763716666667,0.21883487653174855,24.518402,24.29956,23.731445,25.76697533333333,1.4885563691296346
2024-12-31 17:00:00,0.0,0.04102268,0.1169379,0.6039488,99880.164,0.00016701764,24.006592,18.239166,0.1239247,70.66875,70.15826,17,1,366,12,0,-0.9659258262890684,-0.2588190451025206,-2.4492935982947064e-16,1.0,summer,0.0,0.16701764,60.39488,2024,,0.0,0.0,0.0,274.25213334545833,315.5219299716288,0.13218418,0.0619261,0.57783526,0.32145007416666666,0.21564297251283066,24.248535,24.053253,23.49408,25.764849291666668,1.4907781201056642
2024-12-31 18:00:00,0.0,0.099547096,0.119791195,0.6219816,99855.79,0.00017158495,23.813416,18.286926,0.15575479,50.273247,71.191666,18,1,366,12,0,-1.0,-1.8369701987210292e-16,-2.4492935982947064e-16,1.0,summer,0.0,0.17158495,62.198162,2024,,0.0,0.0,1.7777334e-06,274.25213334545833,315.5219299716288,0.1239247,0.10623086,0.61060256,0.32403334916666665,0.21275081642973148,24.006592,23.85263,23.292786,25.762905083333333,1.4931359237643584
2024-12-31 19:00:00,1235.8203,0.12226301,0.13321185,0.6087719,99857.1,0.00016433999,23.640106,18.304169,0.18081382,47.45401,72.016884,19,1,366,12,0,-0.9659258262890684,0.2588190451025203,-2.4492935982947064e-16,1.0,summer,0.3432834,0.16433999,60.877193,2024,,0.0,0.3316966,0.40287393,274.25213334545833,315.5219299716288,0.15575479,0.13267408,0.601702,0.32609684625,0.21077749283852754,23.813416,23.69223,23.11084,25.761271166666663,1.4953370292904213
2024-12-31 20:00:00,28413.273,0.09515606,0.14444043,0.6073897,99885.29,0.00016184514,23.624847,18.356384,0.17296737,56.623463,72.319786,20,1,366,12,0,-0.8660254037844386,0.5000000000000001,-2.4492935982947064e-16,1.0,summer,7.8925757,0.16184513,60.738968,2024,,0.3432834,8.043568,9.073108,274.25261612879166,315.5214926287507,0.18081382,0.130803,0.5319282,0.32810266875,0.20907900687317815,23.640106,23.628937,23.15326,25.759099333333335,1.4985072605345773
2024-12-31 21:00:00,170192.33,0.036042117,0.14322717,0.60073507,99935.58,0.0001540547,23.928558,18.441772,0.14769244,75.87519,71.390274,21,1,366,12,0,-0.7071067811865477,0.7071067811865474,-2.4492935982947064e-16,1.0,summer,47.275646,0.1540547,60.073505,2024,,7.8925757,47.985577,51.757565,274.2463247829583,315.52703295109313,0.17296737,0.11110254,0.41738543,0.32985951750000003,0.20752039615372464,23.624847,23.915771,23.6091,25.75892891666666,1.4987602555924844
2024-12-31 22:00:00,517547.62,0.12157523,0.1350502,0.62124646,99978.56,0.00014767451,24.737946,18.538849,0.18171157,48.005745,68.422356,22,1,366,12,0,-0.5000000000000004,0.8660254037844384,-2.4492935982947064e-16,1.0,summer,143.76323,0.14767452,62.124645,2024,,47.275646,142.98909,149.74736,274.216744324625,315.5491995034368,0.14769244,0.21965908,0.39946803,0.3313840966666666,0.20597202063852335,23.928558,24.773956,24.609924,25.759461708333333,1.4980786645640336
2024-12-31 23:00:00,1053868.1,-0.012849654,0.12871996,0.5949792,100020.57,0.00013977049,25.348663,18.493408,0.12935974,95.700745,65.78648,23,1,366,12,0,-0.2588190451025215,0.965925826289068,-2.4492935982947064e-16,1.0,summer,292.74115,0.1397705,59.49792,2024,,143.76323,292.16174,296.42795,274.24900015795833,315.53524127828484,0.18171157,0.16631229,0.34387943,0.3298029504166667,0.20701000510399212,24.737946,25.391998,25.291443,25.757961291666664,1.4991262900554567
