time,solar_radiation,wind_u,wind_v,cloud_cover,pressure,precipitation,temperature_celsius,dewpoint_celsius,wind_speed,wind_direction,relative_humidity,hour,day_of_week,day_of_year,month,is_weekend,hour_sin,hour_cos,month_sin,month_cos,season,solar_radiation_wm2,precipitation_mm,cloud_cover_pct,year,country,solar_radiation_wm2_lag_1h,solar_radiation_wm2_lag_24h,solar_radiation_wm2_lag_168h,solar_radiation_wm2_rolling_mean_24h,solar_radiation_wm2_rolling_std_24h,wind_speed_lag_1h,wind_speed_lag_24h,wind_speed_lag_168h,wind_speed_rolling_mean_24h,wind_speed_rolling_std_24h,temperature_celsius_lag_1h,temperature_celsius_lag_24h,temperature_celsius_lag_168h,temperature_celsius_rolling_mean_24h,temperature_celsius_rolling_std_24h
2024-12-11 04:00:00,0.0,-1.3961463,0.12045653,0.8260264,98809.51,4.974433e-05,-14.697662,-17.472183,1.401333,175.06886,79.38707,4,2,346,12,0,0.8660254037844386,0.5000000000000001,-2.4492935982947064e-16,1.0,winter,0.0,0.04974433,82.60264,2024,,0.0,0.0,0.0,14.535181337335834,19.806249064638035,1.3947793,0.52690536,1.9527024,0.85827758875,0.3288450441435473,-14.632935,-14.577637,-14.500092,-14.5668321875,0.22219081184522
2024-12-11 05:00:00,0.0,-1.383269,0.16723832,0.82955,98795.74,5.202512e-05,-14.776123,-17.546555,1.3933419,173.10635,79.40177,5,2,346,12,0,0.9659258262890684,0.2588190451025207,-2.4492935982947064e-16,1.0,winter,0.0,0.05202512,82.955,2024,,0.0,0.0,0.0,14.535181337335834,19.806249064638035,1.401333,0.47926053,1.8890817,0.89471207375,0.33882410181305517,-14.697662,-14.652374,-14.566589,-14.571833229166666,0.22378958030428794
2024-12-11 06:00:00,0.0,-1.365543,0.21864542,0.82830846,98784.71,5.2284315e-05,-14.793915,-17.563232,1.3829366,170.90323,79.40635,6,2,346,12,0,1.0,6.123233995736766e-17,-2.4492935982947064e-16,1.0,winter,0.0,0.052284315,82.83085,2024,,0.0,0.0,0.0,14.535181337335834,19.806249064638035,1.3933419,0.43345422,1.8376739,0.9327987974999999,0.3414583881385698,-14.776123,-14.6866455,-14.584991,-14.576989437500002,0.22712669064618327
2024-12-11 07:00:00,0.0,-1.3475801,0.24587144,0.8271582,98777.21,5.7227226e-05,-14.83255,-17.613312,1.3698266,169.65988,79.32353,7,2,346,12,0,0.9659258262890684,-0.2588190451025206,-2.4492935982947064e-16,1.0,winter,0.0,0.057227224,82.71582,2024,,0.0,0.0,0.0,14.535181337335834,19.806249064638035,1.3829366,0.4087176,1.8011258,0.9723605633333333,0.33604955274320014,-14.793915,-14.740509,-14.682648,-14.581459,0.23041013270081648
2024-12-11 08:00:00,0.0,-1.3282312,0.2632934,0.82194865,98770.945,6.089029e-05,-14.8750305,-17.65181,1.3540759,168.78767,79.34333,8,2,346,12,0,0.8660254037844387,-0.4999999999999998,-2.4492935982947064e-16,1.0,winter,0.0,0.060890287,82.19486,2024,,0.0,0.0,0.0,14.535181337335834,19.806249064638035,1.3698266,0.40511405,1.7748463,1.0124067716666667,0.32297334878728556,-14.83255,-14.752136,-14.739197,-14.585294041666666,0.2339119008709837
2024-12-11 09:00:00,0.0,-1.314578,0.24762511,0.8215677,98761.734,6.297691e-05,-14.884216,-17.664612,1.3376971,169.33226,79.317635,9,2,346,12,0,0.7071067811865476,-0.7071067811865475,-2.4492935982947064e-16,1.0,winter,0.0,0.06297691,82.15677,2024,,0.0,0.0,0.0,14.535181337335834,19.806249064638035,1.3540759,0.43734592,1.7366432,1.0519468487499999,0.30285470410647697,-14.8750305,-14.762878,-14.746521,-14.590414645833333,0.23901260305383296
2024-12-11 10:00:00,0.0,-1.50911,0.20172933,0.81596357,98734.39,6.404521e-05,-14.931274,-17.678848,1.5225333,172.38615,79.53,10,2,346,12,0,0.4999999999999999,-0.8660254037844387,-2.4492935982947064e-16,1.0,winter,0.0,0.06404521,81.59636,2024,,0.0,0.0,0.0,14.535181337335834,19.806249064638035,1.3376971,0.63001627,1.5243719,1.08946148125,0.2781714291753207,-14.884216,-14.763672,-14.777222,-14.595470395833331,0.2440495080042233
2024-12-11 11:00:00,0.17608938,-1.458492,0.226283,0.8189723,98713.49,6.744233e-05,-14.944214,-17.698547,1.4759414,171.18095,79.482574,11,2,346,12,0,0.258819045102521,-0.9659258262890682,-2.4492935982947064e-16,1.0,winter,4.8913716e-05,0.06744233,81.89723,2024,,0.0,0.00013377606,0.0008303545,14.535181337335834,19.806249064638035,1.5225333,0.63022715,1.4850752,1.1266496908333334,0.2737020833508475,-14.931274,-14.771362,-14.8098755,-14.6024538125,0.2513602628949611
2024-12-11 12:00:00,598.7049,-1.4415271,0.23926848,0.8109359,98693.67,6.8989226e-05,-14.981415,-17.738678,1.4612495,170.57582,79.45694,12,2,346,12,0,1.2246467991473532e-16,-1.0,-2.4492935982947064e-16,1.0,winter,0.16630691,0.068989225,81.09359,2024,,4.8913716e-05,0.2764279,0.54958093,14.535177801404833,19.80625177235081,1.4759414,0.67915535,1.4133853,1.1618877845833333,0.2611648738716934,-14.944214,-14.804474,-14.897644,-14.609655979166666,0.2587772856088753
2024-12-11 13:00:00,5787.3276,-1.4339038,0.25016478,0.8114022,98672.15,7.2260205e-05,-14.978119,-17.771881,1.4555626,170.10355,79.21299,13,2,346,12,0,-0.2588190451025208,-0.9659258262890684,-2.4492935982947064e-16,1.0,winter,1.607591,0.07226021,81.14022,2024,,0.16630691,2.66533,4.5018096,14.5305894268215,19.80971106813737,1.4612495,0.7430379,1.3185655,1.1944750408333333,0.24670556572759583,-14.981415,-14.800293,-14.921997,-14.617028520833335,0.266960095130486
2024-12-11 14:00:00,19650.229,-1.4286872,0.27155218,0.8114241,98651.35,7.66884e-05,-14.967041,-17.756744,1.4542654,169.2381,79.24194,14,2,346,12,0,-0.4999999999999997,-0.8660254037844388,-2.4492935982947064e-16,1.0,winter,5.458397,0.076688394,81.14241,2024,,1.607591,8.365222,13.242015,14.486516968488168,19.838412344201245,1.4555626,0.81228083,1.2290562,1.22416357,0.2324801106773102,-14.978119,-14.780243,-14.882996,-14.6244379375,0.274625421011355
2024-12-11 15:00:00,46418.934,-1.3878267,0.28309536,0.81715256,98621.734,8.1242164e-05,-14.910675,-17.72786,1.416406,168.4707,79.06749,15,2,346,12,0,-0.7071067811865471,-0.7071067811865479,-2.4492935982947064e-16,1.0,winter,12.894148,0.08124217,81.715256,2024,,5.458397,17.788961,25.21101,14.365399260154833,19.88622478203624,1.4542654,0.8609,1.1756253,1.2509129270833335,0.21960516238356848,-14.967041,-14.736725,-14.767944,-14.6322211875,0.28178681028090397
2024-12-11 16:00:00,88808.516,-1.3370478,0.29418674,0.8203335,98593.22,8.494715e-05,-14.824188,-17.676453,1.3690299,167.59108,78.84794,16,2,346,12,0,-0.8660254037844384,-0.5000000000000004,-2.4492935982947064e-16,1.0,winter,24.669033,0.08494715,82.03335,2024,,12.894148,29.763292,39.743324,14.161448718488167,19.8746835199301,1.416406,0.8918543,1.1564243,1.2740590104166667,0.20553513554176328,-14.910675,-14.733459,-14.640106,-14.639469104166665,0.286784440490795
2024-12-11 17:00:00,136195.36,-1.292037,0.29735357,0.8149278,98564.64,9.0922265e-05,-14.605621,-17.526611,1.3258126,167.03944,78.42861,17,2,346,12,0,-0.9659258262890684,-0.2588190451025206,-2.4492935982947064e-16,1.0,winter,37.832043,0.090922266,81.49278,2024,,24.669033,43.066605,54.010113,13.9491879268215,19.72746985430052,1.3690299,0.9105226,1.157596,1.2939413270833333,0.18940175696911146,-14.824188,-14.514374,-14.421143,-14.643249479166665,0.28866907730290936
2024-12-11 18:00:00,176515.73,-1.246785,0.29502383,0.81580406,98540.64,9.2873095e-05,-14.457825,-17.456055,1.2812151,166.68709,77.94491,18,2,346,12,0,-1.0,-1.8369701987210292e-16,-2.4492935982947064e-16,1.0,winter,49.03215,0.0928731,81.58041,2024,,37.832043,53.015057,63.191223,13.7310811768215,19.418061553874423,1.3258126,0.9248631,1.15129,1.3112450770833333,0.1709181562226062,-14.605621,-14.348175,-14.21167,-14.647051437500002,0.2874964142243643
2024-12-11 19:00:00,197782.77,-1.2161742,0.2944516,0.81666625,98516.42,9.5780044e-05,-14.308044,-17.353271,1.2513119,166.38985,77.66285,19,2,346,12,0,-0.9659258262890684,0.2588190451025203,-2.4492935982947064e-16,1.0,winter,54.939655,0.095780045,81.666626,2024,,49.03215,54.796825,62.746147,13.565126718488166,19.08183674977931,1.2812151,0.95578605,1.1319903,1.3260930770833335,0.15010417016527133,-14.457825,-14.247833,-14.115082,-14.651620187499999,0.28338212676692376
2024-12-11 20:00:00,186472.05,-1.189779,0.29495314,0.8166303,98498.09,9.7049015e-05,-14.131195,-17.238037,1.2257943,166.07674,77.29213,20,2,346,12,0,-0.8660254037844386,0.5000000000000001,-2.4492935982947064e-16,1.0,winter,51.79779,0.09704901,81.66303,2024,,54.939655,50.0241,54.838634,13.571077968488167,19.09527275151947,1.2513119,0.9884441,1.1035058,1.3384066541666666,0.12905087866346554,-14.308044,-14.1319275,-14.030518,-14.654128979166666,0.27989705651904484
2024-12-11 21:00:00,150452.3,-1.1704552,0.29454827,0.81278217,98485.64,0.00010028025,-14.120941,-17.232529,1.2069483,165.87466,77.263115,21,2,346,12,0,-0.7071067811865477,0.7071067811865474,-2.4492935982947064e-16,1.0,winter,41.792305,0.100280255,81.27821,2024,,51.79779,40.72423,42.261063,13.644981718488168,19.245332317926838,1.2257943,1.0434866,1.0747954,1.3482962458333334,0.10852878399195923,-14.131195,-14.16745,-14.058289,-14.654098458333335,0.2799565083514179
2024-12-11 22:00:00,99488.31,-1.3028538,0.22896343,0.7981568,98465.55,0.00010506237,-14.148926,-17.163834,1.3228198,170.03262,77.888374,22,2,346,12,0,-0.5000000000000004,0.8660254037844384,-2.4492935982947064e-16,1.0,winter,27.635643,0.105062366,79.81568,2024,,41.792305,27.343655,28.575232,13.689484843488167,19.31179337401848,1.2069483,1.1508808,0.9288913,1.35510715,0.09251613950488921,-14.120941,-14.233215,-14.203705,-14.652160583333332,0.28360872432625134
2024-12-11 23:00:00,51307.543,-1.2800605,0.26759046,0.7972961,98459.58,0.00011058916,-14.232361,-17.212326,1.3077307,168.19261,78.103134,23,2,346,12,0,-0.2588190451025215,0.965925826289068,-2.4492935982947064e-16,1.0,winter,14.252095,0.110589154,79.729614,2024,,27.635643,14.385684,15.281983,13.701651010154833,19.32085915889063,1.3228198,1.2449901,0.9444554,1.3622712750000001,0.08208286058234379,-14.148926,-14.304443,-14.300537,-14.648648541666667,0.28948331133164334
2024-12-12 00:00:00,20199.254,-1.2613025,0.27555168,0.7953615,98446.76,0.000118308584,-14.327606,-17.258224,1.291051,167.67645,78.41166,0,3,347,12,0,0.0,1.0,-2.4492935982947064e-16,1.0,winter,5.6109037,0.11830858,79.53615,2024,,14.252095,5.352444,5.6264515,13.696084801821499,19.320672767718968,1.3077307,1.3071203,0.96083593,1.3648854666666665,0.07913128672463564,-14.232361,-14.4036255,-14.402313,-14.645645125000001,0.2935550376928754
2024-12-12 01:00:00,5265.9263,-1.2532605,0.26930496,0.8019295,98426.09,0.00012519136,-14.370544,-17.269394,1.2818686,167.8725,78.61414,1,3,347,12,0,0.2588190451025207,0.9659258262890684,-2.4492935982947064e-16,1.0,winter,1.4627573,0.12519136,80.19295,2024,,5.6109037,1.2253802,1.2928623,13.706853955988167,19.315891340916853,1.291051,1.3577181,0.97092134,1.3642159125,0.07970719434856892,-14.327606,-14.497101,-14.454254,-14.642477645833333,0.29667354914443655
2024-12-12 02:00:00,308.05032,-1.2568979,0.26704863,0.8021426,98397.56,0.00012940454,-14.449768,-17.337967,1.2849542,168.00494,78.67145,2,3,347,12,0,0.4999999999999999,0.8660254037844387,-2.4492935982947064e-16,1.0,winter,0.08556953,0.12940453,80.214264,2024,,1.4627573,0.05100522,0.09124529,13.716744668488166,19.309281963476124,1.2818686,1.3818016,0.9774788,1.361055516666667,0.08146047080215461,-14.370544,-14.560486,-14.613525,-14.637204437500001,0.3004703310739156
2024-12-12 03:00:00,0.0,-1.2525983,0.2767265,0.7971939,98365.07,0.00013329413,-14.501709,-17.384918,1.2828016,167.5422,78.69587,3,3,347,12,0,0.7071067811865476,0.7071067811865476,-2.4492935982947064e-16,1.0,winter,0.0,0.13329414,79.71939,2024,,0.08556953,0.0,0.0,13.7181848480715,19.308219650819723,1.2849542,1.3947793,0.9757545,1.3570202083333331,0.0827762285453838,-14.449768,-14.632935,-14.691315,-14.6325911875,0.3025422418452388
2024-12-12 04:00:00,0.0,-1.2313981,0.2986017,0.79025906,98334.31,0.00013402128,-14.512756,-17.394241,1.267085,166.36945,78.705444,4,3,347,12,0,0.8660254037844386,0.5000000000000001,-2.4492935982947064e-16,1.0,winter,0.0,0.13402128,79.02591,2024,,0.0,0.0,0.0,13.7181848480715,19.308219650819723,1.2828016,1.401333,0.97141653,1.3523544708333333,0.0837060037704264,-14.501709,-14.697662,-14.749054,-14.627123437499998,0.30371927142140986
2024-12-12 05:00:00,0.0,-1.2168728,0.31095207,0.78224874,98311.86,0.0001330913,-14.539429,-17.410843,1.2559739,165.66573,78.76777,5,3,347,12,0,0.9659258262890684,0.2588190451025207,-2.4492935982947064e-16,1.0,winter,0.0,0.13309129,78.22488,2024,,0.0,0.0,0.0,13.7181848480715,19.308219650819723,1.267085,1.3933419,0.9599076,1.3467608041666665,0.08476951726533109,-14.512756,-14.776123,-14.819458,-14.619419020833334,0.3041969994739409
2024-12-12 06:00:00,0.0,-1.190258,0.3196225,0.78156453,98292.266,0.00012920213,-14.540863,-17.409012,1.2324256,164.96884,78.789185,6,3,347,12,0,1.0,6.123233995736766e-17,-2.4492935982947064e-16,1.0,winter,0.0,0.12920213,78.156456,2024,,0.0,0.0,0.0,13.7181848480715,19.308219650819723,1.2559739,1.3829366,0.9508305,1.3410371374999999,0.08611449637006391,-14.539429,-14.793915,-14.819183,-14.609556770833331,0.3027290124266326
2024-12-12 07:00:00,0.0,-1.175663,0.3090799,0.78362393,98282.14,0.00012132926,-14.5868225,-17.447205,1.2156125,165.27034,78.83315,7,3,347,12,0,0.9659258262890684,-0.2588190451025206,-2.4492935982947064e-16,1.0,winter,0.0,0.12132926,78.3624,2024,,0.0,0.0,0.0,13.7181848480715,19.308219650819723,1.2324256,1.3698266,0.934304,1.3347658458333334,0.08838115377920204,-14.540863,-14.83255,-14.824371,-14.5990129375,0.3004268270577412
2024-12-12 08:00:00,0.0,-1.1617275,0.2964038,0.7894084,98269.984,0.000118998614,-14.556488,-17.412659,1.1989437,165.68689,78.86609,8,3,347,12,0,0.8660254037844387,-0.4999999999999998,-2.4492935982947064e-16,1.0,winter,0.0,0.11899862,78.94084,2024,,0.0,0.0,0.0,13.7181848480715,19.308219650819723,1.2156125,1.3540759,0.92008567,1.3283402583333335,0.0912796941665387,-14.5868225,-14.8750305,-14.820282,-14.588774291666667,0.29628038526462896
2024-12-12 09:00:00,0.0,-1.1499931,0.26866463,0.7949698,98262.625,0.00011821856,-14.604095,-17.456406,1.1809592,166.85025,78.883896,9,3,347,12,0,0.7071067811865476,-0.7071067811865475,-2.4492935982947064e-16,1.0,winter,0.0,0.118218556,79.49698,2024,,0.0,0.0,0.0,13.7181848480715,19.308219650819723,1.1989437,1.3376971,0.8786919,1.3218764166666668,0.09480276897498549,-14.556488,-14.884216,-14.7178955,-14.575501687500001,0.28996697212494954
2024-12-12 10:00:00,0.0,-1.1390077,0.26166213,0.8060977,98240.91,0.00011712939,-14.548157,-17.384964,1.1686769,167.06201,78.996086,10,3,347,12,0,0.4999999999999999,-0.8660254037844387,-2.4492935982947064e-16,1.0,winter,0.0,0.11712939,80.60977,2024,,0.0,0.0,0.0,13.7181848480715,19.308219650819723,1.1809592,1.5225333,0.707401,1.3153456708333333,0.09897249237234504,-14.604095,-14.931274,-14.7682495,-14.563829979166668,0.2825430319979291
2024-12-12 11:00:00,0.24504003,-1.1325904,0.19692989,0.80864936,98214.53,0.000113863716,-14.588867,-17.410446,1.1495836,170.13626,79.09076,11,3,347,12,0,0.258819045102521,-0.9659258262890682,-2.4492935982947064e-16,1.0,winter,6.806668e-05,0.113863714,80.86494,2024,,0.0,4.8913716e-05,0.0006750682,13.7181848480715,19.308219650819723,1.1686769,1.4759414,0.6460266,1.3006016541666667,0.0929388526575429,-14.548157,-14.944214,-14.744141,-14.547866770833332,0.2714868681863888
2024-12-12 12:00:00,656.03687,-1.139346,0.1566543,0.8145068,98193.9,0.00011040937,-14.496002,-17.316696,1.1500652,172.17122,79.11178,12,3,347,12,0,1.2246467991473532e-16,-1.0,-2.4492935982947064e-16,1.0,winter,0.18223247,0.11040937,81.45068,2024,,6.806668e-05,0.16630691,0.43969923,13.718185646111666,19.30821905917534,1.1495836,1.4612495,0.6148266,1.2870034125,0.0899975921530799,-14.588867,-14.981415,-14.686737,-14.533060645833332,0.25830099827856484
2024-12-12 13:00:00,5805.196,-1.1607308,0.124289975,0.8118417,98167.02,0.00010760501,-14.516205,-17.336487,1.1673663,173.88809,79.111244,13,3,347,12,0,-0.2588190451025208,-0.9659258262890684,-2.4492935982947064e-16,1.0,winter,1.6125544,0.10760501,81.18417,2024,,0.18223247,1.607591,3.2856658,13.718849211111667,19.307733340266527,1.1500652,1.4555626,0.6095407,1.2740373999999999,0.08613578440263935,-14.496002,-14.978119,-14.702393,-14.512835104166664,0.2400253887696748
2024-12-12 14:00:00,21302.078,-1.1807683,0.10979254,0.81742203,98147.01,0.0001058608,-14.524994,-17.360077,1.1858617,174.68768,79.011345,14,3,347,12,0,-0.4999999999999997,-0.8660254037844388,-2.4492935982947064e-16,1.0,winter,5.917244,0.1058608,81.7422,2024,,1.6125544,5.458397,10.187949,13.719056019444999,19.307598000431543,1.1673663,1.4542654,0.63696396,1.2620292208333332,0.07956736268086573,-14.516205,-14.967041,-14.600922,-14.493588687499999,0.21866316860597781
2024-12-12 15:00:00,52164.465,-1.1707407,0.109445155,0.8233763,98116.03,0.00010416898,-14.426697,-17.318115,1.1758453,174.6593,78.653946,15,3,347,12,0,-0.7071067811865471,-0.7071067811865479,-2.4492935982947064e-16,1.0,winter,14.490129,0.10416898,82.33763,2024,,5.917244,12.894148,21.763636,13.738174644445001,19.299287938420733,1.1858617,1.416406,0.68297595,1.2508457333333334,0.06961298383301791,-14.524994,-14.910675,-14.497162,-14.475170062499998,0.19431033823406632
2024-12-12 16:00:00,99209.695,-1.1286128,0.117870525,0.82720107,98087.89,0.00010296676,-14.329193,-17.277481,1.1347512,174.03773,78.29498,16,3,347,12,0,-0.8660254037844384,-0.5000000000000004,-2.4492935982947064e-16,1.0,winter,27.558249,0.10296676,82.72011,2024,,14.490129,24.669033,36.40356,13.80467385277833,19.299002864864306,1.1758453,1.3690299,0.7107395,1.2408223708333332,0.061595062238301426,-14.426697,-14.824188,-14.343842,-14.455004312500002,0.17084508382873065
2024-12-12 17:00:00,152641.84,-1.064042,0.117725655,0.8346152,98057.29,0.00010149499,-14.108643,-17.150192,1.0705347,173.68645,77.7212,17,3,347,12,0,-0.9659258262890684,-0.2588190451025206,-2.4492935982947064e-16,1.0,winter,42.400513,0.10149499,83.46152,2024,,27.558249,37.832043,50.593185,13.925057852778332,19.378566690577223,1.1347512,1.3258126,0.7363931,1.2310607583333333,0.05889853979874303,-14.329193,-14.605621,-14.049591,-14.434379520833332,0.1533180416877083
2024-12-12 18:00:00,197166.14,-1.0003663,0.112352066,0.82656217,98034.14,9.891918e-05,-13.871094,-17.01065,1.0066557,173.5919,77.12565,18,3,347,12,0,-1.0,-1.8369701987210292e-16,-2.4492935982947064e-16,1.0,winter,54.76837,0.09891918,82.65622,2024,,42.400513,49.03215,61.036003,14.115410769445,19.644228564964614,1.0705347,1.2812151,0.773232,1.2204241791666666,0.06388280509336121,-14.108643,-14.457825,-13.755676,-14.413672104166665,0.16247236690227546
2024-12-12 19:00:00,216056.67,-0.9331766,0.09753032,0.833494,98013.65,0.00010299556,-13.687439,-16.914734,0.93825936,174.03343,76.59282,19,3,347,12,0,-0.9659258262890684,0.2588190451025203,-2.4492935982947064e-16,1.0,winter,60.015743,0.10299556,83.3494,2024,,54.76837,54.939655,62.065804,14.354419936111668,20.11674067356716,1.0066557,1.2513119,0.80075437,1.2089842041666665,0.07596445623338173,-13.871094,-14.308044,-13.5468445,-14.389224979166665,0.19618478921770624
2024-12-12 20:00:00,196152.38,-0.86812603,0.06822409,0.8267266,97996.016,0.00010153659,-13.539154,-16.829773,0.8708027,175.5065,76.21423,20,3,347,12,0,-0.8660254037844386,0.5000000000000001,-2.4492935982947064e-16,1.0,winter,54.48677,0.101536594,82.67266,2024,,60.015743,51.79779,55.351826,14.565923602778334,20.58327347530665,0.93825936,1.2257943,0.82379866,1.1959403483333333,0.0932832673526451,-13.687439,-14.131195,-13.321716,-14.363366437499998,0.24272905935687886
2024-12-12 21:00:00,151970.48,-0.81160927,0.01676425,0.82805926,97986.56,9.945454e-05,-13.505463,-16.811676,0.81178236,178.81668,76.120895,21,3,347,12,0,-0.7071067811865477,0.7071067811865474,-2.4492935982947064e-16,1.0,winter,42.214024,0.09945454,82.80592,2024,,54.48677,41.792305,43.633423,14.677964436111665,20.80091679224636,0.8708027,1.2069483,0.8391002,1.1811490316666668,0.11415342498578593,-13.539154,-14.120941,-13.293396,-14.338698062499999,0.2923605568940104
2024-12-12 22:00:00,97879.8,-0.75733674,-0.10226369,0.8246483,97964.164,9.599745e-05,-13.5824585,-16.736633,0.7642099,-172.30981,77.08193,22,3,347,12,0,-0.5000000000000004,0.8660254037844384,-2.4492935982947064e-16,1.0,winter,27.188833,0.09599745,82.46483,2024,,42.214024,27.635643,28.037657,14.695536061111666,20.82498176621819,0.81178236,1.3228198,0.9801399,1.1646837841666666,0.1365686215334497,-13.505463,-14.148926,-13.364899,-14.313053145833335,0.3360251439427424
2024-12-12 23:00:00,48520.54,-0.69351566,-0.17030248,0.8222884,97948.664,9.501698e-05,-13.688202,-16.801086,0.7141197,-166.20322,77.33025,23,3,347,12,0,-0.2588190451025215,0.965925826289068,-2.4492935982947064e-16,1.0,winter,13.477927,0.09501698,82.228836,2024,,27.188833,14.252095,14.208026,14.676918977778334,20.813106959913853,0.7642099,1.3077307,1.0279591,1.1414083716666668,0.15482713915853646,-13.5824585,-14.232361,-13.41571,-14.289450333333333,0.3665620079017983
2024-12-13 00:00:00,16980.652,-0.63490623,-0.23136379,0.8215826,97920.74,9.309817e-05,-13.769104,-16.858398,0.6757478,-159.97794,77.46908,0,4,348,12,0,0.0,1.0,-2.4492935982947064e-16,1.0,winter,4.716848,0.09309817,82.158264,2024,,13.477927,5.6109037,4.4293237,14.644661977778334,20.8143938746455,0.7141197,1.291051,1.0420187,1.11667458,0.17340245104929722,-13.688202,-14.327606,-13.457428,-14.266777041666666,0.3865319448121704
2024-12-13 01:00:00,3045.3267,-0.5557621,-0.29521263,0.8147995,97892.945,9.264867e-05,-13.906586,-16.946747,0.6293028,-152.0234,77.76495,1,4,348,12,0,0.2588190451025207,0.9659258262890684,-2.4492935982947064e-16,1.0,winter,0.8459241,0.09264867,81.47995,2024,,4.716848,1.4627573,0.70850986,14.607409656945,20.83205746647565,0.6757478,1.2818686,1.0370659,1.0910369466666667,0.19108475268803782,-13.769104,-14.370544,-13.483917,-14.243506124999998,0.3993114269543806
2024-12-13 02:00:00,115.133804,-0.45430556,-0.35780695,0.8134745,97854.85,9.247706e-05,-14.011475,-17.020905,0.57829005,-141.77635,77.947655,2,4,348,12,0,0.4999999999999999,0.8660254037844387,-2.4492935982947064e-16,1.0,winter,0.031981613,0.09247706,81.34745,2024,,0.8459241,0.08556953,0.023450002,14.581708273611667,20.849352994103715,0.6293028,1.2849542,1.0290828,1.063846705,0.20839407514789593,-13.906586,-14.449768,-13.561615,-14.224174541666665,0.40409580586039306
2024-12-13 03:00:00,0.0,-0.33504805,-0.41684744,0.8095058,97814.77,9.057829e-05,-14.073608,-17.049805,0.5348074,-128.79115,78.15475,3,4,348,12,0,0.7071067811865476,0.7071067811865476,-2.4492935982947064e-16,1.0,winter,0.0,0.09057829,80.950584,2024,,0.031981613,0.0,0.0,14.579475443736667,20.850975739909558,0.57829005,1.2828016,1.0228418,1.0344023654166665,0.22505222239089182,-14.011475,-14.501709,-13.595093,-14.205912333333332,0.40336051172974746
2024-12-13 04:00:00,0.0,-0.1980134,-0.47273058,0.80521554,97776.83,9.082772e-05,-14.198547,-17.190308,0.5125266,-112.72742,78.031525,4,4,348,12,0,0.8660254037844386,0.5000000000000001,-2.4492935982947064e-16,1.0,winter,0.0,0.09082772,80.52155,2024,,0.0,0.0,0.0,14.579475443736667,20.850975739909558,0.5348074,1.267085,1.0205469,1.0032359404166666,0.24042500494497407,-14.073608,-14.512756,-13.560272,-14.188074791666665,0.3991548492649033
2024-12-13 05:00:00,0.0,-0.06216216,-0.5251988,0.80503905,97742.98,8.7962595e-05,-14.310516,-17.305527,0.52886474,-96.750084,77.99114,5,4,348,12,0,0.9659258262890684,0.2588190451025207,-2.4492935982947064e-16,1.0,winter,0.0,0.0879626,80.50391,2024,,0.0,0.0,0.0,14.579475443736667,20.850975739909558,0.5125266,1.2559739,1.0238229,0.9717960070833334,0.2534074115968742,-14.198547,-14.539429,-13.537567,-14.17498275,0.3931502532604429
2024-12-13 06:00:00,0.0,0.08783064,-0.56765395,0.8106461,97713.78,8.444069e-05,-14.392487,-17.394302,0.5744086,-81.20461,77.93252,6,4,348,12,0,1.0,6.123233995736766e-17,-2.4492935982947064e-16,1.0,winter,0.0,0.08444069,81.06461,2024,,0.0,0.0,0.0,14.579475443736667,20.850975739909558,0.52886474,1.2324256,1.025435,0.9414997920833335,0.2612973194839881,-14.310516,-14.540863,-13.61908,-14.165444708333334,0.3866471601656457
2024-12-13 07:00:00,0.0,0.23437928,-0.61970866,0.8156873,97690.195,8.374714e-05,-14.492126,-17.512619,0.66255,-69.282936,77.793015,7,4,348,12,0,0.9659258262890684,-0.2588190451025206,-2.4492935982947064e-16,1.0,winter,0.0,0.08374714,81.56873,2024,,0.0,0.0,0.0,14.579475443736667,20.850975739909558,0.5744086,1.2156125,1.0177255,0.9140824170833333,0.26395253770053656,-14.392487,-14.5868225,-13.564392,-14.159262374999999,0.38153583268224395
2024-12-13 08:00:00,0.0,0.3885608,-0.67545044,0.8143567,97667.0,7.9947815e-05,-14.564178,-17.599213,0.7792386,-60.089825,77.68534,8,4,348,12,0,0.8660254037844387,-0.4999999999999998,-2.4492935982947064e-16,1.0,winter,0.0,0.079947814,81.43567,2024,,0.0,0.0,0.0,14.579475443736667,20.850975739909558,0.66255,1.1989437,1.0124207,0.89103814625,0.2606042237928098,-14.492126,-14.556488,-13.608704,-14.1553166875,0.37738905636272563
2024-12-13 09:00:00,0.0,0.53761053,-0.74357796,0.82166946,97638.445,7.7034565e-05,-14.624695,-17.652893,0.9175692,-54.132885,77.7197,9,4,348,12,0,0.7071067811865476,-0.7071067811865475,-2.4492935982947064e-16,1.0,winter,0.0,0.07703456,82.16695,2024,,0.0,0.0,0.0,14.579475443736667,20.850975739909558,0.7792386,1.1809592,1.0022092,0.8735504337499999,0.2530155984138945,-14.564178,-14.604095,-13.607788,-14.155637104166665,0.3777475683296465
2024-12-13 10:00:00,0.0,0.5479784,-0.89535993,0.8198733,97606.96,7.449698e-05,-14.607483,-17.595108,1.0497379,-58.53252,77.989044,10,4,348,12,0,0.4999999999999999,-0.8660254037844387,-2.4492935982947064e-16,1.0,winter,0.0,0.07449698,81.98733,2024,,0.0,0.0,0.0,14.579475443736667,20.850975739909558,0.9175692,1.1686769,0.8901749,0.8625758504166666,0.24467684514457064,-14.624695,-14.548157,-13.634674,-14.1564954375,0.37883272248348754
2024-12-13 11:00:00,0.1845756,0.69864035,-0.8705125,0.81626636,97581.195,7.270112e-05,-14.643982,-17.63713,1.1161946,-51.25079,77.94649,11,4,348,12,0,0.258819045102521,-0.9659258262890682,-2.4492935982947064e-16,1.0,winter,5.1271e-05,0.07270112,81.62663,2024,,0.0,6.806668e-05,0.00026165892,14.579475443736667,20.850975739909558,1.0497379,1.1495836,0.914079,0.8576200587500001,0.23935400288120443,-14.607483,-14.588867,-13.641205,-14.158967354166668,0.3816822990518923
2024-12-13 12:00:00,565.0899,0.8667371,-0.87047523,0.8188853,97549.25,7.2729104e-05,-14.672668,-17.650742,1.2283975,-45.12329,78.040794,12,4,348,12,0,1.2246467991473532e-16,-1.0,-2.4492935982947064e-16,1.0,winter,0.15696941,0.0727291,81.888535,2024,,5.1271e-05,0.18223247,0.20153688,14.579474743916668,20.85097625051269,1.1161946,1.1500652,0.91803664,0.8562288504166667,0.23767436829293445,-14.643982,-14.496002,-13.627075,-14.161263812500001,0.38453645794834485
2024-12-13 13:00:00,9301.195,1.0341021,-0.87752414,0.81027406,97520.74,7.4193e-05,-14.690643,-17.69307,1.3562506,-40.317455,77.87753,13,4,348,12,0,-0.2588190451025208,-0.9659258262890684,-2.4492935982947064e-16,1.0,winter,2.5836654,0.074193,81.027405,2024,,0.15696941,1.6125544,2.6040967,14.578422116416666,20.85173529657886,1.2283975,1.1673663,0.9150001,0.8594926962500001,0.24237623123390642,-14.672668,-14.516205,-13.541504,-14.168624895833332,0.39282448497899
2024-12-13 14:00:00,37613.586,1.2031834,-0.9010358,0.81314874,97493.12,7.48988e-05,-14.624695,-17.658997,1.5031686,-36.828674,77.6797,14,4,348,12,0,-0.4999999999999997,-0.8660254037844388,-2.4492935982947064e-16,1.0,winter,10.448218,0.0748988,81.31487,2024,,2.5836654,5.917244,9.80254,14.618885074750002,20.826407840329633,1.3562506,1.1858617,0.90933824,0.8673628754166667,0.25551815791121285,-14.690643,-14.524994,-13.476349,-14.175893145833335,0.4010626027924474
2024-12-13 15:00:00,81785.01,1.3690557,-0.9182618,0.8177923,97465.664,7.476201e-05,-14.548889,-17.642761,1.6484897,-33.8508,77.30349,15,4,348,12,0,-0.7071067811865471,-0.7071067811865479,-2.4492935982947064e-16,1.0,winter,22.718058,0.07476201,81.77923,2024,,10.448218,14.490129,21.738783,14.807675658083333,20.764542900003704,1.5031686,1.1758453,0.8834745,0.88058399625,0.2797725343762112,-14.624695,-14.426697,-13.343872,-14.180047354166666,0.4053294623672654
2024-12-13 16:00:00,136703.11,1.5434555,-0.9366656,0.81532675,97437.9,7.329036e-05,-14.375519,-17.558289,1.8054355,-31.252,76.756744,16,4,348,12,0,-0.8660254037844384,-0.5000000000000004,-2.4492935982947064e-16,1.0,winter,37.973087,0.073290356,81.53268,2024,,22.718058,27.558249,37.179527,15.150506033083333,20.826901595303855,1.6484897,1.1347512,0.8515201,0.9002775129166668,0.3157780821475778,-14.548889,-14.329193,-13.137756,-14.185138687499999,0.40931020298504994
2024-12-13 17:00:00,188920.02,1.6972681,-0.9608674,0.81877404,97413.66,7.022897e-05,-14.177734,-17.475906,1.9503808,-29.515324,76.04964,17,4,348,12,0,-0.9659258262890684,-0.2588190451025206,-2.4492935982947064e-16,1.0,winter,52.477783,0.07022897,81.8774,2024,,37.973087,42.400513,52.513145,15.584457616416666,21.201799218574212,1.8054355,1.0705347,0.81430346,0.9282226920833333,0.3635007334188511,-14.375519,-14.108643,-12.833527,-14.187068937500001,0.41012749713444147
2024-12-13 18:00:00,220053.38,1.8342228,-0.9782452,0.8159948,97396.05,6.765568e-05,-13.956726,-17.358002,2.0787826,-28.072317,75.43312,18,4,348,12,0,-1.0,-1.8369701987210292e-16,-2.4492935982947064e-16,1.0,winter,61.12594,0.06765568,81.59948,2024,,52.477783,54.76837,62.668354,16.004343866416665,21.845962712097176,1.9503808,1.0066557,0.774706,0.96488294625,0.4186600323515559,-14.177734,-13.871094,-12.6185,-14.189947729166667,0.40979542004267283
2024-12-13 19:00:00,225428.55,1.9514906,-1.0028243,0.824332,97382.6,6.6586304e-05,-13.786285,-17.242142,2.1940768,-27.197546,75.1196,19,4,348,12,0,-0.9659258262890684,0.2588190451025203,-2.4492935982947064e-16,1.0,winter,62.61904,0.0665863,82.4332,2024,,61.12594,60.015743,63.5293,16.269242616416665,22.368732641824543,2.0787826,0.93825936,0.73018336,1.0095549004166668,0.47651299511313083,-13.956726,-13.687439,-12.441071,-14.193515729166668,0.40726349359762554
2024-12-13 20:00:00,197831.97,2.0503552,-1.0238885,0.81240433,97373.87,6.841657e-05,-13.597809,-17.108429,2.2917905,-26.536222,74.810455,20,4,348,12,0,-0.8660254037844386,0.5000000000000001,-2.4492935982947064e-16,1.0,winter,54.953323,0.06841657,81.24043,2024,,62.61904,54.48677,55.341457,16.37771332475,22.59525694770204,2.1940768,0.8708027,0.6774671,1.0618806270833334,0.5338451212529928,-13.786285,-13.539154,-12.273163,-14.1976343125,0.40239380610910425
2024-12-13 21:00:00,151019.69,2.1394105,-1.0412415,0.80366564,97370.92,7.0079994e-05,-13.535919,-17.034454,2.3793406,-25.951979,74.89813,21,4,348,12,0,-0.7071067811865477,0.7071067811865474,-2.4492935982947064e-16,1.0,winter,41.949913,0.07008,80.36656,2024,,54.953323,42.214024,42.301544,16.39715303308333,22.629643920940783,2.2917905,0.81178236,0.6258686,1.1210884520833333,0.587804242571609,-13.597809,-13.505463,-12.251923,-14.200078270833336,0.3983787013401643
2024-12-13 22:00:00,97629.64,2.2620807,-1.1717975,0.7939063,97367.75,6.98644e-05,-13.658325,-17.013275,2.5475712,-27.384949,75.78271,22,4,348,12,0,-0.5000000000000004,0.8660254037844384,-2.4492935982947064e-16,1.0,winter,27.119345,0.0698644,79.390625,2024,,41.949913,27.188833,28.52809,16.386148408083333,22.616603982087337,2.3793406,0.7642099,0.65758073,1.18640337875,0.6369752330215221,-13.535919,-13.5824585,-12.32016,-14.201347270833333,0.39611192294981223
2024-12-13 23:00:00,50171.297,2.308679,-1.184033,0.78102493,97366.414,6.870606e-05,-13.710815,-16.978333,2.5945969,-27.15155,76.33082,23,4,348,12,0,-0.2588190451025215,0.965925826289068,-2.4492935982947064e-16,1.0,winter,13.936471,0.06870606,78.10249,2024,,27.119345,13.477927,15.4732485,16.38325307475,22.615165317909298,2.5475712,0.7141197,0.59523875,1.2607100995833334,0.6875911343848959,-13.658325,-13.688202,-12.479675,-14.204508374999998,0.3912308964980362
2024-12-14 00:00:00,19811.854,2.359598,-1.1919689,0.7775458,97364.125,6.847691e-05,-13.786011,-16.994537,2.6435757,-26.800972,76.69581,0,5,349,12,1,0.0,1.0,-2.4492935982947064e-16,1.0,winter,5.5032926,0.06847691,77.75458,2024,,13.936471,4.716848,5.8337812,16.40235907475,22.61279766182385,2.5945969,0.6757478,0.51136535,1.3390633162499999,0.7285222553333891,-13.710815,-13.769104,-12.639557,-14.205450583333333,0.38995856525228806
2024-12-14 01:00:00,5318.811,2.419115,-1.2075363,0.7788858,97361.28,6.7979876e-05,-13.824707,-17.014923,2.7037497,-26.526741,76.8068,1,5,349,12,1,0.2588190451025207,0.9659258262890684,-2.4492935982947064e-16,1.0,winter,1.4774475,0.06797987,77.88858,2024,,5.5032926,0.8459241,1.3077081,16.43512759975,22.595691130687474,2.6435757,0.6293028,0.42995742,1.4210561454166666,0.760650318686014,-13.786011,-13.906586,-12.705902,-14.206155041666667,0.3891504690049886
2024-12-14 02:00:00,267.8351,2.4778862,-1.2348398,0.7801071,97357.11,6.809783e-05,-13.846222,-16.968964,2.7685285,-26.489098,77.23883,2,5,349,12,1,0.4999999999999999,0.8660254037844387,-2.4492935982947064e-16,1.0,winter,0.074398644,0.06809783,78.01071,2024,,1.4774475,0.031981613,0.06610954,16.46144107475,22.577107718182432,2.7037497,0.57829005,0.36813357,1.5074914329166667,0.7842656174126614,-13.824707,-14.011475,-12.822815,-14.202743416666666,0.3922375982709476
2024-12-14 03:00:00,0.0,2.5280538,-1.2728891,0.7754383,97354.71,6.7624125e-05,-13.9123535,-17.000214,2.8304243,-26.725508,77.45355,3,5,349,12,1,0.7071067811865476,0.7071067811865476,-2.4492935982947064e-16,1.0,winter,0.0,0.06762412,77.54383,2024,,0.074398644,0.0,0.0,16.463208451041666,22.575767292635735,2.7685285,0.5348074,0.31344393,1.5987513683333334,0.7987377842606757,-13.846222,-14.073608,-12.886963,-14.195857875,0.3971607782722611
2024-12-14 04:00:00,0.0,2.5799851,-1.310519,0.78688145,97350.24,6.576104e-05,-13.959412,-17.028687,2.893749,-26.928566,77.56624,4,5,349,12,1,0.8660254037844386,0.5000000000000001,-2.4492935982947064e-16,1.0,winter,0.0,0.065761045,78.68814,2024,,0.0,0.0,0.0,16.463208451041666,22.575767292635735,2.8304243,0.5125266,0.2729823,1.6944020725,0.8032285714538602,-13.9123535,-14.198547,-12.950378,-14.1891389375,0.4006673762584189
2024-12-14 05:00:00,0.0,2.62898,-1.3505883,0.7901045,97353.29,6.4024425e-05,-13.976532,-17.027985,2.9556088,-27.190966,77.67932,5,5,349,12,1,0.9659258262890684,0.2588190451025207,-2.4492935982947064e-16,1.0,winter,0.0,0.064024426,79.01045,2024,,0.0,0.0,0.0,16.463208451041666,22.575767292635735,2.893749,0.52886474,0.2656369,1.7936196725000002,0.7979428829512295,-13.959412,-14.310516,-12.944916,-14.179174979166666,0.4033874602040191
2024-12-14 06:00:00,0.0,2.6863954,-1.389919,0.7934052,97363.44,6.273374e-05,-14.021301,-17.047668,3.0246644,-27.356676,77.83529,6,5,349,12,1,1.0,6.123233995736766e-17,-2.4492935982947064e-16,1.0,winter,0.0,0.06273374,79.340515,2024,,0.0,0.0,0.0,16.463208451041666,22.575767292635735,2.9556088,0.5744086,0.29687026,1.894734008333333,0.7843477074361712,-13.976532,-14.392487,-12.985199,-14.165258979166666,0.40441902408992125
2024-12-14 07:00:00,0.0,2.7492726,-1.4475921,0.78788173,97378.234,6.3132815e-05,-14.053589,-17.0596,3.1070924,-27.768438,77.96284,7,5,349,12,1,0.9659258262890684,-0.2588190451025206,-2.4492935982947064e-16,1.0,winter,0.0,0.063132815,78.78817,2024,,0.0,0.0,0.0,16.463208451041666,22.575767292635735,3.0246644,0.66255,0.35878304,1.996828,0.7642261676557047,-14.021301,-14.492126,-13.006866,-14.14979289583333,0.4024441476106828
2024-12-14 08:00:00,0.0,2.8070505,-1.5050968,0.78769,97394.97,6.117979e-05,-14.101196,-17.09613,3.185098,-28.199514,78.027275,8,5,349,12,1,0.8660254037844387,-0.4999999999999998,-2.4492935982947064e-16,1.0,winter,0.0,0.061179787,78.769,2024,,0.0,0.0,0.0,16.463208451041666,22.575767292635735,3.1070924,0.7792386,0.44872895,2.098683933333333,0.7412197855556899,-14.053589,-14.564178,-13.022583,-14.131520520833332,0.3961312824551353
2024-12-14 09:00:00,0.0,2.8682504,-1.5716653,0.78702563,97406.445,5.8745416e-05,-14.162994,-17.153534,3.2706256,-28.720652,78.045555,9,5,349,12,1,0.7071067811865476,-0.7071067811865475,-2.4492935982947064e-16,1.0,winter,0.0,0.058745418,78.70256,2024,,0.0,0.0,0.0,16.463208451041666,22.575767292635735,3.185098,0.9175692,0.5411532,2.198928075,0.7173181317014009,-14.101196,-14.624695,-13.069305,-14.112229604166666,0.3852698417831016
2024-12-14 10:00:00,0.0,2.9183645,-1.7376863,0.79243433,97412.74,5.777317e-05,-14.111145,-17.071442,3.3965285,-30.770903,78.25274,10,5,349,12,1,0.4999999999999999,-0.8660254037844387,-2.4492935982947064e-16,1.0,winter,0.0,0.05777317,79.24343,2024,,0.0,0.0,0.0,16.463208451041666,22.575767292635735,3.2706256,1.0497379,0.6859063,2.296972091666667,0.6950287408885294,-14.162994,-14.607483,-12.967682,-14.0929920625,0.3697842980210259
2024-12-14 11:00:00,0.07425456,2.92625,-1.7316022,0.79435873,97420.56,5.774877e-05,-14.160492,-17.120972,3.4002037,-30.614832,78.24322,11,5,349,12,1,0.258819045102521,-0.9659258262890682,-2.4492935982947064e-16,1.0,winter,2.0626267e-05,0.05774877,79.435875,2024,,0.0,5.1271e-05,0.0002981969,16.463208451041666,22.575767292635735,3.3965285,1.1161946,0.7168229,2.394755033333333,0.6767713936518575,-14.111145,-14.643982,-13.027649,-14.072311312499998,0.3532700521847
2024-12-14 12:00:00,727.613,2.951116,-1.7214246,0.796267,97426.19,5.9508413e-05,-14.176636,-17.146423,3.416488,-30.25557,78.179375,12,5,349,12,1,1.2246467991473532e-16,-1.0,-2.4492935982947064e-16,1.0,winter,0.20211472,0.059508413,79.62669,2024,,2.0626267e-05,0.15696941,0.39254317,16.463207174177793,22.575768264261427,3.4002037,1.2283975,0.76794016,2.4899220791666665,0.649190023230245,-14.160492,-14.672668,-13.087769,-14.052165895833333,0.33242339005762445
2024-12-14 13:00:00,10123.725,2.980423,-1.7087905,0.7921845,97434.65,6.231302e-05,-14.223694,-17.216064,3.4355328,-29.827295,78.02324,13,5,349,12,1,-0.2588190451025208,-0.9659258262890684,-2.4492935982947064e-16,1.0,winter,2.8121457,0.062313017,79.218445,2024,,0.20211472,2.5836654,3.8441315,16.465088228761125,22.574352362474077,3.416488,1.3562506,0.82892025,2.5810925166666667,0.6171775784781762,-14.176636,-14.690643,-13.148224,-14.031497895833333,0.30658285581978306
2024-12-14 14:00:00,37830.477,3.006606,-1.7008196,0.800463,97441.41,6.24465e-05,-14.173004,-17.221329,3.4543405,-29.496588,77.66589,14,5,349,12,1,-0.4999999999999997,-0.8660254037844388,-2.4492935982947064e-16,1.0,winter,10.508466,0.0624465,80.0463,2024,,2.8121457,10.448218,12.115857,16.474608241261123,22.5682911551523,3.4355328,1.5031686,0.91045135,2.6677292749999997,0.5827437338608191,-14.223694,-14.624695,-13.1197815,-14.0120416875,0.2762498954699691
2024-12-14 15:00:00,80752.96,3.0311432,-1.6973057,0.7944967,97445.09,5.9256745e-05,-14.02829,-17.159485,3.474,-29.24689,77.15216,15,5,349,12,1,-0.7071067811865471,-0.7071067811865479,-2.4492935982947064e-16,1.0,winter,22.431377,0.059256744,79.44967,2024,,10.508466,22.718058,24.043993,16.477118574594456,22.56759501829628,3.4543405,1.6484897,1.0118685,2.749028104166667,0.5482979048921492,-14.173004,-14.548889,-13.058228,-13.993221229166666,0.24647831391227032
2024-12-14 16:00:00,131004.31,3.0597165,-1.7036722,0.7875963,97439.875,5.8024238e-05,-13.926025,-17.144257,3.5020514,-29.109375,76.60836,16,5,349,12,1,-0.8660254037844384,-0.5000000000000004,-2.4492935982947064e-16,1.0,winter,36.390087,0.05802424,78.75963,2024,,22.431377,37.973087,38.366295,16.465173532927793,22.564223680510512,3.474,1.8054355,1.1374199,2.8250910333333334,0.5145724032280845,-14.02829,-14.375519,-12.916168,-13.971529604166664,0.21653962094821763
2024-12-14 17:00:00,176905.67,3.0703454,-1.7119315,0.7961788,97437.12,5.5153905e-05,-13.7812805,-17.105255,3.5153565,-29.142714,75.95731,17,5,349,12,1,-0.9659258262890684,-0.2588190451025206,-2.4492935982947064e-16,1.0,winter,49.140465,0.055153906,79.61788,2024,,36.390087,52.477783,51.533607,16.39921519959446,22.500844235288206,3.5020514,1.9503808,1.2619164,2.8957833625,0.484036004745887,-13.926025,-14.177734,-12.694672,-13.9528006875,0.19878993419047383
2024-12-14 18:00:00,208722.28,3.0784354,-1.718144,0.7944955,97436.13,5.253442e-05,-13.647675,-17.063354,3.525448,-29.166866,75.39956,18,5,349,12,1,-1.0,-1.8369701987210292e-16,-2.4492935982947064e-16,1.0,winter,57.978413,0.05253442,79.449554,2024,,49.140465,61.12594,59.86989,16.26016028292779,22.277387749253815,3.5153565,2.0787826,1.3825203,2.9609906833333333,0.45572334449188734,-13.7812805,-13.956726,-12.561218,-13.936281791666666,0.19573454496086398
2024-12-14 19:00:00,212911.44,3.0591717,-1.7325099,0.80137616,97438.81,5.2297655e-05,-13.496948,-16.986786,3.5156965,-29.524307,74.960205,19,5,349,12,1,-0.9659258262890684,0.2588190451025203,-2.4492935982947064e-16,1.0,winter,59.142067,0.052297655,80.13762,2024,,57.978413,62.61904,60.756245,16.129013324594457,22.009432508493347,3.525448,2.1940768,1.4868121,3.021268408333333,0.4288430287125787,-13.647675,-13.786285,-12.472168,-13.923404666666665,0.20430928220386144
2024-12-14 20:00:00,192664.95,3.026613,-1.7456232,0.8073389,97447.35,5.2355565e-05,-13.403839,-16.923035,3.4939356,-29.97454,74.79357,20,5,349,12,1,-0.8660254037844386,0.5000000000000001,-2.4492935982947064e-16,1.0,winter,53.518044,0.052355565,80.73389,2024,,59.142067,54.953323,53.60983,15.984139449594458,21.69937309113259,3.5156965,2.2917905,1.5672657,3.076335895833333,0.40202102475607315,-13.496948,-13.597809,-12.384186,-13.911348958333335,0.22063621715321388
2024-12-14 21:00:00,150137.12,2.9642572,-1.7742531,0.8002903,97456.875,5.348271e-05,-13.449554,-16.933563,3.4546773,-30.902584,75.0058,21,5,349,12,1,-0.7071067811865477,0.7071067811865474,-2.4492935982947064e-16,1.0,winter,41.704758,0.053482708,80.02903,2024,,53.518044,41.949913,41.898407,15.92433615792779,21.589001948871818,3.4939356,2.3793406,1.6240299,3.1264252750000003,0.37393001746000937,-13.403839,-13.535919,-12.457092,-13.903266875,0.2356618061309051
2024-12-14 22:00:00,103977.125,2.9078598,-1.9074268,0.7972644,97468.06,5.528232e-05,-13.661011,-16.976562,3.4776323,-33.263096,76.03301,22,5,349,12,1,-0.5000000000000004,0.8660254037844384,-2.4492935982947064e-16,1.0,winter,28.882534,0.055282317,79.72644,2024,,41.704758,27.119345,28.821163,15.914121366261126,21.576206817573617,3.4546773,2.5475712,1.5334265,3.1712309708333333,0.34372491555741574,-13.449554,-13.658325,-12.594299,-13.899668333333333,0.24208687998561745
2024-12-14 23:00:00,60191.707,2.781639,-1.8714705,0.7999452,97480.266,5.6697474e-05,-13.833405,-17.115448,3.3525987,-33.932434,76.215645,23,5,349,12,1,-0.2588190451025215,0.965925826289068,-2.4492935982947064e-16,1.0,winter,16.71992,0.056697473,79.994514,2024,,28.882534,13.936471,16.467264,15.987587574594457,21.618978447233467,3.4776323,2.5945969,1.6499714,3.2099835166666666,0.32210346930474887,-13.661011,-13.710815,-12.808807,-13.89978025,0.2419710492212271
2024-12-15 00:00:00,25239.828,2.6801834,-1.8190291,0.80117226,97490.02,5.6526784e-05,-13.882233,-17.164917,3.2391741,-34.16457,76.202675,0,6,350,12,1,0.0,1.0,-2.4492935982947064e-16,1.0,winter,7.0110636,0.056526784,80.117226,2024,,16.71992,5.5032926,7.0500526,16.103564616261124,21.614962294411182,3.3525987,2.6435757,1.7127951,3.2415669250000003,0.2951759207037112,-13.833405,-13.786011,-12.989563,-13.904888166666666,0.23908533748515384
2024-12-15 01:00:00,5861.16,2.6028302,-1.7621193,0.7993848,97493.836,5.6465113e-05,-14.020935,-17.272446,3.1432133,-34.09805,76.377396,1,6,350,12,1,0.2588190451025207,0.9659258262890684,-2.4492935982947064e-16,1.0,winter,1.6281,0.05646511,79.93848,2024,,7.0110636,1.4774475,1.6794585,16.16638840792779,21.58498347660644,3.2391741,2.7037497,1.7457432,3.266383525,0.26634355461358233,-13.882233,-13.824707,-13.129669,-13.908897416666667,0.2378085698512017
2024-12-15 02:00:00,184.16084,2.5424097,-1.7015316,0.7994715,97495.414,5.6659268e-05,-14.137665,-17.355865,3.0592575,-33.79279,76.5706,2,6,350,12,1,0.4999999999999999,0.8660254037844387,-2.4492935982947064e-16,1.0,winter,0.05115579,0.056659266,79.94715,2024,,1.6281,0.074398644,0.071738146,16.17266559542779,21.58054746850091,3.1432133,2.7685285,1.7524178,3.284694508333333,0.23976088827556058,-14.020935,-13.846222,-13.331177,-13.917073583333334,0.23816116817103014
2024-12-15 03:00:00,0.0,2.5029848,-1.6379112,0.8028518,97504.305,5.780467e-05,-14.253174,-17.440979,2.9912682,-33.200058,76.74604,3,6,350,12,1,0.7071067811865476,0.7071067811865476,-2.4492935982947064e-16,1.0,winter,0.0,0.05780467,80.28518,2024,,0.05115579,0.0,0.0,16.17169714317779,21.58130181529187,3.0592575,2.8304243,1.7586162,3.296808216666667,0.21899317160599846,-14.137665,-13.9123535,-13.443756,-13.929217041666668,0.2417938905694883
2024-12-15 04:00:00,0.0,2.4726918,-1.5755985,0.8034014,97512.44,5.7550315e-05,-14.391815,-17.555023,2.9320154,-32.505276,76.88049,4,6,350,12,1,0.8660254037844386,0.5000000000000001,-2.4492935982947064e-16,1.0,winter,0.0,0.057550315,80.34014,2024,,0.0,0.0,0.0,16.17169714317779,21.58130181529187,2.9912682,2.893749,1.7641973,3.3035100458333333,0.20618659842907122,-14.253174,-13.959412,-13.5,-13.943417895833335,0.2506081608444636
2024-12-15 05:00:00,0.0,2.4464033,-1.5208442,0.80288124,97533.266,5.6965826e-05,-14.431427,-17.584885,2.8806,-31.867786,76.9367,5,6,350,12,1,0.9659258262890684,0.2588190451025207,-2.4492935982947064e-16,1.0,winter,0.0,0.056965824,80.288124,2024,,0.0,0.0,0.0,16.17169714317779,21.58130181529187,2.9320154,2.9556088,1.7695814,3.305104479166667,0.20300355014318847,-14.391815,-13.976532,-13.634705,-13.961434687499997,0.2668264371045978
2024-12-15 06:00:00,0.0,2.418582,-1.4668384,0.80376136,97553.97,5.766585e-05,-14.446747,-17.601913,2.8286312,-31.236265,76.92288,6,6,350,12,1,1.0,6.123233995736766e-17,-2.4492935982947064e-16,1.0,winter,0.0,0.05766585,80.37614,2024,,0.0,0.0,0.0,16.17169714317779,21.58130181529187,2.8806,3.0246644,1.7705247,3.3019791125,0.20910394176312347,-14.431427,-14.021301,-13.677704,-13.980388645833335,0.28357644299208223
2024-12-15 07:00:00,0.0,2.387047,-1.4238106,0.8076764,97581.484,5.770987e-05,-14.517029,-17.652145,2.77943,-30.814962,77.04061,7,6,350,12,1,0.9659258262890684,-0.2588190451025206,-2.4492935982947064e-16,1.0,winter,0.0,0.05770987,80.76764,2024,,0.0,0.0,0.0,16.17169714317779,21.58130181529187,2.8286312,3.1070924,1.7638582,3.2938110624999997,0.22372499929504217,-14.446747,-14.053589,-13.739197,-13.998115562499999,0.299117050336814
2024-12-15 08:00:00,0.0,2.345032,-1.3866754,0.80950975,97604.7,5.7778212e-05,-14.5816345,-17.696793,2.7243428,-30.596874,77.159035,8,6,350,12,1,0.8660254037844387,-0.4999999999999998,-2.4492935982947064e-16,1.0,winter,0.0,0.057778213,80.95097,2024,,0.0,0.0,0.0,16.17169714317779,21.58130181529187,2.77943,3.185098,1.7623947,3.2801584624999998,0.2446351948594898,-14.517029,-14.101196,-13.850128,-14.0174255625,0.3172626159755996
2024-12-15 09:00:00,0.0,2.2968848,-1.3546342,0.8111146,97620.26,5.8332433e-05,-14.621094,-17.716644,2.6665921,-30.530836,77.27989,9,6,350,12,1,0.7071067811865476,-0.7071067811865475,-2.4492935982947064e-16,1.0,winter,0.0,0.058332432,81.11146,2024,,0.0,0.0,0.0,16.17169714317779,21.58130181529187,2.7243428,3.2706256,1.7634549,3.2609603291666667,0.26925950198054105,-14.5816345,-14.162994,-13.909882,-14.037443833333334,0.33730226048463263
2024-12-15 10:00:00,0.0,2.1471672,-1.3191707,0.8022268,97636.555,5.942561e-05,-14.593323,-17.655869,2.5200276,-31.565619,77.50026,10,6,350,12,1,0.4999999999999999,-0.8660254037844387,-2.4492935982947064e-16,1.0,winter,0.0,0.059425607,80.22268,2024,,0.0,0.0,0.0,16.17169714317779,21.58130181529187,2.6665921,3.3965285,1.7493132,3.235792266666667,0.29528861694656516,-14.621094,-14.111145,-13.891327,-14.056531333333332,0.3570967127735866
2024-12-15 11:00:00,0.093348585,2.10612,-1.2733583,0.80135816,97647.42,5.959146e-05,-14.639801,-17.675476,2.4611344,-31.15712,77.66808,11,6,350,12,1,0.258819045102521,-0.9659258262890682,-2.4492935982947064e-16,1.0,winter,2.5930163e-05,0.05959146,80.13582,2024,,0.0,2.0626267e-05,0.00031941244,16.17169714317779,21.58130181529187,2.5200276,3.4002037,1.7165319,3.199271395833333,0.3270398056510931,-14.593323,-14.160492,-13.950531,-14.076622083333334,0.3734906293835162
2024-12-15 12:00:00,1004.57074,2.0615184,-1.2385682,0.8070017,97666.805,5.9591097e-05,-14.610382,-17.623306,2.4049761,-30.997608,77.82237,12,6,350,12,1,1.2246467991473532e-16,-1.0,-2.4492935982947064e-16,1.0,winter,0.27904743,0.059591096,80.70017,2024,,2.5930163e-05,0.20211472,0.3942746,16.171697364173458,21.581301642491564,2.4611344,3.416488,1.6628872,3.160143508333334,0.35677872992277165,-14.639801,-14.176636,-13.943939,-14.096593291666666,0.3905934562119691
2024-12-15 13:00:00,10754.517,2.012701,-1.2036266,0.8054291,97682.76,5.9492257e-05,-14.621155,-17.6418,2.3451402,-30.88008,77.769844,13,6,350,12,1,-0.2588190451025208,-0.9659258262890684,-2.4492935982947064e-16,1.0,winter,2.9873657,0.059492256,80.54291,2024,,0.27904743,2.8121457,3.3484516,16.17490289375679,21.578832078368542,2.4049761,3.4355328,1.6044031,3.1179971791666667,0.3838946997601025,-14.610382,-14.223694,-13.981323,-14.114666041666666,0.4042538872632439
2024-12-15 14:00:00,37254.875,1.9569808,-1.1649256,0.8087144,97705.305,6.268188e-05,-14.598877,-17.648972,2.2774603,-30.76393,77.58073,14,6,350,12,1,-0.4999999999999997,-0.8660254037844388,-2.4492935982947064e-16,1.0,winter,10.348577,0.06268188,80.87144,2024,,2.9873657,10.508466,9.983413,16.182203727090126,21.574143579247043,2.3451402,3.4543405,1.5666753,3.072564154166667,0.4084204694590615,-14.621155,-14.173004,-13.943115,-14.131226916666664,0.4168593439523175
2024-12-15 15:00:00,72993.04,1.9140923,-1.1311938,0.8069955,97726.305,6.439202e-05,-14.515686,-17.611633,2.2233644,-30.582315,77.29578,15,6,350,12,1,-0.7071067811865471,-0.7071067811865479,-2.4492935982947064e-16,1.0,winter,20.275845,0.06439202,80.699554,2024,,10.348577,22.431377,20.484072,16.175541685423457,21.575996397870586,2.2774603,3.474,1.5277959,3.023527479166667,0.43063623839688275,-14.598877,-14.02829,-13.886658,-14.148971625,0.4276398156467114
2024-12-15 16:00:00,113143.15,1.9081135,-1.118136,0.81160235,97736.06,6.3877356e-05,-14.395905,-17.527039,2.2115889,-30.369888,77.087875,16,6,350,12,1,-0.8660254037844384,-0.5000000000000004,-2.4492935982947064e-16,1.0,winter,31.428652,0.06387736,81.16023,2024,,20.275845,36.390087,33.062386,16.085727852090127,21.553297627345856,2.2233644,3.5020514,1.5035698,2.9714176625,0.44903080049663524,-14.515686,-13.926025,-13.782959,-14.169279791666666,0.4331964577580402
2024-12-15 17:00:00,149965.84,1.9127537,-1.1188138,0.8157597,97747.37,6.2419516e-05,-14.218384,-17.448105,2.2159357,-30.324348,76.481895,17,6,350,12,1,-0.9659258262890684,-0.2588190451025206,-2.4492935982947064e-16,1.0,winter,41.657177,0.062419515,81.57597,2024,,31.428652,49.140465,45.39184,15.87900139375679,21.37312346119623,2.2115889,3.5153565,1.4819671,2.9176483916666665,0.45986007004793145,-14.395905,-13.7812805,-13.552582,-14.188858124999998,0.43234183121598635
2024-12-15 18:00:00,178647.69,1.9244158,-1.1428633,0.8206355,97756.02,6.109394e-05,-14.0729065,-17.350235,2.2381942,-30.705034,76.20234,18,6,350,12,1,-1.0,-1.8369701987210292e-16,-2.4492935982947064e-16,1.0,winter,49.62436,0.061093938,82.06355,2024,,41.657177,57.978413,54.89401,15.567197727090125,20.916495891721382,2.2159357,3.525448,1.4712723,2.8635058583333333,0.4629128623732584,-14.218384,-13.647675,-13.386871,-14.207070770833333,0.42354297575167477
2024-12-15 19:00:00,186851.72,1.9201124,-1.1758937,0.8272314,97768.21,6.11867e-05,-14.0043335,-17.33377,2.2515676,-31.483667,75.881546,19,6,350,12,1,-0.9659258262890684,0.2588190451025203,-2.4492935982947064e-16,1.0,winter,51.903255,0.0611867,82.723145,2024,,49.62436,59.142067,58.71938,15.219112185423457,20.238541154062627,2.2381942,3.5156965,1.468756,2.8098702833333333,0.4574235973677331,-14.0729065,-13.496948,-13.293396,-14.22478875,0.4077233281539552
2024-12-15 20:00:00,169536.72,1.889282,-1.2123444,0.81602126,97784.81,6.2555846e-05,-13.930359,-17.275864,2.2448087,-32.688118,75.79268,20,6,350,12,1,-0.8660254037844386,0.5000000000000001,-2.4492935982947064e-16,1.0,winter,47.093533,0.06255585,81.60213,2024,,51.903255,53.518044,53.616405,14.91749501875679,19.59933853082945,2.2515676,3.4939356,1.4575288,2.757198245833333,0.44523384105731034,-14.0043335,-13.403839,-13.236816,-14.2459298125,0.38059466483424126
2024-12-15 21:00:00,135891.72,1.8491819,-1.2374845,0.810454,97810.39,6.209618e-05,-13.92572,-17.237,2.2250485,-33.790695,76.011894,21,6,350,12,1,-0.7071067811865477,0.7071067811865474,-2.4492935982947064e-16,1.0,winter,37.7477,0.06209618,81.0454,2024,,47.093533,41.704758,43.542156,14.649807060423457,19.08636994176905,2.2448087,3.4546773,1.443422,2.7051512916666667,0.42804463660286474,-13.930359,-13.449554,-13.275299,-14.267868145833333,0.3432909720722497
2024-12-15 22:00:00,96597.5,1.8025223,-1.3576405,0.79373646,97835.375,6.230168e-05,-14.007355,-17.217682,2.2566068,-36.986668,76.64467,22,6,350,12,1,-0.5000000000000004,0.8660254037844384,-2.4492935982947064e-16,1.0,winter,26.83264,0.06230168,79.37364,2024,,37.7477,28.882534,30.653807,14.484929643756791,18.858222473923824,2.2250485,3.4776323,1.2529751,2.653916758333333,0.4075281183640989,-13.92572,-13.661011,-13.409149,-14.287708395833333,0.30563547231742744
2024-12-15 23:00:00,55261.54,1.7203106,-1.3390304,0.80440104,97852.07,6.189759e-05,-14.123505,-17.284744,2.1800163,-37.895958,76.94085,23,6,350,12,1,-0.2588190451025215,0.965925826289068,-2.4492935982947064e-16,1.0,winter,15.350428,0.06189759,80.4401,2024,,26.83264,16.71992,17.772663,14.399517393756794,18.79471319735848,2.2566068,3.3525987,1.1914432,2.6030406958333336,0.3751549121580568,-14.007355,-13.833405,-13.484161,-14.302139395833331,0.28202299281357857
2024-12-16 00:00:00,20829.107,1.6719627,-1.3145747,0.79580265,97868.66,6.269614e-05,-14.194916,-17.281097,2.1268678,-38.17607,77.41536,0,0,351,12,0,0.0,1.0,-2.4492935982947064e-16,1.0,winter,5.7858634,0.062696144,79.58027,2024,,15.350428,7.0110636,7.1989145,14.342455227090126,18.789440180101817,2.1800163,3.2391741,1.156025,2.5541830958333334,0.34871632065326996,-14.123505,-13.882233,-13.590271,-14.314226895833334,0.2668692893472897
2024-12-16 01:00:00,4500.734,1.6535766,-1.2792534,0.7969924,97872.53,6.206369e-05,-14.262421,-17.311432,2.090647,-37.726543,77.645996,1,0,351,12,0,0.2588190451025207,0.9659258262890684,-2.4492935982947064e-16,1.0,winter,1.2502038,0.062063694,79.69924,2024,,5.7858634,1.6281,1.4593334,14.291405218756793,18.81187627479977,2.1268678,3.1432133,1.1504323,2.507837,0.32695600651789597,-14.194916,-14.020935,-13.670776,-14.327255354166667,0.25208561271012314
2024-12-16 02:00:00,224.97751,1.6559843,-1.2376312,0.7959806,97872.75,6.180251e-05,-14.30423,-17.315079,2.067369,-36.773296,77.888405,2,0,351,12,0,0.4999999999999999,0.8660254037844387,-2.4492935982947064e-16,1.0,winter,0.062493753,0.061802506,79.59806,2024,,1.2502038,0.05115579,0.03644926,14.275659543756793,18.823091197935188,2.090647,3.0592575,1.1696583,2.4639800708333337,0.3080716617926669,-14.262421,-14.137665,-13.820648,-14.337317270833333,0.24401765021785546
2024-12-16 03:00:00,0.0,1.6818101,-1.208031,0.79570174,97872.44,6.0968105e-05,-14.4198,-17.411835,2.0707061,-35.68939,77.99206,3,0,351,12,0,0.7071067811865476,0.7071067811865476,-2.4492935982947064e-16,1.0,winter,0.0,0.060968105,79.570175,2024,,0.062493753,0.0,0.0,14.276131958881791,18.822718813284872,2.067369,2.9912682,1.1972765,2.4226513833333336,0.2907889639953271,-14.30423,-14.253174,-13.821289,-14.344257479166666,0.24043473810829544
2024-12-16 04:00:00,0.0,1.7208223,-1.1819004,0.7899839,97874.945,6.0625996e-05,-14.484985,-17.459213,2.0876107,-34.482174,78.09797,4,0,351,12,0,0.8660254037844386,0.5000000000000001,-2.4492935982947064e-16,1.0,winter,0.0,0.060625996,78.99839,2024,,0.0,0.0,0.0,14.276131958881791,18.822718813284872,2.0707061,2.9320154,1.2155493,2.3842946291666665,0.27267353632483843,-14.4198,-14.391815,-13.907837,-14.351200229166665,0.24009576760181495
2024-12-16 05:00:00,0.0,1.7612119,-1.1709123,0.7937582,97880.25,6.120351e-05,-14.574158,-17.550858,2.1149237,-33.617283,78.06657,5,0,351,12,0,0.9659258262890684,0.2588190451025207,-2.4492935982947064e-16,1.0,winter,0.0,0.061203506,79.375824,2024,,0.0,0.0,0.0,14.276131958881791,18.822718813284872,2.0876107,2.8806,1.2303892,2.3491111,0.25267128448760146,-14.484985,-14.431427,-13.983795,-14.3550823125,0.24152996005176403
2024-12-16 06:00:00,0.0,1.8024969,-1.1671417,0.7895896,97885.52,6.21057e-05,-14.594177,-17.555511,2.147374,-32.923615,78.16433,6,0,351,12,0,1.0,6.123233995736766e-17,-2.4492935982947064e-16,1.0,winter,0.0,0.062105697,78.95896,2024,,0.0,0.0,0.0,14.276131958881791,18.822718813284872,2.1149237,2.8286312,1.227973,2.3172079208333334,0.2299640494983958,-14.574158,-14.446747,-13.97757,-14.3610294375,0.24522052216638465
2024-12-16 07:00:00,0.0,1.8406633,-1.1752055,0.7900619,97892.195,6.525234e-05,-14.686371,-17.641327,2.1838381,-32.556946,78.190765,7,0,351,12,0,0.9659258262890684,-0.2588190451025206,-2.4492935982947064e-16,1.0,winter,0.0,0.06525234,79.00619,2024,,0.0,0.0,0.0,14.276131958881791,18.822718813284872,2.147374,2.77943,1.2234821,2.288822204166667,0.20475557960808946,-14.594177,-14.517029,-14.093872,-14.367172354166668,0.24927425428024658
2024-12-16 08:00:00,0.0,1.8762127,-1.2009058,0.7905744,97896.65,6.518922e-05,-14.739441,-17.688354,2.227633,-32.62205,78.221664,8,0,351,12,0,0.8660254037844387,-0.4999999999999998,-2.4492935982947064e-16,1.0,winter,0.0,0.06518922,79.057434,2024,,0.0,0.0,0.0,14.276131958881791,18.822718813284872,2.1838381,2.7243428,1.2306851,2.264005875,0.176907828852087,-14.686371,-14.5816345,-14.148682,-14.374228270833333,0.25600627851010777
2024-12-16 09:00:00,0.0,1.8973633,-1.2431812,0.8061497,97898.74,6.558446e-05,-14.789856,-17.719238,2.2683666,-33.233425,78.3422,9,0,351,12,0,0.7071067811865476,-0.7071067811865475,-2.4492935982947064e-16,1.0,winter,0.0,0.065584466,80.614975,2024,,0.0,0.0,0.0,14.276131958881791,18.822718813284872,2.227633,2.6665921,1.246524,2.2433096333333333,0.14728700367250652,-14.739441,-14.621094,-14.20163,-14.380803541666666,0.26348230778102993
2024-12-16 10:00:00,0.0,1.8690763,-1.3424231,0.78122604,97880.28,6.4967724e-05,-14.800842,-17.736496,2.3012052,-35.68697,78.298874,10,0,351,12,0,0.4999999999999999,-0.8660254037844387,-2.4492935982947064e-16,1.0,winter,0.0,0.06496772,78.122604,2024,,0.0,0.0,0.0,14.276131958881791,18.822718813284872,2.2683666,2.5200276,1.1485491,2.226716904166667,0.11680563016718641,-14.789856,-14.593323,-14.236664,-14.387835291666667,0.2722790310247011
2024-12-16 11:00:00,0.03182338,1.8681482,-1.3446665,0.78458714,97871.29,6.425535e-05,-14.85733,-17.793701,2.3017614,-35.7458,78.28459,11,0,351,12,0,0.258819045102521,-0.9659258262890682,-2.4492935982947064e-16,1.0,winter,8.839828e-06,0.06425535,78.45872,2024,,0.0,2.5930163e-05,2.1510248e-05,14.276131958881791,18.822718813284872,2.3012052,2.4611344,1.1758876,2.217599304166667,0.10028740813564643,-14.800842,-14.639801,-14.307709,-14.396481916666668,0.2822025198483307
2024-12-16 12:00:00,871.21594,1.8451173,-1.3491421,0.79328525,97866.89,6.208763e-05,-14.886932,-17.80365,2.2857475,-36.174114,78.409676,12,0,351,12,0,1.2246467991473532e-16,-1.0,-2.4492935982947064e-16,1.0,winter,0.24200442,0.06208763,79.32852,2024,,8.839828e-06,0.27904743,0.21384045,14.2761312467845,18.82271937685815,2.3017614,2.4049761,1.1945404,2.2109587625000002,0.08798210532693534,-14.85733,-14.610382,-14.311462,-14.405545625,0.29361948097532553
2024-12-16 13:00:00,11232.697,1.8157043,-1.3430032,0.79401094,97862.664,6.0264563e-05,-14.890503,-17.81955,2.2584152,-36.48884,78.32745,13,0,351,12,0,-0.2588190451025208,-0.9659258262890684,-2.4492935982947064e-16,1.0,winter,3.1201937,0.060264565,79.40109,2024,,0.24200442,2.9873657,2.4882061,14.2745877880345,18.823918517650917,2.2857475,2.3451402,1.2035809,2.2059909041666668,0.07950878730234312,-14.886932,-14.621155,-14.360016,-14.417068541666668,0.30712364242218887
2024-12-16 14:00:00,36376.383,1.8012544,-1.314093,0.7958929,97860.1,5.8784943e-05,-14.859863,-17.827042,2.2296543,-36.112366,78.08072,14,0,351,12,0,-0.4999999999999997,-0.8660254037844388,-2.4492935982947064e-16,1.0,winter,10.10455,0.058784943,79.58929,2024,,3.1201937,10.348577,9.327187,14.2801222880345,18.820474838221205,2.2584152,2.2774603,1.1998562,2.2023773625,0.07473730306658158,-14.890503,-14.598877,-14.328247,-14.428291374999999,0.3195744103353449
2024-12-16 15:00:00,70163.2,1.8223019,-1.2839862,0.7936698,97857.92,5.7172296e-05,-14.811005,-17.807678,2.229216,-35.16836,77.89474,15,0,351,12,0,-0.7071067811865471,-0.7071067811865479,-2.4492935982947064e-16,1.0,winter,19.489779,0.057172295,79.36698,2024,,10.10455,20.275845,20.039328,14.269954496367836,18.822756990335026,2.2296543,2.2233644,1.1961448,2.200385445833333,0.07327187046998114,-14.859863,-14.515686,-14.27356,-14.439165791666667,0.32990486293894883
2024-12-16 16:00:00,107053.695,1.8646739,-1.2586452,0.79340404,97848.484,5.5210785e-05,-14.785553,-17.834366,2.2497103,-34.019146,77.55676,16,0,351,12,0,-0.8660254037844384,-0.5000000000000004,-2.4492935982947064e-16,1.0,winter,29.737137,0.055210784,79.3404,2024,,19.489779,31.428652,32.805832,14.237201746367836,18.8125331232176,2.229216,2.2115889,1.2108203,2.2006292625,0.07336134002950281,-14.811005,-14.395905,-14.1970825,-14.451470749999999,0.33828410970200934
2024-12-16 17:00:00,142678.77,1.9230042,-1.2600833,0.79092133,97836.32,5.404472e-05,-14.686554,-17.819305,2.299077,-33.235546,77.026024,17,0,351,12,0,-0.9659258262890684,-0.2588190451025206,-2.4492935982947064e-16,1.0,winter,39.63299,0.054044724,79.09213,2024,,29.737137,41.657177,45.645138,14.166721954701167,18.748385520287567,2.2497103,2.2159357,1.2434796,2.2022176541666667,0.07401870084651135,-14.785553,-14.218384,-14.055359,-14.467706083333333,0.34478906760370354
2024-12-16 18:00:00,169217.67,1.9728011,-1.2712471,0.78903854,97825.89,5.4239314e-05,-14.598846,-17.78743,2.3469157,-32.7972,76.679184,18,0,351,12,0,-1.0,-1.8369701987210292e-16,-2.4492935982947064e-16,1.0,winter,47.00491,0.054239314,78.903854,2024,,39.63299,49.62436,56.261253,14.082380829701167,18.623477514133686,2.299077,2.2381942,1.2636278,2.2056818750000002,0.07658958778005408,-14.686554,-14.0729065,-13.934265,-14.487213166666669,0.3433105327976385
2024-12-16 19:00:00,179250.45,2.0032923,-1.2740281,0.7866707,97816.37,5.6809306e-05,-14.490143,-17.711609,2.3740952,-32.455017,76.48613,19,0,351,12,0,-0.9659258262890684,0.2588190451025203,-2.4492935982947064e-16,1.0,winter,49.791794,0.056809306,78.66707,2024,,47.00491,51.903255,58.561222,13.973237079701166,18.412607667359566,2.3469157,2.2515676,1.2614747,2.2102119375,0.08164467576358969,-14.598846,-14.0043335,-13.84845,-14.509127312499999,0.33232482570368194
2024-12-16 20:00:00,164276.48,2.0118983,-1.2745086,0.78529847,97817.23,5.682132e-05,-14.458466,-17.718185,2.3816185,-32.35367,76.245316,20,0,351,12,0,-0.8660254037844386,0.5000000000000001,-2.4492935982947064e-16,1.0,winter,45.63236,0.05682132,78.52985,2024,,49.791794,47.093533,53.237988,13.885259538034502,18.22760899778243,2.3740952,2.2448087,1.225107,2.2153172541666666,0.08793191821959462,-14.490143,-13.930359,-13.798828,-14.529369375,0.3145614607559759
2024-12-16 21:00:00,135517.48,1.9955018,-1.2843536,0.7782452,97820.13,5.7331472e-05,-14.523529,-17.755203,2.3730974,-32.76632,76.41423,21,0,351,12,0,-0.7071067811865477,0.7071067811865474,-2.4492935982947064e-16,1.0,winter,37.643745,0.057331473,77.824524,2024,,45.63236,37.7477,41.993176,13.82437732970117,18.113953049498896,2.3816185,2.2250485,1.1552634,2.2210176625,0.0941421217062748,-14.458466,-13.92572,-13.846832,-14.551373833333331,0.28820419545488457
2024-12-16 22:00:00,97475.67,1.9485452,-1.4048331,0.77814686,97819.29,5.853053e-05,-14.54007,-17.703125,2.4021623,-35.790283,76.85514,22,0,351,12,0,-0.5000000000000004,0.8660254037844384,-2.4492935982947064e-16,1.0,winter,27.076576,0.05853053,77.81469,2024,,37.643745,26.83264,29.1185,13.820045871367833,18.107995165691495,2.3730974,2.2566068,0.95656365,2.2271863666666665,0.09913577160424221,-14.523529,-14.007355,-13.940033,-14.576282541666664,0.25579034434203163
2024-12-16 23:00:00,53009.105,1.8861142,-1.3684398,0.7795727,97813.31,5.940635e-05,-14.644012,-17.764221,2.3302479,-35.96216,77.115166,23,0,351,12,0,-0.2588190451025215,0.965925826289068,-2.4492935982947064e-16,1.0,winter,14.724751,0.05940635,77.957275,2024,,27.076576,15.350428,16.369837,13.830209871367833,18.11568351373492,2.4021623,2.1800163,0.86302114,2.2332511791666665,0.10527602980789222,-14.54007,-14.123505,-14.039551,-14.598479,0.2256072501296422
2024-12-17 00:00:00,20845.125,1.8169519,-1.3241365,0.7830149,97807.945,6.048419e-05,-14.73822,-17.810791,2.2482553,-36.08337,77.409485,0,1,352,12,0,0.0,1.0,-2.4492935982947064e-16,1.0,winter,5.7903123,0.060484193,78.30149,2024,,14.724751,5.7858634,6.4358273,13.804139996367836,18.113850790098123,2.3302479,2.1268678,0.7794895,2.2395108291666666,0.10643307565670808,-14.644012,-14.194916,-14.141754,-14.620166791666668,0.20171577358409368
2024-12-17 01:00:00,4036.0564,1.7752876,-1.2677342,0.7764774,97799.59,6.3612584e-05,-14.865692,-17.91632,2.1814666,-35.53066,77.53096,1,1,352,12,0,0.2588190451025207,0.9659258262890684,-2.4492935982947064e-16,1.0,winter,1.1211268,0.06361259,77.64774,2024,,5.7903123,1.2502038,1.3452,13.804325367201166,18.11376518875019,2.2482553,2.090647,0.7045969,2.2445686416666666,0.1036964737129766,-14.73822,-14.262421,-14.287872,-14.642804458333332,0.18137782035977484
2024-12-17 02:00:00,88.740555,1.7475752,-1.185129,0.7811676,97788.19,6.473886e-05,-14.9991455,-18.024567,2.111528,-34.143406,77.6733,2,1,352,12,0,0.4999999999999999,0.8660254037844387,-2.4492935982947064e-16,1.0,winter,0.024650155,0.06473886,78.11676,2024,,1.1211268,0.062493753,0.07191082,13.798947158867833,18.11767347283608,2.1814666,2.067369,0.6411919,2.2483527916666666,0.09940351889743643,-14.865692,-14.30423,-14.436798,-14.66794075,0.16765327841701366
2024-12-17 03:00:00,0.0,1.7455518,-1.103434,0.7737041,97780.555,6.435986e-05,-15.139343,-18.149643,2.0650709,-32.298634,77.74858,3,1,352,12,0,0.7071067811865476,0.7071067811865476,-2.4492935982947064e-16,1.0,winter,0.0,0.06435986,77.370415,2024,,0.024650155,0.0,0.0,13.797370342284502,18.11892256571885,2.111528,2.0707061,0.5781705,2.2501927499999996,0.09626706740602249,-14.9991455,-14.4198,-14.470551,-14.696895562499998,0.16202056086949937
2024-12-17 04:00:00,0.0,1.7559923,-1.0196282,0.77683157,97770.76,6.554895e-05,-15.176605,-18.180252,2.0305543,-30.141865,77.785995,4,1,352,12,0,0.8660254037844386,0.5000000000000001,-2.4492935982947064e-16,1.0,winter,0.0,0.06554895,77.68316,2024,,0.0,0.0,0.0,13.797370342284502,18.11892256571885,2.0650709,2.0876107,0.52690536,2.24995795,0.09672963864257242,-15.139343,-14.484985,-14.577637,-14.726876520833335,0.17460146231944684
2024-12-17 05:00:00,0.0,1.7826718,-0.95287055,0.77797836,97761.81,6.529614e-05,-15.242096,-18.228912,2.021356,-28.125315,77.88578,5,1,352,12,0,0.9659258262890684,0.2588190451025207,-2.4492935982947064e-16,1.0,winter,0.0,0.065296136,77.79784,2024,,0.0,0.0,0.0,13.797370342284502,18.11892256571885,2.0305543,2.1149237,0.47926053,2.2475806,0.10147778035490475,-15.176605,-14.574158,-14.652374,-14.755694020833332,0.18939076954996775
2024-12-17 06:00:00,0.0,1.8109708,-0.892359,0.783248,97754.23,6.635388e-05,-15.285797,-18.264374,2.0188906,-26.231853,77.932724,6,1,352,12,0,1.0,6.123233995736766e-17,-2.4492935982947064e-16,1.0,winter,0.0,0.06635388,78.3248,2024,,0.0,0.0,0.0,13.797370342284502,18.11892256571885,2.021356,2.147374,0.43345422,2.2436819458333335,0.10835989677248851,-15.242096,-14.594177,-14.6866455,-14.783524770833333,0.2095571111914388
2024-12-17 07:00:00,0.0,1.8361043,-0.8518183,0.79026824,97752.16,6.714386e-05,-15.35498,-18.320618,2.0240734,-24.887856,78.00647,7,1,352,12,0,0.9659258262890684,-0.2588190451025206,-2.4492935982947064e-16,1.0,winter,0.0,0.06714386,79.026825,2024,,0.0,0.0,0.0,13.797370342284502,18.11892256571885,2.0188906,2.1838381,0.4087176,2.2383284708333333,0.11621401590200253,-15.285797,-14.686371,-14.740509,-14.812342270833334,0.22903581076495041
2024-12-17 08:00:00,0.0,1.8641037,-0.83145857,0.78936344,97753.516,6.888168e-05,-15.424377,-18.374405,2.0411286,-24.038622,78.098015,8,1,352,12,0,0.8660254037844387,-0.4999999999999998,-2.4492935982947064e-16,1.0,winter,0.0,0.06888168,78.93635,2024,,0.0,0.0,0.0,13.797370342284502,18.11892256571885,2.0240734,2.227633,0.40511405,2.2316716083333334,0.1237991967280289,-15.35498,-14.739441,-14.752136,-14.840200979166667,0.2525074790983079
2024-12-17 09:00:00,0.0,1.8763084,-0.82188416,0.79778916,97755.08,7.126549e-05,-15.541138,-18.485245,2.0484207,-23.654984,78.11741,9,1,352,12,0,0.7071067811865476,-0.7071067811865475,-2.4492935982947064e-16,1.0,winter,0.0,0.07126549,79.778915,2024,,0.0,0.0,0.0,13.797370342284502,18.11892256571885,2.0411286,2.2683666,0.43734592,2.2239005916666668,0.1297731372364297,-15.424377,-14.789856,-14.762878,-14.868739979166667,0.2780399003603156
2024-12-17 10:00:00,0.0,1.7922355,-0.8595884,0.7891744,97745.27,7.374974e-05,-15.55545,-18.512207,1.9877123,-25.623215,78.03104,10,1,352,12,0,0.4999999999999999,-0.8660254037844387,-2.4492935982947064e-16,1.0,winter,0.0,0.073749736,78.917435,2024,,0.0,0.0,0.0,13.797370342284502,18.11892256571885,2.0484207,2.3012052,0.63001627,2.2147361791666667,0.1341875449308722,-15.541138,-14.800842,-14.763672,-14.900043395833334,0.3093064475351049
2024-12-17 11:00:00,0.0360665,1.8086329,-0.83535427,0.7841951,97747.336,7.5264266e-05,-15.54953,-18.518005,1.9922272,-24.790825,77.954346,11,1,352,12,0,0.258819045102521,-0.9659258262890682,-2.4492935982947064e-16,1.0,winter,1.0018472e-05,0.07526427,78.41951,2024,,0.0,8.839828e-06,0.00013377606,13.797370342284502,18.11892256571885,1.9877123,2.3017614,0.63022715,2.201673975,0.1405134803711988,-15.55545,-14.85733,-14.771362,-14.931485395833333,0.3359872875642721
2024-12-17 12:00:00,970.9897,1.7995046,-0.8258561,0.78452283,97747.266,7.721545e-05,-15.602722,-18.559402,1.9799634,-24.652058,78.02347,12,1,352,12,0,1.2246467991473532e-16,-1.0,-2.4492935982947064e-16,1.0,winter,0.26971936,0.077215455,78.452286,2024,,1.0018472e-05,0.24200442,0.2764279,13.797370391394667,18.118922526696046,1.9922272,2.2857475,0.67915535,2.1887767166666667,0.14505938726769144,-15.54953,-14.886932,-14.804474,-14.9603270625,0.35831292060409337
2024-12-17 13:00:00,9943.828,1.7804027,-0.8020202,0.7924317,97743.96,7.804801e-05,-15.592804,-18.55487,1.9527084,-24.250195,77.98941,13,1,352,12,0,-0.2588190451025208,-0.9659258262890684,-2.4492935982947064e-16,1.0,winter,2.7621744,0.07804801,79.24317,2024,,0.26971936,3.1201937,2.66533,13.798525180561334,18.118021889048993,1.9799634,2.2584152,0.7430379,2.1760357124999996,0.14953185876883562,-15.602722,-14.890503,-14.800293,-14.99015164583333,0.3810091697330017
2024-12-17 14:00:00,27682.809,1.7643272,-0.7715687,0.78698444,97747.125,7.9306694e-05,-15.585144,-18.568283,1.9256606,-23.620533,77.85112,14,1,352,12,0,-0.4999999999999997,-0.8660254037844388,-2.4492935982947064e-16,1.0,winter,7.689669,0.07930669,78.69844,2024,,2.7621744,10.10455,8.365222,13.783607709728,18.127341143623152,1.9527084,2.2296543,0.81228083,2.1632979291666667,0.15512541176957334,-15.592804,-14.859863,-14.780243,-15.019414187499999,0.3995417269260364
2024-12-17 15:00:00,53240.406,1.7644677,-0.74467015,0.7802662,97746.96,8.010109e-05,-15.608337,-18.580353,1.915171,-22.881529,77.92079,15,1,352,12,0,-0.7071067811865471,-0.7071067811865479,-2.4492935982947064e-16,1.0,winter,14.789001,0.08010109,78.02662,2024,,7.689669,19.489779,17.788961,13.682987668061331,18.155331074175624,1.9256606,2.229216,0.8609,2.150631525,0.16174152391723634,-15.585144,-14.811005,-14.736725,-15.049634229166665,0.4141123678132027
2024-12-17 16:00:00,85676.57,1.8009267,-0.7290166,0.78287977,97744.91,8.162766e-05,-15.625549,-18.623184,1.942885,-22.038143,77.748215,16,1,352,12,0,-0.8660254037844384,-0.5000000000000004,-2.4492935982947064e-16,1.0,winter,23.799047,0.08162766,78.28798,2024,,14.789001,29.737137,29.763292,13.487121918061334,18.115274345396493,1.915171,2.2497103,0.8918543,2.1375463166666666,0.16770110156619064,-15.608337,-14.785553,-14.733459,-15.082856395833332,0.42594978289324553
2024-12-17 17:00:00,125472.375,1.8369919,-0.7297819,0.7827235,97740.74,8.208783e-05,-15.634094,-18.667221,1.9766439,-21.666443,77.51225,17,1,352,12,0,-0.9659258262890684,-0.2588190451025206,-2.4492935982947064e-16,1.0,winter,34.85344,0.08208783,78.27235,2024,,23.799047,39.63299,43.066605,13.239701501394668,17.92321350024922,1.942885,2.299077,0.9105226,2.1247619291666666,0.17045130163251315,-15.625549,-14.686554,-14.514374,-15.117856229166664,0.43487580621014454
2024-12-17 18:00:00,160349.83,1.8766676,-0.7314348,0.7758487,97737.695,8.270847e-05,-15.597443,-18.676483,2.0141692,-21.293446,77.21633,18,1,352,12,0,-1.0,-1.8369701987210292e-16,-2.4492935982947064e-16,1.0,winter,44.54162,0.08270847,77.58487,2024,,34.85344,47.00491,53.015057,13.040553584728,17.641542581087297,1.9766439,2.3469157,0.9248631,2.1113272166666666,0.16881367061563027,-15.634094,-14.598846,-14.348175,-15.157337062499998,0.4370235488309176
2024-12-17 19:00:00,179347.0,1.9140098,-0.7409315,0.78955626,97736.81,8.4230705e-05,-15.477478,-18.604324,2.0524163,-21.161896,76.92407,19,1,352,12,0,-0.9659258262890684,0.2588190451025203,-2.4492935982947064e-16,1.0,winter,49.81861,0.084230706,78.95563,2024,,44.54162,49.791794,54.796825,12.937916501394668,17.441379358622783,2.0141692,2.3740952,0.95578605,2.097462779166667,0.16215661747149485,-15.597443,-14.490143,-14.247833,-15.198945270833333,0.42900245913288
2024-12-17 20:00:00,167860.0,1.9476522,-0.7599376,0.784115,97738.44,8.309137e-05,-15.393646,-18.530762,2.090659,-21.314802,76.87186,20,1,352,12,0,-0.8660254037844386,0.5000000000000001,-2.4492935982947064e-16,1.0,winter,46.627777,0.08309137,78.4115,2024,,49.81861,45.63236,50.0241,12.939033834727999,17.44384363398045,2.0524163,2.3816185,0.9884441,2.0840594916666664,0.15122281456227646,-15.477478,-14.458466,-14.1319275,-15.240084229166667,0.4047303674278314
2024-12-17 21:00:00,134707.2,1.9551413,-0.77925324,0.7870945,97742.15,8.442911e-05,-15.381134,-18.524597,2.104712,-21.730553,76.832634,21,1,352,12,0,-0.7071067811865477,0.7071067811865474,-2.4492935982947064e-16,1.0,winter,37.418667,0.084429115,78.70945,2024,,46.627777,37.643745,40.72423,12.980509543061336,17.525947485888903,2.090659,2.3730974,1.0434866,2.071936179166667,0.13735808628192042,-15.393646,-14.523529,-14.16745,-15.2790500625,0.3697100809270872
2024-12-17 22:00:00,88558.23,1.8362917,-0.9141322,0.7716571,97741.77,8.4546e-05,-15.445343,-18.492676,2.0512447,-26.464775,77.451584,22,1,352,12,0,-0.5000000000000004,0.8660254037844384,-2.4492935982947064e-16,1.0,winter,24.599508,0.084546,77.16571,2024,,37.418667,27.076576,27.343655,12.971131293061333,17.512231076351352,2.104712,2.4021623,1.1508808,2.0607534541666666,0.12181980675624866,-15.381134,-14.54007,-14.233215,-15.314783604166665,0.3331490919023445
2024-12-17 23:00:00,45277.71,1.8412775,-0.86278963,0.76072097,97747.71,8.502051e-05,-15.562073,-18.552963,2.0333982,-25.106947,77.80379,23,1,352,12,0,-0.2588190451025215,0.965925826289068,-2.4492935982947064e-16,1.0,winter,12.577142,0.08502051,76.0721,2024,,24.599508,14.724751,14.385684,12.867920126394667,17.43260235334294,2.0512447,2.3302479,1.2449901,2.0461318875,0.09773988408161896,-15.445343,-14.644012,-14.304443,-15.3525033125,0.29008613824554436
2024-12-18 00:00:00,16228.095,1.8543713,-0.84527636,0.75477576,97746.74,8.681738e-05,-15.732452,-18.680283,2.0379364,-24.504877,78.06003,0,2,353,12,0,0.0,1.0,-2.4492935982947064e-16,1.0,winter,4.507804,0.086817384,75.47758,2024,,12.577142,5.7903123,5.352444,12.778436418061332,17.428168011725145,2.0333982,2.2482553,1.3071203,2.03376315,0.0767518689331505,-15.562073,-14.73822,-14.4036255,-15.390755854166665,0.25041622761584054
2024-12-18 01:00:00,4158.7344,1.8779122,-0.844833,0.75311226,97742.484,8.896234e-05,-15.872589,-18.801956,2.0591981,-24.221973,78.15897,1,2,353,12,0,0.2588190451025207,0.9659258262890684,-2.4492935982947064e-16,1.0,winter,1.1552039,0.08896234,75.311226,2024,,4.507804,1.1211268,1.2253802,12.724998572228001,17.452475684677044,2.0379364,2.1814666,1.3577181,2.0249998625,0.06173470043359129,-15.732452,-14.865692,-14.497101,-15.432182187500002,0.2179006984733488
2024-12-18 02:00:00,289.05814,1.9149805,-0.85152334,0.7538176,97732.664,9.105719e-05,-16.042969,-18.950836,2.0957677,-23.973003,78.27339,2,2,353,12,0,0.4999999999999999,0.8660254037844387,-2.4492935982947064e-16,1.0,winter,0.08029392,0.09105719,75.38176,2024,,1.1552039,0.024650155,0.05100522,12.726418451394666,17.45149194235446,2.0591981,2.111528,1.3818016,2.0199053416666666,0.05263564858661896,-15.872589,-14.9991455,-14.560486,-15.474136229166668,0.20031063489098452
2024-12-18 03:00:00,0.0,1.9591724,-0.85917807,0.7470004,97722.93,9.193224e-05,-16.211334,-19.104095,2.1392858,-23.679436,78.34587,3,2,353,12,0,0.7071067811865476,0.7071067811865476,-2.4492935982947064e-16,1.0,winter,0.0,0.091932245,74.70004,2024,,0.08029392,0.0,0.0,12.728736941602998,17.44973470848814,2.0957677,2.0650709,1.3947793,2.0192486625000003,0.05152956136814173,-16.042969,-15.139343,-14.632935,-15.517628875,0.20593539963677346
2024-12-18 04:00:00,0.0,2.0211706,-0.8725182,0.75053984,97710.93,9.418717e-05,-16.307709,-19.204529,2.2014585,-23.34935,78.30237,4,2,353,12,0,0.8660254037844386,0.5000000000000001,-2.4492935982947064e-16,1.0,winter,0.0,0.09418717,75.053986,2024,,0.0,0.0,0.0,12.728736941602998,17.44973470848814,2.1392858,2.0305543,1.401333,2.02234095,0.05639593883865442,-16.211334,-15.176605,-14.697662,-15.562295166666667,0.2345820221343613
2024-12-18 05:00:00,0.0,2.0899067,-0.90119356,0.74741304,97708.164,9.503632e-05,-16.449951,-19.374542,2.2759306,-23.326302,78.09223,5,2,353,12,0,0.9659258262890684,0.2588190451025207,-2.4492935982947064e-16,1.0,winter,0.0,0.09503632,74.7413,2024,,0.0,0.0,0.0,12.728736941602998,17.44973470848814,2.2014585,2.021356,1.3933419,2.0294619583333335,0.06722776712487678,-16.307709,-15.242096,-14.776123,-15.609424500000001,0.26533304570653665
2024-12-18 06:00:00,0.0,2.1559062,-0.9465307,0.737534,97702.42,9.4550895e-05,-16.53424,-19.441742,2.3545387,-23.703432,78.19227,6,2,353,12,0,1.0,6.123233995736766e-17,-2.4492935982947064e-16,1.0,winter,0.0,0.09455089,73.753395,2024,,0.0,0.0,0.0,12.728736941602998,17.44973470848814,2.2759306,2.0188906,1.3829366,2.0400692333333335,0.08390753540395535,-16.449951,-15.285797,-14.793915,-15.659751791666666,0.3043170456101291
2024-12-18 07:00:00,0.0,2.2156417,-0.994174,0.7316583,97701.43,9.114642e-05,-16.6091,-19.536713,2.4284666,-24.16611,78.044754,7,2,353,12,0,0.9659258262890684,-0.2588190451025206,-2.4492935982947064e-16,1.0,winter,0.0,0.091146424,73.165825,2024,,0.0,0.0,0.0,12.728736941602998,17.44973470848814,2.3545387,2.0240734,1.3698266,2.0540545708333333,0.10543476706517863,-16.53424,-15.35498,-14.83255,-15.71177025,0.3419858398957158
2024-12-18 08:00:00,0.0,2.2737508,-1.0541729,0.7334088,97699.734,9.029865e-05,-16.724945,-19.674713,2.5062368,-24.873724,77.87654,8,2,353,12,0,0.8660254037844387,-0.4999999999999998,-2.4492935982947064e-16,1.0,winter,0.0,0.09029865,73.34088,2024,,0.0,0.0,0.0,12.728736941602998,17.44973470848814,2.4284666,2.0411286,1.3540759,2.0709042875,0.12990813787446817,-16.6091,-15.424377,-14.8750305,-15.764025249999998,0.3789181737406293
2024-12-18 09:00:00,0.0,2.3084707,-1.1374696,0.7364905,97696.85,8.796498e-05,-16.789276,-19.746262,2.5734947,-26.231188,77.81712,9,2,353,12,0,0.7071067811865476,-0.7071067811865475,-2.4492935982947064e-16,1.0,winter,0.0,0.08796498,73.64905,2024,,0.0,0.0,0.0,12.728736941602998,17.44973470848814,2.5062368,2.0484207,1.3376971,2.0902837958333333,0.15711600466644077,-16.724945,-15.541138,-14.884216,-15.818215583333334,0.41910070460250126
2024-12-18 10:00:00,0.0,2.2300715,-1.2382551,0.7389671,97685.68,8.39822e-05,-16.92871,-19.870544,2.5507832,-29.04138,77.894424,10,2,353,12,0,0.4999999999999999,-0.8660254037844387,-2.4492935982947064e-16,1.0,winter,0.0,0.0839822,73.89671,2024,,0.0,0.0,0.0,12.728736941602998,17.44973470848814,2.5734947,1.9877123,1.5225333,2.1121618791666665,0.1850990030742169,-16.789276,-15.55545,-14.931274,-15.870221333333333,0.45878479404121275
2024-12-18 11:00:00,0.023337146,2.2499928,-1.2414085,0.73960626,97676.87,7.89606e-05,-17.043488,-19.978561,2.5697398,-28.887226,77.91992,11,2,353,12,0,0.258819045102521,-0.9659258262890682,-2.4492935982947064e-16,1.0,winter,6.482541e-06,0.0789606,73.960625,2024,,0.0,1.0018472e-05,4.8913716e-05,12.728736941602998,17.44973470848814,2.5507832,1.9922272,1.4759414,2.1356231666666665,0.2034173626322108,-16.92871,-15.54953,-14.944214,-15.927440500000001,0.5014700424081941
2024-12-18 12:00:00,409.59872,2.237166,-1.2321352,0.73925495,97668.92,7.3038806e-05,-17.095917,-20.048737,2.55403,-28.844088,77.791824,12,2,353,12,0,1.2246467991473532e-16,-1.0,-2.4492935982947064e-16,1.0,winter,0.11377742,0.07303881,73.92549,2024,,6.482541e-06,0.26971936,0.16630691,12.728736794272542,17.449734820631132,2.5697398,1.9799634,1.4612495,2.1596861916666668,0.219258283926039,-17.043488,-15.602722,-14.981415,-15.98968875,0.5434835337743671
2024-12-18 13:00:00,7649.9585,2.2332072,-1.2105279,0.74012506,97660.88,6.8631576e-05,-17.208008,-20.170822,2.5401952,-28.460262,77.7053,13,2,353,12,0,-0.2588190451025208,-0.9659258262890684,-2.4492935982947064e-16,1.0,winter,2.1249886,0.068631575,74.012505,2024,,0.11377742,2.7621744,1.607591,12.722239213439208,17.45460411850976,2.55403,1.9527084,1.4555626,2.1836056333333334,0.22985646668692114,-17.095917,-15.592804,-14.978119,-16.051905208333334,0.5814040896313366
2024-12-18 14:00:00,30421.016,2.226042,-1.1981531,0.7411744,97651.34,6.5265456e-05,-17.247223,-20.256668,2.52801,-28.29108,77.38637,14,2,353,12,0,-0.4999999999999997,-0.8660254037844388,-2.4492935982947064e-16,1.0,winter,8.450282,0.065265454,74.11744,2024,,2.1249886,7.689669,5.458397,12.695689805105873,17.470889609327152,2.5401952,1.9256606,1.4542654,2.20808425,0.23541301485113422,-17.208008,-15.585144,-14.967041,-16.119205374999996,0.618265550873435
2024-12-18 15:00:00,67469.63,2.2387633,-1.1818006,0.7414928,97636.41,6.096946e-05,-17.251602,-20.30629,2.5315437,-27.82872,77.08385,15,2,353,12,0,-0.7071067811865471,-0.7071067811865479,-2.4492935982947064e-16,1.0,winter,18.741564,0.06096946,74.149284,2024,,8.450282,14.789001,12.894148,12.72738201343921,17.462101526591354,2.52801,1.915171,1.416406,2.2331821416666666,0.23610197514568618,-17.247223,-15.608337,-14.910675,-16.188458666666666,0.6482048948211195
2024-12-18 16:00:00,116096.805,2.272769,-1.1661693,0.74272066,97614.14,5.6356133e-05,-17.278152,-20.397797,2.554492,-27.16259,76.64764,16,2,353,12,0,-0.8660254037844384,-0.5000000000000004,-2.4492935982947064e-16,1.0,winter,32.24911,0.056356132,74.272064,2024,,18.741564,23.799047,24.669033,12.892072138439206,17.50098621780299,2.5315437,1.942885,1.3690299,2.2588643375,0.23351510613422524,-17.251602,-15.625549,-14.824188,-16.256928041666665,0.6706622211430919
2024-12-18 17:00:00,163364.84,2.2925186,-1.1318955,0.7463786,97593.22,5.336256e-05,-17.123535,-20.3573,2.5567224,-26.277142,75.92366,17,2,353,12,0,-0.9659258262890684,-0.2588190451025206,-2.4492935982947064e-16,1.0,winter,45.379124,0.05336256,74.63786,2024,,32.24911,34.85344,37.832043,13.244158096772543,17.81218634300879,2.554492,1.9766439,1.3258126,2.2843479625,0.23089060273391526,-17.278152,-15.634094,-14.605621,-16.3257865,0.687641935577161
2024-12-18 18:00:00,201661.62,2.3158927,-1.0885061,0.7536178,97569.664,5.476594e-05,-17.009186,-20.33757,2.558946,-25.174265,75.32688,18,2,353,12,0,-1.0,-1.8369701987210292e-16,-2.4492935982947064e-16,1.0,winter,56.017117,0.05476594,75.361786,2024,,45.379124,44.54162,49.03215,13.68272826343921,18.48428276125868,2.5567224,2.0141692,1.2812151,2.3085179,0.22761775766894143,-17.123535,-15.597443,-14.457825,-16.387846541666665,0.6897104720273196
2024-12-18 19:00:00,211414.89,2.3125048,-1.0476165,0.7580401,97552.58,5.6065423e-05,-16.902557,-20.291245,2.5387356,-24.371592,74.95586,19,2,353,12,0,-0.9659258262890684,0.2588190451025203,-2.4492935982947064e-16,1.0,winter,58.72636,0.05606542,75.80401,2024,,56.017117,49.81861,54.939655,14.16087397177254,19.440905577411005,2.558946,2.0524163,1.2513119,2.3312169333333332,0.22412472966388738,-17.009186,-15.477478,-14.308044,-16.446669166666666,0.6794945322387175
2024-12-18 20:00:00,193418.7,2.301659,-0.993056,0.764694,97543.16,5.870789e-05,-16.713104,-20.105896,2.5067499,-23.33789,74.9657,20,2,353,12,0,-0.8660254037844386,0.5000000000000001,-2.4492935982947064e-16,1.0,winter,53.727417,0.05870789,76.4694,2024,,58.72636,46.627777,51.79779,14.532030221772542,20.22065760509053,2.5387356,2.090659,1.2257943,2.3514802375,0.21976403751464366,-16.902557,-15.393646,-14.131195,-16.50604745833333,0.6528625358806659
2024-12-18 21:00:00,152029.3,2.2907913,-0.9444441,0.7523998,97537.78,6.1083825e-05,-16.689026,-20.053085,2.4778416,-22.405302,75.1562,21,2,353,12,0,-0.7071067811865477,0.7071067811865474,-2.4492935982947064e-16,1.0,winter,42.230362,0.061083823,75.23998,2024,,53.727417,37.418667,41.792305,14.827848555105874,20.75547705752331,2.5067499,2.104712,1.2069483,2.368817358333333,0.21464636966109887,-16.713104,-15.381134,-14.120941,-16.561024875,0.6092109401978549
2024-12-18 22:00:00,101868.65,2.176039,-0.8852284,0.7645129,97524.52,6.229407e-05,-16.853363,-20.1223,2.3492074,-22.136848,75.743835,22,2,353,12,0,-0.5000000000000004,0.8660254037844384,-2.4492935982947064e-16,1.0,winter,28.296846,0.062294073,76.45129,2024,,42.230362,24.599508,27.635643,15.028335846772542,21.004920772080993,2.4778416,2.0512447,1.3228198,2.3843644250000002,0.20809843473534934,-16.689026,-15.445343,-14.148926,-16.615520375,0.5551788150917157
2024-12-18 23:00:00,55398.883,2.2372308,-0.84180295,0.7679094,97529.75,6.257664e-05,-17.010986,-20.248001,2.3903627,-20.619814,75.92328,23,2,353,12,0,-0.2588190451025215,0.965925826289068,-2.4492935982947064e-16,1.0,winter,15.388578,0.062576644,76.79094,2024,,28.296846,12.577142,14.252095,15.182391596772542,21.09155039127111,2.3492074,2.0333982,1.3077307,2.3967795375,0.19589061623722867,-16.853363,-15.562073,-14.232361,-16.674187875,0.4975500803575803
2024-12-19 00:00:00,19930.736,2.267335,-0.8068167,0.7711163,97527.17,6.1765226e-05,-17.108398,-20.284164,2.4066079,-19.587776,76.3078,0,3,354,12,0,0.0,1.0,-2.4492935982947064e-16,1.0,winter,5.5363154,0.061765227,77.11163,2024,,15.388578,4.507804,5.6109037,15.29953476343921,21.08425777758559,2.3903627,2.0379364,1.291051,2.4116530583333335,0.18000820411474125,-17.010986,-15.732452,-14.327606,-16.73455925,0.4414871364717467
2024-12-19 01:00:00,3288.8635,2.2801397,-0.7788373,0.77174056,97523.96,6.155567e-05,-17.21782,-20.381851,2.4094863,-18.858852,76.365105,1,3,354,12,0,0.2588190451025207,0.9659258262890684,-2.4492935982947064e-16,1.0,winter,0.9135732,0.061555672,77.17406,2024,,5.5363154,1.1552039,1.4627573,15.342389405105875,21.062403370140025,2.4066079,2.0591981,1.2818686,2.427014370833333,0.16150998978439335,-17.108398,-15.872589,-14.370544,-16.79189033333333,0.39229550220308823
2024-12-19 02:00:00,225.9216,2.2761326,-0.7614501,0.77632004,97513.23,6.139002e-05,-17.335114,-20.466751,2.400122,-18.496983,76.55784,2,3,354,12,0,0.4999999999999999,0.8660254037844387,-2.4492935982947064e-16,1.0,winter,0.062756,0.06139002,77.632,2024,,0.9135732,0.08029392,0.08556953,15.332321459272542,21.069536316382,2.4094863,2.0957677,1.2849542,2.4416097125,0.14140165035322458,-17.21782,-16.042969,-14.449768,-16.847941625,0.34894260824110945
2024-12-19 03:00:00,0.0,2.2665977,-0.7333603,0.77374464,97506.63,6.13766e-05,-17.333572,-20.428406,2.3822854,-17.929047,76.80216,3,3,354,12,0,0.7071067811865476,0.7071067811865476,-2.4492935982947064e-16,1.0,winter,0.0,0.0613766,77.374466,2024,,0.062756,0.0,0.0,15.331590712605875,21.07008859265059,2.400122,2.1392858,1.2828016,2.454291141666667,0.12124834374513267,-17.335114,-16.211334,-14.501709,-16.901781,0.31761950337219985
2024-12-19 04:00:00,0.0,2.248254,-0.7057799,0.77177393,97497.59,6.238304e-05,-17.377533,-20.460724,2.356432,-17.4283,76.87162,4,3,354,12,0,0.8660254037844386,0.5000000000000001,-2.4492935982947064e-16,1.0,winter,0.0,0.06238304,77.17739,2024,,0.0,0.0,0.0,15.331590712605875,21.07008859265059,2.3822854,2.2014585,1.267085,2.464416125,0.10249555546164524,-17.333572,-16.307709,-14.512756,-16.948540916666666,0.2932234700351493
2024-12-19 05:00:00,0.0,2.2291646,-0.66283906,0.7742159,97501.8,6.304369e-05,-17.489807,-20.5708,2.3256247,-16.559772,76.86601,5,3,354,12,0,0.9659258262890684,0.2588190451025207,-2.4492935982947064e-16,1.0,winter,0.0,0.06304369,77.421585,2024,,0.0,0.0,0.0,15.331590712605875,21.07008859265059,2.356432,2.2759306,1.2559739,2.4708733541666668,0.08923246478772084,-17.377533,-16.449951,-14.539429,-16.99311691666667,0.27212690975126436
2024-12-19 06:00:00,0.0,2.2142189,-0.6149698,0.7730863,97504.97,6.409921e-05,-17.523163,-20.601105,2.2980325,-15.521923,76.88031,6,3,354,12,0,1.0,6.123233995736766e-17,-2.4492935982947064e-16,1.0,winter,0.0,0.06409921,77.30863,2024,,0.0,0.0,0.0,15.331590712605875,21.07008859265059,2.3256247,2.3545387,1.2324256,2.4729439416666668,0.08498786407251004,-17.489807,-16.53424,-14.540863,-17.03644425,0.2645618119252351
2024-12-19 07:00:00,0.0,2.1957777,-0.5568281,0.76644546,97515.75,6.142584e-05,-17.484833,-20.549301,2.265281,-14.2296915,76.97695,7,3,354,12,0,0.9659258262890684,-0.2588190451025206,-2.4492935982947064e-16,1.0,winter,0.0,0.06142584,76.64455,2024,,0.0,0.0,0.0,15.331590712605875,21.07008859265059,2.2980325,2.4284666,1.2156125,2.4705895166666667,0.08909416695706951,-17.523163,-16.6091,-14.5868225,-17.077649375,0.2599143036551281
2024-12-19 08:00:00,0.0,2.1879404,-0.5042872,0.76557904,97531.69,6.0706265e-05,-17.543411,-20.58844,2.2453036,-12.979148,77.09611,8,3,354,12,0,0.8660254037844387,-0.4999999999999998,-2.4492935982947064e-16,1.0,winter,0.0,0.060706265,76.55791,2024,,0.0,0.0,0.0,15.331590712605875,21.07008859265059,2.265281,2.5062368,1.1989437,2.4637901166666665,0.09820927216730387,-17.484833,-16.724945,-14.556488,-17.11413825,0.25264519857158524
2024-12-19 09:00:00,0.0,2.1776912,-0.46303064,0.7580473,97545.29,6.272842e-05,-17.557266,-20.589386,2.226373,-12.003728,77.17986,9,3,354,12,0,0.7071067811865476,-0.7071067811865475,-2.4492935982947064e-16,1.0,winter,0.0,0.06272842,75.804726,2024,,0.0,0.0,0.0,15.331590712605875,21.07008859265059,2.2453036,2.5734947,1.1809592,2.4529179,0.10732602119035992,-17.543411,-16.789276,-14.604095,-17.148241,0.25306576589590823
2024-12-19 10:00:00,0.0,2.06222,-0.5926943,0.74920726,97555.625,6.481697e-05,-17.703857,-20.66217,2.1457024,-16.034964,77.64887,10,3,354,12,0,0.4999999999999999,-0.8660254037844387,-2.4492935982947064e-16,1.0,winter,0.0,0.064816974,74.92072,2024,,0.0,0.0,0.0,15.331590712605875,21.07008859265059,2.226373,2.5507832,1.1686769,2.438454495833333,0.11357766669253666,-17.557266,-16.92871,-14.548157,-17.180240583333333,0.2542544687625043
2024-12-19 11:00:00,0.008486235,2.0326686,-0.5009836,0.748129,97566.805,6.8931484e-05,-17.720627,-20.701675,2.093496,-13.8455105,77.493095,11,3,354,12,0,0.258819045102521,-0.9659258262890682,-2.4492935982947064e-16,1.0,winter,2.3572875e-06,0.06893148,74.812904,2024,,0.0,6.482541e-06,6.806668e-05,15.331590712605875,21.07008859265059,2.1457024,2.5697398,1.1495836,2.4215761291666666,0.12561956648053124,-17.703857,-17.043488,-14.588867,-17.212538374999998,0.269678849544288
2024-12-19 12:00:00,707.6724,2.0181637,-0.42522338,0.75507593,97571.86,7.0897506e-05,-17.778534,-20.748886,2.062474,-11.898086,77.554794,12,3,354,12,0,1.2246467991473532e-16,-1.0,-2.4492935982947064e-16,1.0,winter,0.19657567,0.070897505,75.50759,2024,,2.3572875e-06,0.11377742,0.18223247,15.331590540720311,21.070088723160513,2.093496,2.55403,1.1500652,2.4017326375,0.13818388725456734,-17.720627,-17.095917,-14.496002,-17.2407525,0.2861426233529276
2024-12-19 13:00:00,6395.092,2.0209913,-0.35946006,0.7464388,97579.55,7.3511685e-05,-17.806854,-20.762405,2.0527098,-10.085344,77.64943,13,3,354,12,0,-0.2588190451025208,-0.9659258262890684,-2.4492935982947064e-16,1.0,winter,1.7764144,0.07351168,74.64388,2024,,0.19657567,2.1249886,1.6125544,15.335040467803646,21.067495307014212,2.062474,2.5401952,1.1673663,2.3812511375,0.1505084464343546,-17.778534,-17.208008,-14.516205,-17.269194875,0.3044596918898785
2024-12-19 14:00:00,23477.07,2.0319219,-0.33174777,0.7550689,97585.52,7.51209e-05,-17.811462,-20.787811,2.0588255,-9.272751,77.508675,14,3,354,12,0,-0.4999999999999997,-0.8660254037844388,-2.4492935982947064e-16,1.0,winter,6.5214086,0.0751209,75.50689,2024,,1.7764144,8.450282,5.917244,15.320516542803647,21.077116226295246,2.0527098,2.52801,1.1858617,2.3609392458333334,0.16067637892391193,-17.806854,-17.247223,-14.524994,-17.294146791666666,0.3231901000156004
2024-12-19 15:00:00,57309.6,2.0585513,-0.3206361,0.764629,97594.7,7.693365e-05,-17.728897,-20.750732,2.0833726,-8.853146,77.2181,15,3,354,12,0,-0.7071067811865471,-0.7071067811865479,-2.4492935982947064e-16,1.0,winter,15.919333,0.076933645,76.4629,2024,,6.5214086,18.741564,14.490129,15.240146817803646,21.108107043912025,2.0588255,2.5315437,1.1758453,2.3413898916666667,0.1678478213037982,-17.811462,-17.251602,-14.426697,-17.31765675,0.33972753048998067
2024-12-19 16:00:00,104205.39,2.0966625,-0.33493468,0.7642015,97600.48,7.8686564e-05,-17.665817,-20.74701,2.1232462,-9.076119,76.83294,16,3,354,12,0,-0.8660254037844384,-0.5000000000000004,-2.4492935982947064e-16,1.0,winter,28.945942,0.078686565,76.42015,2024,,15.919333,32.24911,27.558249,15.122553859470313,21.095610202300847,2.0833726,2.554492,1.1347512,2.3227160958333335,0.17067919208313154,-17.728897,-17.278152,-14.329193,-17.337544041666668,0.34952162915728163
2024-12-19 17:00:00,156610.48,2.1272454,-0.36433062,0.76510173,97609.08,7.9854166e-05,-17.428696,-20.626312,2.158219,-9.71868,76.104744,17,3,354,12,0,-0.9659258262890684,-0.2588190451025206,-2.4492935982947064e-16,1.0,winter,43.50291,0.07985417,76.51017,2024,,28.945942,45.379124,42.400513,14.984921859470312,20.98952349273894,2.1232462,2.5567224,1.0705347,2.3047475208333332,0.1678950486262969,-17.665817,-17.123535,-14.108643,-17.35369675,0.3555630790734943
2024-12-19 18:00:00,199935.83,2.1442306,-0.40509674,0.7731256,97614.46,7.9740195e-05,-17.27855,-20.531921,2.1821613,-10.698456,75.76611,18,3,354,12,0,-1.0,-1.8369701987210292e-16,-2.4492935982947064e-16,1.0,winter,55.53773,0.0797402,77.31256,2024,,43.50291,56.017117,54.76837,14.90674627613698,20.87457749439821,2.158219,2.558946,1.0066557,2.2881432125,0.16147466936701255,-17.428696,-17.009186,-13.871094,-17.366411791666668,0.3524169772789977
2024-12-19 19:00:00,213897.27,2.1395829,-0.44300666,0.77346665,97624.984,7.9920384e-05,-17.100067,-20.424377,2.1849644,-11.697955,75.33615,19,3,354,12,0,-0.9659258262890684,0.2588190451025203,-2.4492935982947064e-16,1.0,winter,59.41591,0.07992038,77.346664,2024,,55.53773,58.72636,60.015743,14.886771817803647,20.83371885432191,2.1821613,2.5387356,0.93825936,2.27244385,0.15204208798809227,-17.27855,-16.902557,-13.687439,-17.377635291666667,0.3447515751114375
2024-12-19 20:00:00,195004.16,2.097942,-0.48677516,0.77127177,97636.984,8.2050545e-05,-16.937439,-20.3154,2.153674,-13.062914,75.01862,20,3,354,12,0,-0.8660254037844386,0.5000000000000001,-2.4492935982947064e-16,1.0,winter,54.16782,0.08205055,77.127174,2024,,59.41591,53.727417,54.48677,14.915503067803646,20.89718432619933,2.1849644,2.5067499,0.8708027,2.2577033833333333,0.14191438408388987,-17.100067,-16.713104,-13.539154,-17.385864875,0.3351413241671357
2024-12-19 21:00:00,153445.42,2.0393803,-0.5255157,0.7680411,97655.63,8.4076026e-05,-16.87741,-20.223175,2.1060007,-14.449851,75.23895,21,3,354,12,0,-0.7071067811865477,0.7071067811865474,-2.4492935982947064e-16,1.0,winter,42.62373,0.084076025,76.80411,2024,,54.16782,42.230362,42.214024,14.933853192803646,20.932910258591605,2.153674,2.4778416,0.81178236,2.2429918875,0.1329950302976604,-16.937439,-16.689026,-13.505463,-17.395212166666667,0.31826533301266957
2024-12-19 22:00:00,102889.27,1.956569,-0.7336607,0.7697977,97672.22,8.617665e-05,-17.115295,-20.34491,2.0895982,-20.554691,75.95241,22,3,354,12,0,-0.5000000000000004,0.8660254037844384,-2.4492935982947064e-16,1.0,winter,28.580353,0.086176656,76.97977,2024,,42.62373,28.296846,27.188833,14.95024352613698,20.95535447883289,2.1060007,2.3492074,0.7642099,2.2274985166666665,0.1259171095474021,-16.87741,-16.853363,-13.5824585,-17.4030615,0.30199887730492636
2024-12-19 23:00:00,56528.812,1.8487287,-0.7209339,0.77418834,97684.87,8.498728e-05,-17.1884,-20.378677,1.9843245,-21.303892,76.19749,23,3,354,12,0,-0.2588190451025215,0.965925826289068,-2.4492935982947064e-16,1.0,winter,15.702448,0.08498728,77.41883,2024,,28.580353,15.388578,13.477927,14.962056317803645,20.9632836462235,2.0895982,2.3903627,0.7141197,2.216681466666667,0.12615776257345523,-17.115295,-17.010986,-13.688202,-17.41397533333333,0.28555505362565337
2024-12-20 00:00:00,23816.375,1.7399322,-0.6939346,0.776689,97692.34,7.855108e-05,-17.35579,-20.512833,1.8732083,-21.743523,76.38599,0,4,355,12,0,0.0,1.0,-2.4492935982947064e-16,1.0,winter,6.6156597,0.07855108,77.6689,2024,,15.702448,5.5363154,4.716848,14.975134234470312,20.963659200448337,1.9843245,2.4066079,0.6757478,2.1997632083333336,0.12904635067342757,-17.1884,-17.108398,-13.769104,-17.421367583333332,0.2768323286727749
2024-12-20 01:00:00,6068.7207,1.6569909,-0.65899944,0.7731669,97694.3,6.982303e-05,-17.43309,-20.584793,1.7832272,-21.688139,76.40712,1,4,355,12,0,0.2588190451025207,0.9659258262890684,-2.4492935982947064e-16,1.0,winter,1.6857557,0.06982303,77.31669,2024,,6.6156597,0.9135732,0.8459241,15.02010691363698,20.943678235942656,1.8732083,2.4094863,0.6293028,2.1775382249999997,0.13752733780011192,-17.35579,-17.21782,-13.906586,-17.431675583333334,0.26917196064735727
2024-12-20 02:00:00,217.3155,1.5967246,-0.63040495,0.7761206,97688.61,6.451544e-05,-17.59578,-20.709671,1.7166654,-21.544668,76.6281,2,4,355,12,0,0.4999999999999999,0.8660254037844387,-2.4492935982947064e-16,1.0,winter,0.06036542,0.06451544,77.61206,2024,,1.6857557,0.062756,0.031981613,15.052281184470312,20.92164670511279,1.7832272,2.400122,0.57829005,2.1514440958333334,0.15041338224865294,-17.43309,-17.335114,-14.011475,-17.440645166666666,0.2652946212125093
2024-12-20 03:00:00,0.0,1.5358686,-0.6025577,0.78893304,97679.945,6.0149792e-05,-17.687698,-20.788101,1.6498388,-21.421255,76.70109,3,4,355,12,0,0.7071067811865476,0.7071067811865476,-2.4492935982947064e-16,1.0,winter,0.0,0.060149793,78.8933,2024,,0.06036542,0.0,0.0,15.052181576970312,20.921721178288234,1.7166654,2.3822854,0.5348074,2.1229667375,0.16525146104653776,-17.59578,-17.333572,-14.073608,-17.45150625,0.2661208701557056
2024-12-20 04:00:00,0.0,1.4743289,-0.58602995,0.7815371,97669.79,5.672437e-05,-17.787506,-20.875153,1.5865297,-21.67729,76.76794,4,4,355,12,0,0.8660254037844386,0.5000000000000001,-2.4492935982947064e-16,1.0,winter,0.0,0.05672437,78.15371,2024,,0.0,0.0,0.0,15.052181576970312,20.921721178288234,1.6498388,2.356432,0.5125266,2.0924481291666663,0.1820577630870618,-17.687698,-17.377533,-14.198547,-17.466261499999998,0.2690983448020361
2024-12-20 05:00:00,0.0,1.4000078,-0.57022274,0.78854877,97664.0,5.50953e-05,-17.848984,-20.91275,1.5116799,-22.16105,76.916176,5,4,355,12,0,0.9659258262890684,0.2588190451025207,-2.4492935982947064e-16,1.0,winter,0.0,0.0550953,78.85487,2024,,0.0,0.0,0.0,15.052181576970312,20.921721178288234,1.5865297,2.3256247,0.52886474,2.0603688666666664,0.2004238708593185,-17.787506,-17.489807,-14.310516,-17.483343708333333,0.276141282278268
2024-12-20 06:00:00,0.0,1.3270038,-0.54855,0.79932934,97659.27,5.40162e-05,-17.842682,-20.888245,1.4359131,-22.458971,77.03896,6,4,355,12,0,1.0,6.123233995736766e-17,-2.4492935982947064e-16,1.0,winter,0.0,0.0540162,79.93294,2024,,0.0,0.0,0.0,15.052181576970312,20.921721178288234,1.5116799,2.2980325,0.5744086,2.0264545000000003,0.2213592640410314,-17.848984,-17.523163,-14.392487,-17.498309416666668,0.2860615538374464
2024-12-20 07:00:00,0.0,1.2431982,-0.5163513,0.8063927,97662.64,5.6965928e-05,-17.867386,-20.916718,1.3461651,-22.55512,77.00933,7,4,355,12,0,0.9659258262890684,-0.2588190451025206,-2.4492935982947064e-16,1.0,winter,0.0,0.05696593,80.639275,2024,,0.0,0.0,0.0,15.052181576970312,20.921721178288234,1.4359131,2.265281,0.66255,1.9905328583333335,0.24415017097781208,-17.842682,-17.484833,-14.492126,-17.51162270833333,0.29457698597619103
2024-12-20 08:00:00,0.0,1.1867256,-0.47327068,0.8132415,97667.516,5.8012683e-05,-17.92006,-20.983688,1.277616,-21.742302,76.904274,8,4,355,12,0,0.8660254037844387,-0.4999999999999998,-2.4492935982947064e-16,1.0,winter,0.0,0.058012683,81.32415,2024,,0.0,0.0,0.0,15.052181576970312,20.921721178288234,1.3461651,2.2453036,0.7792386,1.9522363625,0.26990645610872394,-17.867386,-17.543411,-14.564178,-17.527562416666665,0.3032856927860038
2024-12-20 09:00:00,0.0,1.1326044,-0.43460247,0.81345916,97674.875,5.554868e-05,-17.970657,-21.025284,1.2131249,-20.992786,76.955345,9,4,355,12,0,0.7071067811865476,-0.7071067811865475,-2.4492935982947064e-16,1.0,winter,0.0,0.05554868,81.34592,2024,,0.0,0.0,0.0,15.052181576970312,20.921721178288234,1.277616,2.226373,0.9175692,1.9119160458333333,0.2953071461810175,-17.92006,-17.557266,-14.624695,-17.543256125,0.3137073559516958
2024-12-20 10:00:00,0.0,0.97010505,-0.4650005,0.8256546,97666.664,5.2436604e-05,-17.97844,-21.026245,1.0757924,-25.609802,76.999596,10,4,355,12,0,0.4999999999999999,-0.8660254037844387,-2.4492935982947064e-16,1.0,winter,0.0,0.052436605,82.56546,2024,,0.0,0.0,0.0,15.052181576970312,20.921721178288234,1.2131249,2.1457024,1.0497379,1.869697375,0.31980925326724763,-17.970657,-17.703857,-14.607483,-17.56048075,0.3256323443967667
2024-12-20 11:00:00,0.0042431173,0.95082444,-0.36350828,0.82667315,97661.71,4.9649338e-05,-17.958069,-21.000198,1.0179417,-20.922281,77.041245,11,4,355,12,0,0.258819045102521,-0.9659258262890682,-2.4492935982947064e-16,1.0,winter,1.1786437e-06,0.04964934,82.66731,2024,,0.0,2.3572875e-06,5.1271e-05,15.052181576970312,20.921721178288234,1.0757924,2.093496,1.1161946,1.8251177916666668,0.3525560848650454,-17.97844,-17.720627,-14.643982,-17.571921708333335,0.3355611418681844
2024-12-20 12:00:00,492.50287,0.9429064,-0.26798177,0.82683975,97654.46,4.9141014e-05,-17.974289,-21.026245,0.9802483,-15.865586,76.97256,12,4,355,12,0,1.2246467991473532e-16,-1.0,-2.4492935982947064e-16,1.0,winter,0.13680635,0.049141012,82.683975,2024,,1.1786437e-06,0.19657567,0.15696941,15.052181527860155,20.92172121515684,1.0179417,2.062474,1.2283975,1.7803030291666666,0.38392191847534757,-17.958069,-17.778534,-14.672668,-17.581815125,0.3435414532853839
2024-12-20 13:00:00,7843.032,0.9512102,-0.16968656,0.8195732,97649.914,4.951945e-05,-17.92575,-21.00557,0.9662269,-10.114608,76.79511,13,4,355,12,0,-0.2588190451025208,-0.9659258262890684,-2.4492935982947064e-16,1.0,winter,2.17862,0.04951945,81.95732,2024,,0.13680635,1.7764144,2.5836654,15.049691139526821,20.92356989072011,0.9802483,2.0527098,1.3562506,1.7352102916666665,0.4118766964944027,-17.974289,-17.806854,-14.690643,-17.589971583333334,0.35066505461580594
2024-12-20 14:00:00,31301.812,0.98114544,-0.07049728,0.81882435,97651.46,4.9502323e-05,-17.86972,-20.99173,0.9836749,-4.1097546,76.5242,14,4,355,12,0,-0.4999999999999997,-0.8660254037844388,-2.4492935982947064e-16,1.0,winter,8.694948,0.049502324,81.88244,2024,,2.17862,6.5214086,10.448218,15.066449706193486,20.912634756797416,0.9662269,2.0588255,1.5031686,1.6899401708333335,0.4345472310522552,-17.92575,-17.811462,-14.624695,-17.594925583333332,0.3546791387582204
2024-12-20 15:00:00,70929.75,1.0269955,0.020084882,0.82238376,97654.21,4.897915e-05,-17.81961,-20.991638,1.0271919,1.1203868,76.20148,15,4,355,12,0,-0.7071067811865471,-0.7071067811865479,-2.4492935982947064e-16,1.0,winter,19.70271,0.04897915,82.23837,2024,,8.694948,15.919333,22.718058,15.157013847860155,20.878699556155933,0.9836749,2.0833726,1.6484897,1.6451422291666666,0.45000915552031145,-17.86972,-17.728897,-14.548889,-17.597353000000002,0.3564206259015044
2024-12-20 16:00:00,123361.266,1.0814077,0.08456818,0.82450193,97651.62,4.975724e-05,-17.608505,-20.851746,1.0847093,4.471541,75.770836,16,4,355,12,0,-0.8660254037844384,-0.5000000000000004,-2.4492935982947064e-16,1.0,winter,34.267017,0.04975724,82.450195,2024,,19.70271,28.945942,37.973087,15.314654556193489,20.898978545229202,1.0271919,2.1232462,1.8054355,1.6011347,0.4568810314957533,-17.81961,-17.665817,-14.375519,-17.601132708333335,0.3583520081716744
2024-12-20 17:00:00,174164.8,1.1375799,0.1246305,0.82055706,97647.09,5.0666484e-05,-17.364563,-20.716812,1.1443866,6.252251,75.10374,17,4,355,12,0,-0.9659258262890684,-0.2588190451025206,-2.4492935982947064e-16,1.0,winter,48.37911,0.050666485,82.0557,2024,,34.267017,43.50291,52.477783,15.536366014526822,21.077340293917132,1.0847093,2.158219,1.9503808,1.5578623291666664,0.4544552970365997,-17.608505,-17.428696,-14.177734,-17.59874470833333,0.3580930867887404
2024-12-20 18:00:00,210999.06,1.1870695,0.1497932,0.82037616,97640.14,5.1979416e-05,-17.138397,-20.581726,1.1964833,7.191992,74.556984,18,4,355,12,0,-1.0,-1.8369701987210292e-16,-2.4492935982947064e-16,1.0,winter,58.61085,0.051979415,82.03761,2024,,48.37911,55.53773,61.12594,15.739541014526822,21.37997420075852,1.1443866,2.1821613,2.0787826,1.5156193125000001,0.44320413878010684,-17.364563,-17.27855,-13.956726,-17.5960725,0.3596531109585925
2024-12-20 19:00:00,222002.8,1.2092094,0.16044188,0.80965817,97637.14,5.6503446e-05,-16.925323,-20.430725,1.219807,7.5580454,74.19926,19,4,355,12,0,-0.9659258262890684,0.2588190451025203,-2.4492935982947064e-16,1.0,winter,61.667442,0.056503445,80.96582,2024,,58.61085,59.41591,62.61904,15.86758768119349,21.636357898734982,1.1964833,2.1849644,2.1940768,1.474549395833333,0.4240065503280712,-17.138397,-17.100067,-13.786285,-17.590232791666665,0.3661127266271466
2024-12-20 20:00:00,199040.9,1.2003706,0.16768624,0.8007979,97632.625,5.741591e-05,-16.754395,-20.296112,1.2120265,7.952492,74.00047,20,4,355,12,0,-0.8660254037844386,0.5000000000000001,-2.4492935982947064e-16,1.0,winter,55.28914,0.05741591,80.07979,2024,,61.667442,54.16782,54.953323,15.961401514526822,21.83733805425421,1.219807,2.153674,2.2917905,1.4343345041666666,0.39871348917721877,-16.925323,-16.937439,-13.597809,-17.58295179166667,0.37783458391391994
2024-12-20 21:00:00,155630.17,1.1633527,0.19015257,0.797027,97634.18,5.871509e-05,-16.718475,-20.21753,1.1787907,9.283031,74.28065,21,4,355,12,0,-0.7071067811865477,0.7071067811865474,-2.4492935982947064e-16,1.0,winter,43.230602,0.05871509,79.7027,2024,,55.28914,42.62373,41.949913,16.008123181193486,21.92366487606913,1.2120265,2.1060007,2.3793406,1.3950991916666666,0.37015813147993754,-16.754395,-16.87741,-13.535919,-17.575324958333333,0.39297526867438753
2024-12-20 22:00:00,105707.94,1.1641777,0.20988867,0.8018663,97636.41,6.037367e-05,-16.936737,-20.286652,1.1829467,10.220023,75.20071,22,4,355,12,0,-0.5000000000000004,0.8660254037844384,-2.4492935982947064e-16,1.0,winter,29.363316,0.06037367,80.18663,2024,,43.230602,28.580353,27.119345,16.03340951452682,21.95602359450609,1.1787907,2.0895982,2.5475712,1.3564654416666668,0.33988353392682674,-16.718475,-17.115295,-13.658325,-17.568702666666667,0.40635891017818165
2024-12-20 23:00:00,57142.39,1.1207546,0.22852495,0.7970804,97639.9,6.3060754e-05,-17.056915,-20.320328,1.1438158,11.524781,75.741844,23,4,355,12,0,-0.2588190451025215,0.965925826289068,-2.4492935982947064e-16,1.0,winter,15.872887,0.06306075,79.70804,2024,,29.363316,15.702448,13.936471,16.066032972860153,21.976049642064066,1.1829467,1.9843245,2.5945969,1.3186882958333335,0.3032686561183554,-16.936737,-17.1884,-13.710815,-17.56126275,0.41652848977568513
2024-12-21 00:00:00,22227.172,1.0594727,0.25461164,0.7906994,97641.75,6.612175e-05,-17.155457,-20.3461,1.0896373,13.513025,76.20115,0,5,356,12,1,0.0,1.0,-2.4492935982947064e-16,1.0,winter,6.1742144,0.06612175,79.06994,2024,,15.872887,6.6156597,5.5032926,16.073134597860154,21.97595457882285,1.1438158,1.8732083,2.6435757,1.2836671,0.2697362965651274,-17.056915,-17.35579,-13.786011,-17.555784208333332,0.42246827927344566
2024-12-21 01:00:00,4278.6387,0.99746406,0.29386133,0.78695583,97635.48,6.993184e-05,-17.253082,-20.374542,1.0398505,16.415419,76.64016,1,5,356,12,1,0.2588190451025207,0.9659258262890684,-2.4492935982947064e-16,1.0,winter,1.1885108,0.06993184,78.69559,2024,,6.1742144,1.6857557,1.4774475,16.054741043693486,21.98439763129759,1.0896373,1.7832272,2.7037497,1.2510183083333333,0.24118660403377895,-17.155457,-17.43309,-13.824707,-17.547437,0.4285272681649022
2024-12-21 02:00:00,101.50491,0.9473065,0.35312292,0.8014128,97614.46,7.177997e-05,-17.37593,-20.416107,1.0109824,20.443705,77.15836,2,5,356,12,1,0.4999999999999999,0.8660254037844387,-2.4492935982947064e-16,1.0,winter,0.02819581,0.071779974,80.14128,2024,,1.1885108,0.06036542,0.074398644,16.034022506193487,21.998757634404477,1.0398505,1.7166654,2.7685285,1.2200442791666666,0.21631826999993614,-17.253082,-17.59578,-13.846222,-17.539936666666666,0.43217542530749276
2024-12-21 03:00:00,0.0,0.9289959,0.42230585,0.80472326,97592.63,7.4880205e-05,-17.435806,-20.428864,1.0204781,24.44574,77.46272,3,5,356,12,1,0.7071067811865476,0.7071067811865476,-2.4492935982947064e-16,1.0,winter,0.0,0.074880205,80.47233,2024,,0.02819581,0.0,0.0,16.03268210577682,21.999774194412637,1.0109824,1.6498388,2.8304243,1.1906408208333332,0.19253203815813674,-17.37593,-17.687698,-13.9123535,-17.53077625,0.43326889686291065
2024-12-21 04:00:00,0.0,0.9408313,0.5028366,0.80244434,97574.39,7.87897e-05,-17.404312,-20.381348,1.0667746,28.122717,77.57564,4,5,356,12,1,0.8660254037844386,0.5000000000000001,-2.4492935982947064e-16,1.0,winter,0.0,0.0787897,80.24443,2024,,0.0,0.0,0.0,16.03268210577682,21.999774194412637,1.0204781,1.5865297,2.893749,1.1644174583333333,0.1686475724840831,-17.435806,-17.787506,-13.959412,-17.520280749999998,0.43235229853012047
2024-12-21 05:00:00,0.0,0.9617181,0.5595958,0.8024406,97559.414,8.111843e-05,-17.450241,-20.400345,1.1126766,30.193882,77.7484,5,5,356,12,1,0.9659258262890684,0.2588190451025207,-2.4492935982947064e-16,1.0,winter,0.0,0.08111843,80.24406,2024,,0.0,0.0,0.0,16.03268210577682,21.999774194412637,1.0667746,1.5116799,2.9556088,1.1427609958333333,0.1435974766031341,-17.404312,-17.848984,-13.976532,-17.504314333333333,0.4291182523090159
2024-12-21 06:00:00,0.0,0.9957837,0.6040053,0.81140447,97546.445,8.245939e-05,-17.477646,-20.407516,1.1646491,31.239437,77.87973,6,5,356,12,1,1.0,6.123233995736766e-17,-2.4492935982947064e-16,1.0,winter,0.0,0.08245939,81.14045,2024,,0.0,0.0,0.0,16.03268210577682,21.999774194412637,1.1126766,1.4359131,3.0246644,1.1261358583333332,0.12022367557685158,-17.450241,-17.842682,-14.021301,-17.487700041666667,0.4228669657409802
2024-12-21 07:00:00,0.0,1.0288755,0.64646864,0.8077596,97542.63,8.17164e-05,-17.458221,-20.389252,1.2151158,32.14219,77.87529,7,5,356,12,1,0.9659258262890684,-0.2588190451025206,-2.4492935982947064e-16,1.0,winter,0.0,0.081716396,80.775955,2024,,0.0,0.0,0.0,16.03268210577682,21.999774194412637,1.1646491,1.3461651,3.1070924,1.1148331916666667,0.10105770276994484,-17.477646,-17.867386,-14.053589,-17.472490208333333,0.4160536954651878
2024-12-21 08:00:00,0.0,1.0677285,0.6724772,0.80843925,97543.33,8.286063e-05,-17.50531,-20.447113,1.2618517,32.203556,77.79463,8,5,356,12,1,0.8660254037844387,-0.4999999999999998,-2.4492935982947064e-16,1.0,winter,0.0,0.08286063,80.843925,2024,,0.0,0.0,0.0,16.03268210577682,21.999774194412637,1.2151158,1.277616,3.185098,1.1093728041666668,0.09106083332432643,-17.458221,-17.92006,-14.101196,-17.45544166666667,0.4074630332773733
2024-12-21 09:00:00,0.0,1.1083734,0.673499,0.8095245,97548.164,8.461326e-05,-17.457458,-20.415436,1.2969551,31.284803,77.69424,9,5,356,12,1,0.7071067811865476,-0.7071067811865475,-2.4492935982947064e-16,1.0,winter,0.0,0.08461326,80.952446,2024,,0.0,0.0,0.0,16.03268210577682,21.999774194412637,1.2618517,1.2131249,3.2706256,1.1087159583333333,0.08984320143816409,-17.50531,-17.970657,-14.162994,-17.438160416666665,0.3955211255159958
2024-12-21 10:00:00,0.0,1.0567708,0.726694,0.8174225,97550.79,8.450441e-05,-17.41861,-20.405563,1.2825166,34.51456,77.50665,10,5,356,12,1,0.4999999999999999,-0.8660254037844387,-2.4492935982947064e-16,1.0,winter,0.0,0.08450441,81.74225,2024,,0.0,0.0,0.0,16.03268210577682,21.999774194412637,1.2969551,1.0757924,3.3965285,1.1122088833333332,0.09552858761312853,-17.457458,-17.97844,-14.111145,-17.416777125,0.379008775758084
2024-12-21 11:00:00,0.0021215586,1.1247102,0.7677173,0.8282182,97555.43,8.375534e-05,-17.389267,-20.376465,1.36175,34.3171,77.51018,11,5,356,12,1,0.258819045102521,-0.9659258262890682,-2.4492935982947064e-16,1.0,winter,5.8932187e-07,0.08375534,82.82182,2024,,0.0,1.1786437e-06,2.0626267e-05,16.03268210577682,21.999774194412637,1.2825166,1.0179417,3.4002037,1.1208223916666666,0.10125072016055328,-17.41861,-17.958069,-14.160492,-17.393450875,0.3596722806689921
2024-12-21 12:00:00,319.4972,1.1644706,0.8047751,0.82805777,97547.66,8.575153e-05,-17.403076,-20.39177,1.415505,34.64867,77.49773,12,5,356,12,1,1.2246467991473532e-16,-1.0,-2.4492935982947064e-16,1.0,winter,0.08874922,0.08575153,82.80578,2024,,5.8932187e-07,0.13680635,0.20211472,16.032682081221747,21.999774213085573,1.36175,0.9802483,3.416488,1.1351477374999999,0.11000509762916372,-17.389267,-17.974289,-14.176636,-17.369750791666668,0.33899587409370374
2024-12-21 13:00:00,3335.9421,1.1941019,0.8609005,0.8389786,97537.336,8.703597e-05,-17.43431,-20.413452,1.4720832,35.79012,77.55625,13,5,356,12,1,-0.2588190451025208,-0.9659258262890684,-2.4492935982947064e-16,1.0,winter,0.9266506,0.08703598,83.89786,2024,,0.08874922,2.17862,2.8121457,16.030679700805077,22.001286067555213,1.415505,0.9662269,3.4355328,1.1532834333333333,0.1188785405689167,-17.403076,-17.92575,-14.223694,-17.34595025,0.3138240718991339
2024-12-21 14:00:00,18715.291,1.1920937,0.92545164,0.8417733,97532.82,8.770545e-05,-17.361359,-20.363419,1.5091548,37.823067,77.41561,14,5,356,12,1,-0.4999999999999997,-0.8660254037844388,-2.4492935982947064e-16,1.0,winter,5.198692,0.08770545,84.17733,2024,,0.9266506,8.694948,10.508466,15.978514309138411,22.037012704969182,1.4720832,0.9836749,3.4543405,1.1743607791666666,0.12870922854083403,-17.43431,-17.86972,-14.173004,-17.325473583333334,0.28943304764812594
2024-12-21 15:00:00,54402.547,1.1791813,0.99024296,0.8464715,97524.734,8.9416746e-05,-17.191742,-20.240723,1.5398213,40.022587,77.13251,15,5,356,12,1,-0.7071067811865471,-0.7071067811865479,-2.4492935982947064e-16,1.0,winter,15.111818,0.08941674,84.64715,2024,,5.198692,19.70271,22.431377,15.83283697580508,22.098724409028737,1.5091548,1.0271919,3.474,1.196255775,0.13913397647395193,-17.361359,-17.81961,-14.02829,-17.304291875,0.2654823252345687
2024-12-21 16:00:00,105943.38,1.1893641,1.0450331,0.84542716,97515.125,9.3200084e-05,-16.98761,-20.065887,1.5832502,41.30411,76.97428,16,5,356,12,1,-0.8660254037844384,-0.5000000000000004,-2.4492935982947064e-16,1.0,winter,29.428717,0.09320009,84.54272,2024,,15.111818,34.267017,36.390087,15.64154980913841,22.083634550479086,1.5398213,1.0847093,3.5020514,1.2176153333333333,0.15090238667304304,-17.191742,-17.608505,-13.926025,-17.278130708333332,0.2424287291314853
2024-12-21 17:00:00,160423.3,1.2007294,1.0834517,0.8372891,97502.82,9.439991e-05,-16.582977,-19.82257,1.6172874,42.06082,75.98586,17,5,356,12,1,-0.9659258262890684,-0.2588190451025206,-2.4492935982947064e-16,1.0,winter,44.562027,0.094399914,83.72891,2024,,29.428717,48.37911,49.140465,15.439953975805077,21.92774856502317,1.5832502,1.1443866,3.5153565,1.2383878708333333,0.16542620572967542,-16.98761,-17.364563,-13.7812805,-17.252260083333333,0.23874135613378225
2024-12-21 18:00:00,201559.33,1.2050961,1.1211618,0.83711934,97488.336,9.483638e-05,-16.339539,-19.664368,1.6459831,42.93359,75.47661,18,5,356,12,1,-1.0,-1.8369701987210292e-16,-2.4492935982947064e-16,1.0,winter,55.9887,0.094836384,83.71194,2024,,44.562027,58.61085,57.978413,15.280908850805078,21.69101363038097,1.6172874,1.1964833,3.525448,1.2580920708333332,0.18115865756049396,-16.582977,-17.138397,-13.647675,-17.219694,0.27352892810161816
2024-12-21 19:00:00,213959.67,1.1901754,1.1558452,0.83414316,97481.805,9.840287e-05,-16.163757,-19.535294,1.6590647,44.16163,75.20785,19,5,356,12,1,-0.9659258262890684,0.2588190451025203,-2.4492935982947064e-16,1.0,winter,59.433243,0.098402865,83.414314,2024,,55.9887,61.667442,59.142067,15.171652600805077,21.468739293077956,1.6459831,1.219807,3.5156965,1.2768212291666667,0.19705104378982244,-16.339539,-16.925323,-13.496948,-17.18640825,0.32719418166374126
2024-12-21 20:00:00,193188.8,1.1479605,1.1816757,0.83466697,97478.46,0.000100151454,-15.9965515,-19.400253,1.647474,45.829144,75.032524,20,5,356,12,1,-0.8660254037844386,0.5000000000000001,-2.4492935982947064e-16,1.0,winter,53.663555,0.10015146,83.4667,2024,,59.433243,55.28914,53.518044,15.078560975805077,21.26221143226904,1.6590647,1.2120265,3.4939356,1.2951236333333334,0.2114021096782631,-16.163757,-16.754395,-13.403839,-17.15467633333333,0.3853723704783591
2024-12-21 21:00:00,149020.0,1.0843254,1.206783,0.83223045,97482.4,0.00010028224,-15.966187,-19.333725,1.6223708,48.059494,75.27109,21,5,356,12,1,-0.7071067811865477,0.7071067811865474,-2.4492935982947064e-16,1.0,winter,41.394444,0.10028224,83.223045,2024,,53.663555,43.230602,41.704758,15.010828267471746,21.13073035003271,1.647474,1.1787907,3.4546773,1.3132672791666666,0.22236228151771623,-15.9965515,-16.718475,-13.449554,-17.123099520833332,0.4458928791230457
2024-12-21 22:00:00,96072.516,1.0647368,1.219741,0.8325642,97486.875,9.963108e-05,-16.10205,-19.296295,1.6190839,48.881626,76.37065,22,5,356,12,1,-0.5000000000000004,0.8660254037844384,-2.4492935982947064e-16,1.0,winter,26.68681,0.09963108,83.25642,2024,,41.394444,29.363316,28.882534,14.93432168413841,21.027184960473186,1.6223708,1.1829467,3.4776323,1.3317497833333334,0.22903362224803384,-15.966187,-16.936737,-13.661011,-17.091754187499998,0.49886895691062294
2024-12-21 23:00:00,48708.04,0.99177337,1.2159797,0.831804,97486.35,9.694287e-05,-16.25467,-19.367004,1.5691465,50.798737,76.880455,23,5,356,12,1,-0.2588190451025215,0.965925826289068,-2.4492935982947064e-16,1.0,winter,13.530011,0.09694287,83.1804,2024,,26.68681,15.872887,16.71992,14.822800600805076,20.954302543686,1.6190839,1.1438158,3.3525987,1.3499221666666665,0.23396303009403982,-16.10205,-17.056915,-13.833405,-17.0569755625,0.5377275136712364
2024-12-22 00:00:00,17923.873,0.90021914,1.2202355,0.8271243,97484.08,9.482183e-05,-16.371002,-19.430145,1.5163671,53.582237,77.210846,0,6,357,12,1,0.0,1.0,-2.4492935982947064e-16,1.0,winter,4.9788537,0.09482183,82.71243,2024,,13.530011,6.1742144,7.0110636,14.725180767471743,20.9546551842254,1.5691465,1.0896373,3.2391741,1.3676442791666668,0.2337810014594531,-16.25467,-17.155457,-13.882233,-17.0235486875,0.5621135536168343
2024-12-22 01:00:00,3406.1816,0.8115798,1.2190968,0.8300298,97472.41,9.1395676e-05,-16.459686,-19.49768,1.4645337,56.34741,77.335266,1,6,357,12,1,0.2588190451025207,0.9659258262890684,-2.4492935982947064e-16,1.0,winter,0.94616157,0.091395676,83.002975,2024,,4.9788537,1.1885108,1.6281,14.67537407163841,20.977271891249917,1.5163671,1.0398505,3.1432133,1.3854246874999998,0.22787057440927488,-16.371002,-17.253082,-14.020935,-16.9908630625,0.5767270795722738
2024-12-22 02:00:00,214.33789,0.7338615,1.2293757,0.837422,97455.94,8.892914e-05,-16.57727,-19.574295,1.4317533,59.165398,77.58685,2,6,357,12,1,0.4999999999999999,0.8660254037844387,-2.4492935982947064e-16,1.0,winter,0.059538305,0.08892914,83.7422,2024,,0.94616157,0.02819581,0.05115579,14.665276187055078,20.98410358568504,1.4645337,1.0109824,3.0592575,1.4031198208333333,0.216051207760639,-16.459686,-17.37593,-14.137665,-16.957804895833334,0.583739330691689
2024-12-22 03:00:00,0.0,0.67132485,1.2454163,0.83991814,97440.9,8.8192515e-05,-16.672577,-19.653717,1.4148282,61.67371,77.676094,3,6,357,12,1,0.7071067811865476,0.7071067811865476,-2.4492935982947064e-16,1.0,winter,0.0,0.088192515,83.99181,2024,,0.059538305,0.0,0.0,14.666582124346744,20.983154000876066,1.4317533,1.0204781,2.9912682,1.4206519416666665,0.19926691447168632,-16.57727,-17.435806,-14.253174,-16.924527395833334,0.5816276912618298
2024-12-22 04:00:00,0.0,0.611768,1.2612392,0.84072715,97430.195,8.712597e-05,-16.680328,-19.64296,1.4017789,64.12415,77.79829,4,6,357,12,1,0.8660254037844386,0.5000000000000001,-2.4492935982947064e-16,1.0,winter,0.0,0.08712597,84.072716,2024,,0.0,0.0,0.0,14.666582124346744,20.983154000876066,1.4148282,1.0667746,2.9320154,1.4370831958333332,0.18017903166132776,-16.672577,-17.404312,-14.391815,-16.8927261875,0.5732625669388262
2024-12-22 05:00:00,0.0,0.5785027,1.2586321,0.8418259,97424.45,8.474145e-05,-16.705322,-19.64412,1.3852148,65.315155,77.95332,5,6,357,12,1,0.9659258262890684,0.2588190451025207,-2.4492935982947064e-16,1.0,winter,0.0,0.08474145,84.18259,2024,,0.0,0.0,0.0,14.666582124346744,20.983154000876066,1.4017789,1.1126766,2.8806,1.4510417083333333,0.16233686055834962,-16.680328,-17.450241,-14.431427,-16.8625601875,0.5641477824495644
2024-12-22 06:00:00,0.0,0.5506201,1.2503963,0.8439248,97423.38,8.11681e-05,-16.731598,-19.674744,1.3662626,66.2334,77.9197,6,6,357,12,1,1.0,6.123233995736766e-17,-2.4492935982947064e-16,1.0,winter,0.0,0.0811681,84.39248,2024,,0.0,0.0,0.0,14.666582124346744,20.983154000876066,1.3852148,1.1646491,2.8286312,1.4623974666666666,0.14638725476033382,-16.705322,-17.477646,-14.446747,-16.831521895833333,0.5507416607046265
2024-12-22 07:00:00,0.0,0.5331977,1.2210119,0.8402462,97422.92,7.432384e-05,-16.744171,-19.676102,1.332355,66.40982,77.992615,7,6,357,12,1,0.9659258262890684,-0.2588190451025206,-2.4492935982947064e-16,1.0,winter,0.0,0.07432384,84.02462,2024,,0.0,0.0,0.0,14.666582124346744,20.983154000876066,1.3662626,1.2151158,2.77943,1.4707980291666667,0.13380167155043707,-16.731598,-17.458221,-14.517029,-16.8004365625,0.5334707499186369
2024-12-22 08:00:00,0.0,0.524042,1.18328,0.8391319,97418.28,7.3784955e-05,-16.797668,-19.727753,1.2941296,66.11277,77.99577,8,6,357,12,1,0.8660254037844387,-0.4999999999999998,-2.4492935982947064e-16,1.0,winter,0.0,0.073784955,83.91319,2024,,0.0,0.0,0.0,14.666582124346744,20.983154000876066,1.332355,1.2618517,2.7243428,1.4756829958333333,0.12597217921845555,-16.744171,-17.50531,-14.5816345,-16.770684479166665,0.5147745355190309
2024-12-22 09:00:00,0.0,0.5164164,1.1224098,0.836622,97411.3,7.4070595e-05,-16.81253,-19.728714,1.2355119,65.29302,78.08646,9,6,357,12,1,0.7071067811865476,-0.7071067811865475,-2.4492935982947064e-16,1.0,winter,0.0,0.074070595,83.6622,2024,,0.0,0.0,0.0,14.666582124346744,20.983154000876066,1.2941296,1.2969551,2.6665921,1.4770279083333333,0.12374257466730335,-16.797668,-17.457458,-14.621094,-16.74119939583333,0.4905641600031058
2024-12-22 10:00:00,0.0,0.48774517,1.0254335,0.83670384,97406.836,7.454755e-05,-16.72055,-19.613953,1.1355215,64.562004,78.2551,10,6,357,12,1,0.4999999999999999,-0.8660254037844387,-2.4492935982947064e-16,1.0,winter,0.0,0.07454755,83.67039,2024,,0.0,0.0,0.0,14.666582124346744,20.983154000876066,1.2355119,1.2825166,2.5200276,1.474467775,0.12818594395872046,-16.81253,-17.41861,-14.593323,-16.714327395833333,0.46670699534828336
2024-12-22 11:00:00,0.0010607793,0.51499826,0.98489696,0.831223,97399.83,7.423099e-05,-16.757935,-19.629578,1.1114159,62.395126,78.39506,11,6,357,12,1,0.258819045102521,-0.9659258262890682,-2.4492935982947064e-16,1.0,winter,2.9466094e-07,0.07423099,83.1223,2024,,0.0,5.8932187e-07,2.5930163e-05,14.666582124346744,20.983154000876066,1.1355215,1.36175,2.4611344,1.4683429791666667,0.14066096180316823,-16.72055,-17.389267,-14.639801,-16.6852415625,0.4420051015894584
2024-12-22 12:00:00,746.56696,0.57016915,0.93671715,0.8375051,97392.8,7.447788e-05,-16.731781,-19.619034,1.0966002,58.671597,78.2945,12,6,357,12,1,1.2246467991473532e-16,-1.0,-2.4492935982947064e-16,1.0,winter,0.20737971,0.07447788,83.75051,2024,,2.9466094e-07,0.08874922,0.27904743,14.666582112069205,20.983154009830805,1.1114159,1.415505,2.4049761,1.4579123916666665,0.1572163265853169,-16.757935,-17.403076,-14.610382,-16.6589360625,0.4163245358986277
2024-12-22 13:00:00,8142.4243,0.6339781,0.8850709,0.83665323,97383.26,7.497559e-05,-16.741333,-19.635605,1.0887051,54.385895,78.24572,13,6,357,12,1,-0.2588190451025208,-0.9659258262890684,-2.4492935982947064e-16,1.0,winter,2.2617846,0.074975595,83.66532,2024,,0.20737971,0.9266506,2.9873657,14.671525049152537,20.97958431686911,1.0966002,1.4720832,2.3451402,1.4446246916666665,0.17358132896521627,-16.731781,-17.43431,-14.621155,-16.6309654375,0.38557051681355625
2024-12-22 14:00:00,31459.418,0.7163932,0.83031076,0.83543146,97370.11,7.51107e-05,-16.681091,-19.599838,1.0966471,49.21233,78.09178,14,6,357,12,1,-0.4999999999999997,-0.8660254037844388,-2.4492935982947064e-16,1.0,winter,8.738728,0.0751107,83.543144,2024,,2.2617846,5.198692,10.348577,14.727155632485873,20.943291804098635,1.0887051,1.5091548,2.2774603,1.428650604166667,0.18798724047124982,-16.741333,-17.361359,-14.598877,-16.602091395833334,0.34679249559396624
2024-12-22 15:00:00,73366.11,0.80325705,0.75340533,0.8237102,97352.086,7.3968535e-05,-16.580444,-19.560898,1.1012908,43.16574,77.6967,15,6,357,12,1,-0.7071067811865471,-0.7071067811865479,-2.4492935982947064e-16,1.0,winter,20.379475,0.07396854,82.37102,2024,,8.738728,15.111818,20.275845,14.874657132485872,20.88565279584884,1.0966471,1.5398213,2.2233644,1.4114627833333333,0.19885071439257943,-16.681091,-17.191742,-14.515686,-16.573746895833334,0.3076253785681809
2024-12-22 16:00:00,124993.11,0.90513915,0.6827035,0.8282791,97325.93,7.1749644e-05,-16.412567,-19.448334,1.1337376,37.025517,77.35834,16,6,357,12,1,-0.8660254037844384,-0.5000000000000004,-2.4492935982947064e-16,1.0,winter,34.720306,0.07174964,82.82791,2024,,20.379475,29.428717,31.428652,15.094142840819208,20.915910244669583,1.1012908,1.5832502,2.2115889,1.3931906791666666,0.2065424293287932,-16.580444,-16.98761,-14.395905,-16.54827614583333,0.2781244853672653
2024-12-22 17:00:00,173690.0,1.0147349,0.61635995,0.8289247,97297.53,6.958342e-05,-16.105164,-19.272842,1.18726,31.274908,76.54393,17,6,357,12,1,-0.9659258262890684,-0.2588190451025206,-2.4492935982947064e-16,1.0,winter,48.247223,0.069583416,82.89247,2024,,34.720306,44.562027,41.657177,15.314625715819206,21.10066091136809,1.1337376,1.6172874,2.2159357,1.3744609875,0.20892570699853813,-16.412567,-16.582977,-14.218384,-16.524316020833336,0.2629885854676109
2024-12-22 18:00:00,206306.58,1.1139635,0.55755913,0.82643634,97274.07,6.708989e-05,-15.945526,-19.172607,1.2457074,26.588804,76.185005,18,6,357,12,1,-1.0,-1.8369701987210292e-16,-2.4492935982947064e-16,1.0,winter,57.307384,0.067089885,82.64363,2024,,48.247223,55.9887,49.62436,15.468175549152539,21.33485728281187,1.18726,1.6459831,2.2381942,1.3565431791666667,0.2056086688890342,-16.105164,-16.339539,-14.0729065,-16.504407145833333,0.2761130437043946
2024-12-22 19:00:00,208823.77,1.1897444,0.47793055,0.8189882,97256.59,6.1928855e-05,-15.778351,-19.042023,1.2821503,21.885752,75.97791,19,6,357,12,1,-0.9659258262890684,0.2588190451025203,-2.4492935982947064e-16,1.0,winter,58.006603,0.061928853,81.89882,2024,,57.307384,59.433243,51.903255,15.523120715819205,21.445162744425335,1.2457074,1.6590647,2.2515676,1.339865025,0.19717091580999266,-15.945526,-16.163757,-14.0043335,-16.4879899375,0.29724689876142174
2024-12-22 20:00:00,180727.39,1.232301,0.41688797,0.805741,97243.32,6.2122526e-05,-15.652832,-18.949158,1.3009079,18.6907,75.789604,20,6,357,12,1,-0.8660254037844386,0.5000000000000001,-2.4492935982947064e-16,1.0,winter,50.202053,0.062122528,80.574104,2024,,58.006603,53.663555,47.093533,15.463677382485871,21.31976806897662,1.2821503,1.647474,2.2448087,1.3241602583333332,0.18529409235373726,-15.778351,-15.9965515,-13.930359,-16.471931354166667,0.32467059443068874
2024-12-22 21:00:00,138213.73,1.2677171,0.37687168,0.8096153,97235.625,6.442144e-05,-15.640564,-18.920517,1.3225502,16.556356,75.89783,21,6,357,12,1,-0.7071067811865477,0.7071067811865474,-2.4492935982947064e-16,1.0,winter,38.392704,0.06442144,80.96153,2024,,50.202053,41.394444,37.7477,15.319448132485872,21.060237191113515,1.3009079,1.6223708,2.2250485,1.3097200041666668,0.17203186121174893,-15.652832,-15.966187,-13.92572,-16.457609708333333,0.35290520957426436
2024-12-22 22:00:00,93299.6,1.2817004,0.21321951,0.8094865,97229.89,6.476457e-05,-15.667969,-18.819626,1.2993146,9.445044,76.72767,22,6,357,12,1,-0.5000000000000004,0.8660254037844384,-2.4492935982947064e-16,1.0,winter,25.916555,0.064764574,80.948654,2024,,38.392704,26.68681,26.83264,15.194375632485873,20.90700618397727,1.3225502,1.6190839,2.2566068,1.2972274791666667,0.15871120706496183,-15.640564,-16.10205,-14.007355,-16.444042083333333,0.3779876625667681
2024-12-22 23:00:00,51753.71,1.286021,0.27373928,0.81481797,97225.5,6.421448e-05,-15.779022,-18.87857,1.314832,12.016498,77.04941,23,6,357,12,1,-0.2588190451025215,0.965925826289068,-2.4492935982947064e-16,1.0,winter,14.376031,0.06421448,81.4818,2024,,25.916555,13.530011,15.350428,15.162281674152538,20.88918092805306,1.2993146,1.5691465,2.1800163,1.2839037583333335,0.1431789652789177,-15.667969,-16.25467,-14.123505,-16.425955374999997,0.4045178143754718
2024-12-23 00:00:00,22290.377,1.3302686,0.33403504,0.81220526,97212.98,6.476488e-05,-15.873749,-18.920929,1.3715663,14.095731,77.377556,0,0,358,12,0,0.0,1.0,-2.4492935982947064e-16,1.0,winter,6.1917715,0.06476488,81.22053,2024,,14.376031,4.9788537,5.7858634,15.197532507485874,20.88702040907786,1.314832,1.5163671,2.1268678,1.2733073208333334,0.12995037129885512,-15.779022,-16.371002,-14.194916,-16.40613670833333,0.4244359239918462
2024-12-23 01:00:00,6270.2637,1.4095048,0.39502117,0.80849063,97193.5,6.544548e-05,-15.979675,-18.987625,1.463812,15.655809,77.6185,1,0,358,12,0,0.2588190451025207,0.9659258262890684,-2.4492935982947064e-16,1.0,winter,1.7417399,0.065445475,80.84906,2024,,6.1917715,0.94616157,1.2502038,15.24807074915254,20.862673483388306,1.3715663,1.4645337,2.090647,1.2672739541666667,0.12124470610310258,-15.873749,-16.459686,-14.262421,-16.38541783333333,0.4381410500365945
2024-12-23 02:00:00,288.30392,1.4998913,0.43838245,0.8081012,97167.11,6.575703e-05,-16.045776,-19.010757,1.5626429,16.292383,77.89228,2,0,358,12,0,0.4999999999999999,0.8660254037844387,-2.4492935982947064e-16,1.0,winter,0.08008442,0.06575703,80.81012,2024,,1.7417399,0.059538305,0.062493753,15.281219846235873,20.839580157508003,1.463812,1.4317533,2.067369,1.2672438833333333,0.12119373385047796,-15.979675,-16.57727,-14.30423,-16.365417375,0.44549754207788456
2024-12-23 03:00:00,0.0,1.6007911,0.46334374,0.81288576,97141.38,6.5885026e-05,-16.02298,-18.948624,1.6664991,16.142914,78.158165,3,0,358,12,0,0.7071067811865476,0.7071067811865476,-2.4492935982947064e-16,1.0,winter,0.0,0.06588502,81.288574,2024,,0.08008442,0.0,0.0,15.282075934360874,20.838928076790936,1.5626429,1.4148282,2.0707061,1.2726976166666666,0.1314311821527162,-16.045776,-16.672577,-14.4198,-16.343271791666666,0.44771323358699355
2024-12-23 04:00:00,0.0,1.6863592,0.47300294,0.814114,97119.875,6.5758104e-05,-16.065216,-19.004272,1.7514391,15.668153,78.06153,4,0,358,12,0,0.8660254037844386,0.5000000000000001,-2.4492935982947064e-16,1.0,winter,0.0,0.0657581,81.4114,2024,,0.0,0.0,0.0,15.282075934360874,20.838928076790936,1.6664991,1.4017789,2.0876107,1.2831839041666666,0.15173560986300658,-16.02298,-16.680328,-14.484985,-16.31620525,0.4465737573079656
2024-12-23 05:00:00,0.0,1.7544684,0.46999905,0.8081351,97108.766,6.369063e-05,-16.046997,-18.949203,1.8163311,14.996667,78.310555,5,0,358,12,0,0.9659258262890684,0.2588190451025207,-2.4492935982947064e-16,1.0,winter,0.0,0.06369063,80.81351,2024,,0.0,0.0,0.0,15.282075934360874,20.838928076790936,1.7514391,1.3852148,2.1149237,1.2977530791666667,0.17811194411714365,-16.065216,-16.705322,-14.574158,-16.290575583333332,0.4423991846588462
2024-12-23 06:00:00,0.0,1.7975508,0.4744176,0.80470556,97100.48,6.40233e-05,-15.972443,-18.866394,1.8591021,14.784631,78.37833,6,0,358,12,0,1.0,6.123233995736766e-17,-2.4492935982947064e-16,1.0,winter,0.0,0.0640233,80.47056,2024,,0.0,0.0,0.0,15.282075934360874,20.838928076790936,1.8163311,1.3662626,2.147374,1.3157162583333333,0.20675319022795535,-16.046997,-16.731598,-14.594177,-16.263145375,0.4359272890964358
2024-12-23 07:00:00,0.0,1.8203071,0.47240666,0.8020271,97094.88,6.7736444e-05,-15.988251,-18.852234,1.880608,14.548468,78.57618,7,0,358,12,0,0.9659258262890684,-0.2588190451025206,-2.4492935982947064e-16,1.0,winter,0.0,0.06773645,80.20271,2024,,0.0,0.0,0.0,15.282075934360874,20.838928076790936,1.8591021,1.332355,2.1838381,1.3362512375,0.2345922521608735,-15.972443,-16.744171,-14.686371,-16.231513916666668,0.42792708952964587
2024-12-23 08:00:00,0.0,1.8190498,0.4773611,0.8085757,97092.8,6.972771e-05,-16.02414,-18.861298,1.8806424,14.704193,78.75009,8,0,358,12,0,0.8660254037844387,-0.4999999999999998,-2.4492935982947064e-16,1.0,winter,0.0,0.069727704,80.85757,2024,,0.0,0.0,0.0,15.282075934360874,20.838928076790936,1.880608,1.2941296,2.227633,1.3590951125000001,0.25956116402517593,-15.988251,-16.797668,-14.739441,-16.20001725,0.4162120729394442
2024-12-23 09:00:00,0.0,1.788174,0.4817548,0.81787837,97091.04,7.180931e-05,-16.001465,-18.825638,1.8519325,15.078148,78.84109,9,0,358,12,0,0.7071067811865476,-0.7071067811865475,-2.4492935982947064e-16,1.0,winter,0.0,0.07180931,81.787834,2024,,0.0,0.0,0.0,15.282075934360874,20.838928076790936,1.8806424,1.2355119,2.2683666,1.3835331458333335,0.2799855420909995,-16.02414,-16.81253,-14.789856,-16.167786916666667,0.3974463368207693
2024-12-23 10:00:00,0.0,1.6969895,0.474196,0.8194668,97088.08,7.31183e-05,-15.785736,-18.584656,1.7619975,15.612152,79.04645,10,0,358,12,0,0.4999999999999999,-0.8660254037844387,-2.4492935982947064e-16,1.0,winter,0.0,0.0731183,81.946686,2024,,0.0,0.0,0.0,15.282075934360874,20.838928076790936,1.8519325,1.1355215,2.3012052,1.4092173375000001,0.29375153563837686,-16.001465,-16.72055,-14.800842,-16.133992541666665,0.3740333911331852
2024-12-23 11:00:00,0.0,1.6415497,0.5145999,0.82547176,97090.11,7.384289e-05,-15.794739,-18.561417,1.7203193,17.405384,79.26201,11,0,358,12,0,0.258819045102521,-0.9659258262890682,-2.4492935982947064e-16,1.0,winter,0.0,0.07384289,82.54717,2024,,0.0,2.9466094e-07,8.839828e-06,15.282075934360874,20.838928076790936,1.7619975,1.1114159,2.3017614,1.4353205041666666,0.2961976875123185,-15.785736,-16.757935,-14.85733,-16.095041958333333,0.3586535147015167
2024-12-23 12:00:00,697.2524,1.5698719,0.55589145,0.8349732,97084.59,7.413525e-05,-15.767426,-18.521881,1.6653868,19.499046,79.34886,12,0,358,12,0,1.2246467991473532e-16,-1.0,-2.4492935982947064e-16,1.0,winter,0.19368121,0.07413525,83.49732,2024,,0.0,0.20737971,0.24200442,15.282075922083335,20.83892808618604,1.7203193,1.0966002,2.2857475,1.4606914791666668,0.29331110209669614,-15.794739,-16.731781,-14.886932,-16.054908791666666,0.33431581524783505
2024-12-23 13:00:00,9038.378,1.5078814,0.62804335,0.840504,97076.81,7.4572e-05,-15.760956,-18.497269,1.6334457,22.612076,79.47237,13,0,358,12,0,-0.2588190451025208,-0.9659258262890684,-2.4492935982947064e-16,1.0,winter,2.5106606,0.074572004,84.0504,2024,,0.19368121,2.2617846,3.1201937,15.281505151250002,20.83935911166206,1.6653868,1.0887051,2.2584152,1.4843909208333335,0.28548814412765894,-15.767426,-16.741333,-14.890503,-16.014727333333333,0.3061957074011176
2024-12-23 14:00:00,34300.13,1.4748777,0.6978799,0.8432242,97076.82,7.553677e-05,-15.668488,-18.422852,1.6316558,25.322489,79.3655,14,0,358,12,0,-0.4999999999999997,-0.8660254037844388,-2.4492935982947064e-16,1.0,winter,9.527814,0.07553677,84.322426,2024,,2.5106606,8.738728,10.10455,15.291874984583336,20.832659554659127,1.6334457,1.0966471,2.2296543,1.5070884458333333,0.2740886753571871,-15.760956,-16.681091,-14.859863,-15.973878291666665,0.2680671794594827
2024-12-23 15:00:00,72079.32,1.460659,0.74705476,0.8410053,97074.55,7.845713e-05,-15.534271,-18.334747,1.6406144,27.087496,79.07724,15,0,358,12,0,-0.7071067811865471,-0.7071067811865479,-2.4492935982947064e-16,1.0,winter,20.022034,0.07845713,84.10053,2024,,9.527814,20.379475,19.489779,15.324753567916666,20.822487754275816,1.6316558,1.1012908,2.229216,1.529380475,0.2606842453560902,-15.668488,-16.580444,-14.811005,-15.9316865,0.2287176133192132
2024-12-23 16:00:00,119035.266,1.4762211,0.780793,0.8378981,97072.16,7.9975754e-05,-15.429077,-18.297928,1.66999,27.87496,78.63713,16,0,358,12,0,-0.8660254037844384,-0.5000000000000004,-2.4492935982947064e-16,1.0,winter,33.065353,0.079975754,83.78981,2024,,20.022034,34.720306,29.737137,15.309860192916666,20.81884266253409,1.6406144,1.1337376,2.2497103,1.5518522916666664,0.2449478185809661,-15.534271,-16.412567,-14.785553,-15.888095958333333,0.19722197942405476
2024-12-23 17:00:00,163009.97,1.4944744,0.7934772,0.8458893,97065.29,8.1518454e-05,-15.1502075,-18.128235,1.6920578,27.965647,77.95957,17,0,358,12,0,-0.9659258262890684,-0.2588190451025206,-2.4492935982947064e-16,1.0,winter,45.28055,0.08151846,84.58893,2024,,33.065353,48.247223,39.63299,15.240903817916665,20.754396940535432,1.66999,1.18726,2.299077,1.5741961416666668,0.22909478364900085,-15.429077,-16.105164,-14.686554,-15.847117208333332,0.18532533680077237
2024-12-23 18:00:00,193501.47,1.5157286,0.7916771,0.84225196,97062.445,8.457437e-05,-14.869171,-17.920929,1.7100251,27.578423,77.52295,18,0,358,12,0,-1.0,-1.8369701987210292e-16,-2.4492935982947064e-16,1.0,winter,53.75041,0.08457437,84.2252,2024,,45.28055,57.307384,47.00491,15.117292442916666,20.557164567920008,1.6920578,1.2457074,2.3469157,1.5952293833333335,0.2147491880073925,-15.1502075,-15.945526,-14.598846,-15.807327354166667,0.2256433763415107
2024-12-23 19:00:00,196522.42,1.5271273,0.76841134,0.8373241,97060.086,8.85817e-05,-14.676941,-17.781784,1.7095537,26.71037,77.20949,19,0,358,12,0,-0.9659258262890684,0.2588190451025203,-2.4492935982947064e-16,1.0,winter,54.58956,0.088581696,83.73241,2024,,53.75041,58.006603,49.791794,14.969085192916667,20.250301258003937,1.7100251,1.2821503,2.3740952,1.6145759541666667,0.2024550836611631,-14.869171,-15.778351,-14.490143,-15.762479229166667,0.29368790305095327
2024-12-23 20:00:00,172595.33,1.5144616,0.73780155,0.83690673,97063.4,9.360636e-05,-14.504456,-17.664185,1.6846201,25.973993,76.88306,20,0,358,12,0,-0.8660254037844386,0.5000000000000001,-2.4492935982947064e-16,1.0,winter,47.943146,0.09360636,83.690674,2024,,54.58956,50.202053,45.63236,14.826708401250002,19.94425459520531,1.7095537,1.3009079,2.3816185,1.6323844291666667,0.19038039205271498,-14.676941,-15.652832,-14.458466,-15.716587145833335,0.3678022138343374
2024-12-23 21:00:00,134831.61,1.4855118,0.6980525,0.8350887,97070.88,9.506113e-05,-14.414246,-17.575745,1.6413478,25.169165,76.88759,21,0,358,12,0,-0.7071067811865477,0.7071067811865474,-2.4492935982947064e-16,1.0,winter,37.453224,0.09506113,83.508865,2024,,47.943146,38.392704,37.643745,14.73258727625,19.77466156927571,1.6846201,1.3225502,2.3730974,1.6483724375000002,0.17697273637547917,-14.504456,-15.640564,-14.523529,-15.668738145833332,0.44338879437056145
2024-12-23 22:00:00,91836.38,1.313375,0.66951436,0.8240001,97076.94,9.6333e-05,-14.4826355,-17.549301,1.4741789,27.010956,77.49258,22,0,358,12,0,-0.5000000000000004,0.8660254037844384,-2.4492935982947064e-16,1.0,winter,25.510107,0.096333005,82.40001,2024,,37.453224,25.916555,27.076576,14.693442276250002,19.72666035105186,1.6413478,1.2993146,2.4021623,1.6616556708333334,0.16285490859641374,-14.414246,-15.667969,-14.54007,-15.6176415625,0.5121119710261767
2024-12-23 23:00:00,47669.562,1.3232293,0.7268548,0.8268608,97089.71,9.6716365e-05,-14.530273,-17.545914,1.5097197,28.780155,77.81828,23,0,358,12,0,-0.2588190451025215,0.965925826289068,-2.4492935982947064e-16,1.0,winter,13.241545,0.09671637,82.68608,2024,,25.510107,14.376031,14.724751,14.676506942916667,19.71677838921457,1.4741789,1.314832,2.3302479,1.6689416833333333,0.1492855468345097,-14.4826355,-15.779022,-14.644012,-15.568252666666668,0.5617949892264216
2024-12-24 00:00:00,17807.686,1.3481816,0.7684185,0.8205793,97095.26,9.6207594e-05,-14.692993,-17.66713,1.5517927,29.681696,78.06323,0,1,359,12,0,0.0,1.0,-2.4492935982947064e-16,1.0,winter,4.9465795,0.0962076,82.05793,2024,,13.241545,6.1917715,5.7903123,14.629236692916665,19.718889921225816,1.5097197,1.3715663,2.2482553,1.6770620041666666,0.13367017078880705,-14.530273,-15.873749,-14.73822,-15.516221458333334,0.5980808868271288
2024-12-24 01:00:00,4920.1577,1.3920261,0.7984254,0.8256577,97094.2,9.69256e-05,-14.751129,-17.707672,1.6047491,29.837318,78.16934,1,1,359,12,0,0.2588190451025207,0.9659258262890684,-2.4492935982947064e-16,1.0,winter,1.3667104,0.0969256,82.56577,2024,,4.9465795,1.7417399,1.1211268,14.577353692916667,19.7436777782067,1.5517927,1.463812,2.1814666,1.6845714374999998,0.12013919644506386,-14.692993,-15.979675,-14.865692,-15.467023291666665,0.6156970354068095
2024-12-24 02:00:00,387.79016,1.447242,0.8250604,0.8307575,97077.1,9.680662e-05,-14.900085,-17.816803,1.6659033,29.687098,78.40746,2,1,359,12,0,0.4999999999999999,0.8660254037844387,-2.4492935982947064e-16,1.0,winter,0.10771949,0.09680662,83.07575,2024,,1.3667104,0.08008442,0.024650155,14.561727463750001,19.754423759158,1.6047491,1.5626429,2.111528,1.6904438166666667,0.11205162828793945,-14.751129,-16.045776,-14.9991455,-15.415833874999999,0.6222577969919091
2024-12-24 03:00:00,0.0,1.4956231,0.84187937,0.8347296,97058.03,9.611982e-05,-14.930939,-17.834656,1.7162894,29.374958,78.48846,3,1,359,12,0,0.7071067811865476,0.7071067811865476,-2.4492935982947064e-16,1.0,winter,0.0,0.09611981,83.47296,2024,,0.10771949,0.0,0.0,14.562878925,19.753543726913367,1.6659033,1.6664991,2.0650709,1.6947463333333335,0.1088682756743265,-14.900085,-16.02298,-15.139343,-15.368096750000001,0.615742303622986
2024-12-24 04:00:00,0.0,1.5376883,0.86169565,0.83287483,97036.62,9.533528e-05,-15.000977,-17.881958,1.7626698,29.265564,78.6277,4,1,359,12,0,0.8660254037844386,0.5000000000000001,-2.4492935982947064e-16,1.0,winter,0.0,0.09533528,83.28748,2024,,0.0,0.0,0.0,14.562878925,19.753543726913367,1.7162894,1.7514391,2.0305543,1.6968209291666667,0.10878095982941903,-14.930939,-16.065216,-15.176605,-15.322595041666666,0.6055085013231426
2024-12-24 05:00:00,0.0,1.5765271,0.86592937,0.8322416,97021.58,9.5109965e-05,-15.101044,-17.952011,1.798686,28.7784,78.81086,5,1,359,12,0,0.9659258262890684,0.2588190451025207,-2.4492935982947064e-16,1.0,winter,0.0,0.09510996,83.22416,2024,,0.0,0.0,0.0,14.562878925,19.753543726913367,1.7626698,1.8163311,2.021356,1.697288875,0.10904995064847438,-15.000977,-16.046997,-15.242096,-15.27825175,0.5874592661403243
2024-12-24 06:00:00,0.0,1.6040616,0.86794734,0.8405382,97008.58,9.5069874e-05,-15.129761,-17.972168,1.8238274,28.417532,78.863205,6,1,359,12,0,1.0,6.123233995736766e-17,-2.4492935982947064e-16,1.0,winter,0.0,0.09506987,84.05382,2024,,0.0,0.0,0.0,14.562878925,19.753543726913367,1.798686,1.8591021,2.0188906,1.6965536625000002,0.10826916190784595,-15.101044,-15.972443,-15.285797,-15.238837041666665,0.5649410058186954
2024-12-24 07:00:00,0.0,1.6237189,0.8647864,0.8398215,97003.33,9.081119e-05,-15.21579,-18.043304,1.8396517,28.039593,78.94845,7,1,359,12,0,0.9659258262890684,-0.2588190451025206,-2.4492935982947064e-16,1.0,winter,0.0,0.09081119,83.982155,2024,,0.0,0.0,0.0,14.562878925,19.753543726913367,1.8238274,1.880608,2.0240734,1.6950838833333333,0.10618597843439112,-15.129761,-15.988251,-15.35498,-15.203725291666666,0.5431299653227709
2024-12-24 08:00:00,0.0,1.6349759,0.84474015,0.83924776,96999.17,8.9337474e-05,-15.194733,-18.021988,1.8403076,27.323961,78.953674,8,1,359,12,0,0.8660254037844387,-0.4999999999999998,-2.4492935982947064e-16,1.0,winter,0.0,0.089337476,83.924774,2024,,0.0,0.0,0.0,14.562878925,19.753543726913367,1.8396517,1.8806424,2.0411286,1.6933773708333335,0.10336646283185705,-15.21579,-16.02414,-15.424377,-15.171539416666667,0.5168708651813986
2024-12-24 09:00:00,0.0,1.6331913,0.82682556,0.8391065,96993.28,8.813101e-05,-15.232422,-18.049881,1.8305613,26.85144,79.012955,9,1,359,12,0,0.7071067811865476,-0.7071067811865475,-2.4492935982947064e-16,1.0,winter,0.0,0.08813101,83.91065,2024,,0.0,0.0,0.0,14.562878925,19.753543726913367,1.8403076,1.8519325,2.0484207,1.6916967541666665,0.10047688538849053,-15.194733,-16.001465,-15.541138,-15.136980791666668,0.48407344580222494
2024-12-24 10:00:00,0.0,1.5685492,0.82851136,0.84261626,96982.41,8.781929e-05,-15.3280945,-18.13707,1.7739159,27.843119,79.05405,10,1,359,12,0,0.4999999999999999,-0.8660254037844387,-2.4492935982947064e-16,1.0,winter,0.0,0.087819286,84.26163,2024,,0.0,0.0,0.0,14.562878925,19.753543726913367,1.8305613,1.7619975,1.9877123,1.6908062875,0.09908006006235115,-15.232422,-15.785736,-15.55545,-15.104937333333332,0.44850750572326653
2024-12-24 11:00:00,0.0010607793,1.5474015,0.83423936,0.83928466,96973.04,8.870208e-05,-15.304443,-18.099762,1.7579553,28.330116,79.14943,11,1,359,12,0,0.258819045102521,-0.9659258262890682,-2.4492935982947064e-16,1.0,winter,2.9466094e-07,0.08870208,83.92847,2024,,0.0,0.0,1.0018472e-05,14.562878925,19.753543726913367,1.7739159,1.7203193,1.9922272,1.6913028875,0.09948144708399685,-15.3280945,-15.794739,-15.54953,-15.0858689375,0.4275431536368511
2024-12-24 12:00:00,455.86993,1.5010973,0.843302,0.84366935,96954.69,8.652469e-05,-15.371826,-18.183426,1.7217582,29.326857,79.02929,12,1,359,12,0,1.2246467991473532e-16,-1.0,-2.4492935982947064e-16,1.0,winter,0.12663054,0.08652469,84.366936,2024,,2.9466094e-07,0.19368121,0.26971936,14.562878937277539,19.753543717468474,1.7579553,1.6653868,1.9799634,1.6928710541666667,0.10025238012946706,-15.304443,-15.767426,-15.602722,-15.0654399375,0.40322094533485875
2024-12-24 13:00:00,5781.6333,1.430806,0.89068687,0.84354883,96930.68,8.339748e-05,-15.389252,-18.206436,1.6853869,31.902555,78.98904,13,1,359,12,0,-0.2588190451025208,-0.9659258262890684,-2.4492935982947064e-16,1.0,winter,1.6060092,0.08339748,84.35488,2024,,0.12663054,2.5106606,2.7621744,14.560085159360872,19.755668964375992,1.7217582,1.6334457,1.9527084,1.6952198625000001,0.10024081676480921,-15.371826,-15.760956,-15.592804,-15.048956604166667,0.3807356259576956
2024-12-24 14:00:00,24398.871,1.3719645,0.9708086,0.84138215,96916.28,7.9810765e-05,-15.276001,-18.099762,1.6807009,35.28341,78.96366,14,1,359,12,0,-0.4999999999999997,-0.8660254037844388,-2.4492935982947064e-16,1.0,winter,6.7774644,0.07981077,84.138214,2024,,1.6060092,9.527814,7.689669,14.522391351027538,19.780506263889656,1.6853869,1.6316558,1.9256606,1.6973840791666666,0.09940635071541117,-15.389252,-15.668488,-15.585144,-15.033468937499999,0.35735575850816204
2024-12-24 15:00:00,59632.39,1.3151234,1.0665094,0.84718263,96896.71,7.54404e-05,-15.206512,-18.077286,1.6932194,39.040585,78.6614,15,1,359,12,0,-0.7071067811865471,-0.7071067811865479,-2.4492935982947064e-16,1.0,winter,16.564552,0.0754404,84.71826,2024,,6.7774644,20.022034,14.789001,14.407793451027539,19.818630619517144,1.6807009,1.6406144,1.915171,1.699427625,0.0984963505865369,-15.276001,-15.534271,-15.608337,-15.017115312500001,0.3353341087685231
2024-12-24 16:00:00,105879.18,1.2940613,1.1722658,0.84918,96876.31,7.176218e-05,-15.071442,-18.03601,1.7460818,42.17284,78.06193,16,1,359,12,0,-0.8660254037844384,-0.5000000000000004,-2.4492935982947064e-16,1.0,winter,29.410883,0.07176218,84.918,2024,,16.564552,33.065353,23.799047,14.263731701027538,19.788589785580086,1.6932194,1.66999,1.942885,1.7016195000000003,0.09771285747186532,-15.206512,-15.429077,-15.625549,-15.0034586875,0.3196649878117121
2024-12-24 17:00:00,153777.44,1.2865095,1.2669386,0.843407,96861.37,6.8715584e-05,-14.765625,-17.813583,1.8056135,44.560863,77.565834,17,1,359,12,0,-0.9659258262890684,-0.2588190451025206,-2.4492935982947064e-16,1.0,winter,42.715954,0.06871559,84.3407,2024,,29.410883,45.28055,34.85344,14.111462117694208,19.65120787915548,1.7460818,1.6920578,1.9766439,1.7047899916666667,0.09787629288068972,-15.071442,-15.1502075,-15.634094,-14.988557229166666,0.30704855172963985
2024-12-24 18:00:00,191271.08,1.2711303,1.3399862,0.8384316,96849.22,6.6539105e-05,-14.545837,-17.65445,1.84698,46.510555,77.20796,18,1,359,12,0,-1.0,-1.8369701987210292e-16,-2.4492935982947064e-16,1.0,winter,53.130856,0.06653911,83.84316,2024,,42.715954,53.75041,44.54162,14.00460395102754,19.4805814170087,1.8056135,1.7100251,2.0141692,1.7095214791666666,0.09995665670210387,-14.765625,-14.869171,-15.597443,-14.972532958333332,0.3082783903034539
2024-12-24 19:00:00,204300.53,1.2389762,1.3983603,0.8302239,96842.23,6.549464e-05,-14.461609,-17.629303,1.8682809,48.458385,76.83902,19,1,359,12,0,-0.9659258262890684,0.2588190451025203,-2.4492935982947064e-16,1.0,winter,56.75015,0.06549464,83.02239,2024,,53.130856,54.58956,49.81861,13.978789201027539,19.42595609108527,1.84698,1.7095537,2.0524163,1.7152279333333336,0.10382127797627602,-14.545837,-14.676941,-15.477478,-14.959060708333332,0.31984015887640516
2024-12-24 20:00:00,184936.33,1.1842939,1.4549974,0.82913387,96839.23,6.585324e-05,-14.311951,-17.539978,1.8760515,50.856163,76.47592,20,1,359,12,0,-0.8660254037844386,0.5000000000000001,-2.4492935982947064e-16,1.0,winter,51.3712,0.06585324,82.91338,2024,,56.75015,47.943146,46.627777,14.06881378436087,19.62631198019246,1.8682809,1.6846201,2.090659,1.7218415666666667,0.10839881650949176,-14.461609,-14.504456,-15.393646,-14.950088541666666,0.3309263942850017
2024-12-24 21:00:00,145320.06,1.1061906,1.4971387,0.83214384,96839.375,6.640441e-05,-14.24057,-17.43776,1.8614731,53.540424,76.687675,21,1,359,12,0,-0.7071067811865477,0.7071067811865474,-2.4492935982947064e-16,1.0,winter,40.366684,0.06640441,83.214386,2024,,51.3712,37.453224,37.418667,14.211649367694207,19.894205832178404,1.8760515,1.6413478,2.104712,1.729817875,0.11250610201072879,-14.311951,-14.414246,-15.381134,-14.9420675,0.34426162152457884
2024-12-24 22:00:00,93077.21,0.90135074,1.6590422,0.8277064,96845.72,6.805189e-05,-14.399384,-17.484772,1.8880821,61.48495,77.38491,22,1,359,12,0,-0.5000000000000004,0.8660254037844384,-2.4492935982947064e-16,1.0,winter,25.85478,0.0680519,82.77064,2024,,40.366684,25.510107,24.599508,14.33304353436087,20.050466934951164,1.8614731,1.4741789,2.0512447,1.7389897625,0.11394363754939207,-14.24057,-14.4826355,-15.445343,-14.934831,0.3574131620607937
2024-12-24 23:00:00,47164.066,0.86994445,1.6735363,0.83230805,96840.91,7.1684844e-05,-14.447601,-17.483887,1.8861408,62.5335,77.69725,23,1,359,12,0,-0.2588190451025215,0.965925826289068,-2.4492935982947064e-16,1.0,winter,13.10113,0.071684845,83.230804,2024,,25.85478,13.241545,12.577142,14.34740490936087,20.058942354331013,1.8880821,1.5097197,2.0333982,1.7562357291666668,0.10290943248830572,-14.399384,-14.530273,-15.562073,-14.9313621875,0.3623624062270827
2024-12-25 00:00:00,16262.768,0.7727222,1.6877689,0.83137596,96833.016,7.4772215e-05,-14.474518,-17.451218,1.8562498,65.399956,78.0835,0,2,360,12,0,0.0,1.0,-2.4492935982947064e-16,1.0,winter,4.5174356,0.07477222,83.137596,2024,,13.10113,4.9465795,4.507804,14.341554284360873,20.059299400511907,1.8861408,1.5517927,2.0379364,1.7719199416666669,0.09178883754639518,-14.447601,-14.692993,-15.732452,-14.927917520833333,0.36670787935672083
2024-12-25 01:00:00,2625.8914,0.6635274,1.7159375,0.833963,96816.695,7.3863856e-05,-14.550751,-17.486832,1.8397583,68.85925,78.33816,1,2,360,12,0,0.2588190451025207,0.9659258262890684,-2.4492935982947064e-16,1.0,winter,0.7294143,0.07386386,83.3963,2024,,4.5174356,1.3667104,1.1552039,14.323673288527539,20.0682275482058,1.8562498,1.6047491,2.0591981,1.7846056541666668,0.08037213807205407,-14.474518,-14.751129,-15.872589,-14.918814395833335,0.3754018236597001
2024-12-25 02:00:00,58.70671,0.5443226,1.764238,0.83217484,96795.74,7.373358e-05,-14.652252,-17.539505,1.8462998,72.85336,78.6441,2,2,360,12,0,0.4999999999999999,0.8660254037844387,-2.4492935982947064e-16,1.0,winter,0.01630742,0.07373358,83.21748,2024,,0.7294143,0.10771949,0.08029392,14.297119284360873,20.086530720317786,1.8397583,1.6659033,2.0957677,1.794397704166667,0.07131219352077899,-14.550751,-14.900085,-16.042969,-14.910465312500001,0.38147251713179814
2024-12-25 03:00:00,0.0,0.44034663,1.8233874,0.8327833,96782.05,7.313434e-05,-14.636658,-17.50711,1.8758056,76.42307,78.75807,3,2,360,12,0,0.7071067811865476,0.7071067811865476,-2.4492935982947064e-16,1.0,winter,0.0,0.07313434,83.27833,2024,,0.01630742,0.0,0.0,14.293310448110873,20.089346786952046,1.8462998,1.7162894,2.1392858,1.801914225,0.06652620514352767,-14.652252,-14.930939,-16.211334,-14.900138937499998,0.38510284441653186
2024-12-25 04:00:00,0.0,0.36492163,1.8735514,0.8319538,96773.47,7.340329e-05,-14.661713,-17.51242,1.9087595,78.97819,78.88504,4,2,360,12,0,0.8660254037844386,0.5000000000000001,-2.4492935982947064e-16,1.0,winter,0.0,0.073403284,83.19538,2024,,0.0,0.0,0.0,14.293310448110873,20.089346786952046,1.8758056,1.7626698,2.2014585,1.8085607333333333,0.06556113185048335,-14.636658,-15.000977,-16.307709,-14.887877229166667,0.38874725167058266
2024-12-25 05:00:00,0.0,0.30539995,1.9013356,0.83408666,96772.7,7.577962e-05,-14.614655,-17.451294,1.9257066,80.87487,78.98632,5,2,360,12,0,0.9659258262890684,0.2588190451025207,-2.4492935982947064e-16,1.0,winter,0.0,0.075779624,83.40867,2024,,0.0,0.0,0.0,14.293310448110873,20.089346786952046,1.9087595,1.798686,2.2759306,1.8146478041666667,0.0678568131039222,-14.661713,-15.101044,-16.449951,-14.873741229166667,0.39061961120656213
2024-12-25 06:00:00,0.0,0.2652945,1.9146801,0.8346786,96775.414,7.7734236e-05,-14.586578,-17.407333,1.9329721,82.11143,79.0966,6,2,360,12,0,1.0,6.123233995736766e-17,-2.4492935982947064e-16,1.0,winter,0.0,0.07773423,83.46786,2024,,0.0,0.0,0.0,14.293310448110873,20.089346786952046,1.9257066,1.8238274,2.3545387,1.8199403291666665,0.07141781539551298,-14.614655,-15.129761,-16.53424,-14.853475020833331,0.39093124708944543
2024-12-25 07:00:00,0.0,0.229791,1.8989607,0.8368475,96785.21,8.274451e-05,-14.602417,-17.41159,1.9128135,83.10025,79.171165,7,2,360,12,0,0.9659258262890684,-0.2588190451025206,-2.4492935982947064e-16,1.0,winter,0.0,0.08274451,83.684746,2024,,0.0,0.0,0.0,14.293310448110873,20.089346786952046,1.9329721,1.8396517,2.4284666,1.824488025,0.07505832954546787,-14.586578,-15.21579,-16.6091,-14.830842395833335,0.3899628153494384
2024-12-25 08:00:00,0.0,0.1998447,1.8607681,0.8346703,96797.15,8.7375825e-05,-14.551788,-17.379639,1.8714689,83.86998,79.055084,8,2,360,12,0,0.8660254037844387,-0.4999999999999998,-2.4492935982947064e-16,1.0,winter,0.0,0.08737583,83.46703,2024,,0.0,0.0,0.0,14.293310448110873,20.089346786952046,1.9128135,1.8403076,2.5062368,1.8275364333333333,0.07715730421036747,-14.602417,-15.194733,-16.724945,-14.805285187499999,0.383686372214492
2024-12-25 09:00:00,0.0,0.17546691,1.8034065,0.8307368,96807.25,8.988438e-05,-14.486633,-17.312561,1.8119227,84.44275,79.07848,9,2,360,12,0,0.7071067811865476,-0.7071067811865475,-2.4492935982947064e-16,1.0,winter,0.0,0.08988438,83.073685,2024,,0.0,0.0,0.0,14.293310448110873,20.089346786952046,1.8714689,1.8305613,2.5734947,1.8288348208333334,0.07764222297241073,-14.551788,-15.232422,-16.789276,-14.7784958125,0.3777114997404135
2024-12-25 10:00:00,0.0,0.12109161,1.7504097,0.83741045,96813.1,9.33302e-05,-14.546936,-17.340836,1.7545933,86.04263,79.282005,10,2,360,12,0,0.4999999999999999,-0.8660254037844387,-2.4492935982947064e-16,1.0,winter,0.0,0.0933302,83.74104,2024,,0.0,0.0,0.0,14.293310448110873,20.089346786952046,1.8119227,1.7739159,2.5507832,1.8280582125,0.0777173821794266,-14.486633,-15.3280945,-16.92871,-14.747421270833334,0.3693282584991506
2024-12-25 11:00:00,0.0,0.06794025,1.6826475,0.83833253,96824.375,9.718342e-05,-14.50238,-17.286484,1.6840185,87.68782,79.35452,11,2,360,12,0,0.258819045102521,-0.9659258262890682,-2.4492935982947064e-16,1.0,winter,0.0,0.09718342,83.83325,2024,,0.0,2.9466094e-07,6.482541e-06,14.293310448110873,20.089346786952046,1.7545933,1.7579553,2.5697398,1.8272531041666669,0.07839974237824622,-14.546936,-15.304443,-17.043488,-14.714872999999999,0.3498362924237699
2024-12-25 12:00:00,424.66284,0.039823186,1.6281697,0.8400769,96827.086,0.000101003156,-14.493683,-17.276611,1.6286566,88.598885,79.363785,12,2,360,12,0,1.2246467991473532e-16,-1.0,-2.4492935982947064e-16,1.0,winter,0.1179619,0.101003155,84.00769,2024,,0.0,0.12663054,0.11377742,14.293310435833334,20.089346796067154,1.6840185,1.7217582,2.55403,1.824172404166667,0.08258227517560733,-14.50238,-15.371826,-17.095917,-14.681453708333335,0.32874074873697134
2024-12-25 13:00:00,6739.1377,0.023874527,1.5807221,0.8449078,96826.055,0.000104906416,-14.439301,-17.239517,1.5809023,89.13469,79.2573,13,2,360,12,0,-0.2588190451025208,-0.9659258262890684,-2.4492935982947064e-16,1.0,winter,1.8719827,0.10490642,84.49078,2024,,0.1179619,1.6060092,2.1249886,14.2929492425,20.089612654133006,1.6286566,1.6853869,2.5401952,1.8202931708333334,0.08949926830326946,-14.493683,-15.389252,-17.208008,-14.644864416666666,0.29577711531385886
2024-12-25 14:00:00,28546.943,0.0043955916,1.5535077,0.84005344,96823.375,0.00010723629,-14.357086,-17.19101,1.5535139,89.83788,79.04651,14,2,360,12,0,-0.4999999999999997,-0.8660254037844388,-2.4492935982947064e-16,1.0,winter,7.9297066,0.10723629,84.00534,2024,,1.8719827,6.7774644,8.450282,14.304031471666667,20.08238180516093,1.5809023,1.6807009,2.52801,1.8159396458333334,0.09844136379345307,-14.439301,-15.276001,-17.247223,-14.605283125,0.2521798444820169
2024-12-25 15:00:00,62815.64,0.004832101,1.5243964,0.8318395,96819.1,0.00010634165,-14.139923,-17.014526,1.524404,89.818375,78.81258,15,2,360,12,0,-0.7071067811865471,-0.7071067811865479,-2.4492935982947064e-16,1.0,winter,17.44879,0.10634165,83.18395,2024,,7.9297066,16.564552,18.741564,14.352041563333332,20.064975804383675,1.5535139,1.6932194,2.5315437,1.8106401875,0.10890559931335254,-14.357086,-15.206512,-17.251602,-14.566994999999999,0.21256541844985147
2024-12-25 16:00:00,104421.82,0.02400609,1.4971194,0.8195799,96810.45,0.00010658851,-13.976807,-16.902893,1.4973118,89.081345,78.500084,16,2,360,12,0,-0.8660254037844384,-0.5000000000000004,-2.4492935982947064e-16,1.0,winter,29.006062,0.106588505,81.95799,2024,,17.44879,29.410883,32.24911,14.388884813333334,20.070026226610853,1.524404,1.7460818,2.554492,1.8036062125,0.12153831929560537,-14.139923,-15.071442,-17.278152,-14.522553791666667,0.18240438945389553
2024-12-25 17:00:00,148104.8,0.055353984,1.4547876,0.80800873,96800.27,0.00010705531,-13.7323,-16.751617,1.4558403,87.82098,77.93063,17,2,360,12,0,-0.9659258262890684,-0.2588190451025206,-2.4492935982947064e-16,1.0,winter,41.14022,0.107055314,80.80087,2024,,29.006062,42.715954,45.379124,14.372017271666666,20.05701820571261,1.4973118,1.8056135,2.5567224,1.7932407958333334,0.13636181964469699,-13.976807,-14.765625,-17.123535,-14.476944000000001,0.17592939922678097
2024-12-25 18:00:00,182321.94,0.07558027,1.4041443,0.80411756,96797.266,0.000106957785,-13.550598,-16.655182,1.4061769,86.91894,77.407906,18,2,360,12,0,-1.0,-1.8369701987210292e-16,-2.4492935982947064e-16,1.0,winter,50.64498,0.106957786,80.41176,2024,,41.14022,53.130856,56.017117,14.306361688333332,19.962558427465122,1.4558403,1.84698,2.558946,1.7786669125,0.15269506578926936,-13.7323,-14.545837,-17.009186,-14.433888791666668,0.22249030018978588
2024-12-25 19:00:00,193870.52,0.080105804,1.3458587,0.8003308,96799.32,0.0001009797,-13.392181,-16.56018,1.3482405,86.59376,77.02634,19,2,360,12,0,-0.9659258262890684,0.2588190451025203,-2.4492935982947064e-16,1.0,winter,53.85292,0.1009797,80.03308,2024,,50.64498,56.75015,58.72636,14.202783521666666,19.757752838332678,1.4061769,1.8682809,2.5387356,1.7603001166666665,0.169686283761358,-13.550598,-14.461609,-16.902557,-14.3924205,0.28475342764438305
2024-12-25 20:00:00,174794.95,0.06139079,1.2933145,0.79816544,96803.125,0.00010458586,-13.273651,-16.49411,1.2947707,87.28234,76.710526,20,2,360,12,0,-0.8660254037844386,0.5000000000000001,-2.4492935982947064e-16,1.0,winter,48.554153,0.104585856,79.81654,2024,,53.85292,51.3712,53.727417,14.082065605000002,19.493574768663557,1.3482405,1.8760515,2.5067499,1.7386317666666669,0.18756029330207444,-13.392181,-14.311951,-16.713104,-14.347861,0.3497193077331937
2024-12-25 21:00:00,134570.4,0.03509429,1.2544931,0.8028639,96806.266,0.00010764332,-13.284912,-16.458801,1.2549839,88.39758,77.00733,21,2,360,12,0,-0.7071067811865477,0.7071067811865474,-2.4492935982947064e-16,1.0,winter,37.38067,0.10764332,80.28639,2024,,48.554153,40.366684,42.230362,13.964688646666666,19.266440891111316,1.2947707,1.8614731,2.4778416,1.7144117333333335,0.2056975075817513,-13.273651,-14.24057,-16.689026,-14.304598499999999,0.4128743786674898
2024-12-25 22:00:00,85040.71,-0.046745963,1.1056902,0.80728424,96806.945,0.0001092571,-13.428833,-16.439697,1.106678,92.42088,78.037254,22,2,360,12,0,-0.5000000000000004,0.8660254037844384,-2.4492935982947064e-16,1.0,winter,23.62242,0.109257095,80.728424,2024,,37.38067,25.85478,28.296846,13.840271396666667,19.097431466831708,1.2549839,1.8880821,2.3492074,1.68914135,0.2233426262676381,-13.284912,-14.399384,-16.853363,-14.264779416666668,0.4624278224672307
2024-12-25 23:00:00,42558.496,-0.10597467,1.1344179,0.8031374,96812.59,0.000109484616,-13.506439,-16.422485,1.1393571,95.336945,78.64415,23,2,360,12,0,-0.2588190451025215,0.965925826289068,-2.4492935982947064e-16,1.0,winter,11.821804,0.10948461,80.31374,2024,,23.62242,13.10113,15.388578,13.747256396666666,19.04172513404321,1.106678,1.8861408,2.3903627,1.6565828458333332,0.24860735094625724,-13.428833,-14.447601,-17.010986,-14.224339791666667,0.49165857683395053
2024-12-26 00:00:00,15081.215,-0.12461574,1.1788102,0.80407685,96817.195,0.000109609806,-13.57428,-16.436646,1.1853787,96.0345,78.98605,0,3,361,12,0,0.0,1.0,-2.4492935982947064e-16,1.0,winter,4.189226,0.109609805,80.407684,2024,,11.821804,4.5174356,5.5363154,13.693951146666668,19.045402849015396,1.1393571,1.8562498,2.4066079,1.6254668583333334,0.26483118899479424,-13.506439,-14.474518,-17.108398,-14.185124708333333,0.5102589208593057
2024-12-26 01:00:00,4225.815,-0.110896826,1.2087951,0.80728364,96813.086,0.000107891705,-13.641571,-16.483978,1.2138714,95.24173,79.10677,1,3,361,12,0,0.2588190451025207,0.9659258262890684,-2.4492935982947064e-16,1.0,winter,1.1738375,0.1078917,80.72836,2024,,4.189226,0.7294143,0.9135732,13.680275746666666,19.05239500727839,1.1853787,1.8397583,2.4094863,1.5975138958333333,0.274636663970021,-13.57428,-14.550751,-17.21782,-14.147614791666667,0.5210353719677561
2024-12-26 02:00:00,373.41873,-0.08154612,1.2299168,0.80332035,96808.766,0.00010446914,-13.690033,-16.514923,1.2326171,93.793274,79.21473,2,3,361,12,0,0.4999999999999999,0.8660254037844387,-2.4492935982947064e-16,1.0,winter,0.10372742,0.104469135,80.33203,2024,,1.1738375,0.01630742,0.062756,13.698793379999998,19.039471965353968,1.2138714,1.8462998,2.400122,1.5714352749999998,0.2802916789494479,-13.641571,-14.652252,-17.335114,-14.109732291666667,0.5234962006681204
2024-12-26 03:00:00,0.0,-0.039257575,1.2361962,0.79944175,96803.945,0.00010243409,-13.677124,-16.514313,1.2368194,91.81892,79.1355,3,3,361,12,0,0.7071067811865476,0.7071067811865476,-2.4492935982947064e-16,1.0,winter,0.0,0.10243409,79.944176,2024,,0.10372742,0.0,0.0,13.702435880000001,19.036748684003943,1.2326171,1.8758056,2.3822854,1.5458651625,0.2821126890600142,-13.690033,-14.636658,-17.333572,-14.069639833333333,0.516945560793359
2024-12-26 04:00:00,0.0,0.0025658377,1.2155125,0.7967501,96801.93,0.00010060844,-13.7565,-16.5737,1.2155153,89.87905,79.2549,4,3,361,12,0,0.8660254037844386,0.5000000000000001,-2.4492935982947064e-16,1.0,winter,0.0,0.100608446,79.67501,2024,,0.0,0.0,0.0,13.702435880000001,19.036748684003943,1.2368194,1.9087595,2.356432,1.5192407374999999,0.2797631020689876,-13.677124,-14.661713,-17.377533,-14.02965925,0.5082172055327953
2024-12-26 05:00:00,0.0,0.029125787,1.1686969,0.7947888,96809.32,9.92211e-05,-13.769226,-16.57248,1.1690598,88.57239,79.34524,5,3,361,12,0,0.9659258262890684,0.2588190451025207,-2.4492935982947064e-16,1.0,winter,0.0,0.099221095,79.478874,2024,,0.0,0.0,0.0,13.702435880000001,19.036748684003943,1.2155153,1.9257066,2.3256247,1.4903555624999998,0.27351574475254026,-13.7565,-14.614655,-17.489807,-13.991942041666666,0.4926207938228974
2024-12-26 06:00:00,0.0,0.042191487,1.1179107,0.7894822,96818.81,9.71787e-05,-13.740051,-16.545654,1.1187066,87.83859,79.33435,6,3,361,12,0,1.0,6.123233995736766e-17,-2.4492935982947064e-16,1.0,winter,0.0,0.0971787,78.94822,2024,,0.0,0.0,0.0,13.702435880000001,19.036748684003943,1.1690598,1.9329721,2.2980325,1.4588286124999998,0.2646158426153902,-13.769226,-14.586578,-17.523163,-13.956715833333334,0.4761065106587632
2024-12-26 07:00:00,0.0,0.034496695,1.0645573,0.78998053,96837.71,9.240688e-05,-13.726471,-16.512756,1.0651162,88.144,79.46465,7,3,361,12,0,0.9659258262890684,-0.2588190451025206,-2.4492935982947064e-16,1.0,winter,0.0,0.092406884,78.998055,2024,,0.0,0.0,0.0,13.702435880000001,19.036748684003943,1.1187066,1.9128135,2.265281,1.4249008833333334,0.25313171284022895,-13.740051,-14.602417,-17.484833,-13.921443875,0.4584443949138016
2024-12-26 08:00:00,0.0,0.027013876,1.0360051,0.78960747,96850.95,9.046755e-05,-13.684662,-16.444122,1.0363573,88.50635,79.64946,8,3,361,12,0,0.8660254037844387,-0.4999999999999998,-2.4492935982947064e-16,1.0,winter,0.0,0.09046755,78.96075,2024,,0.0,0.0,0.0,13.702435880000001,19.036748684003943,1.0651162,1.8714689,2.2453036,1.3895801625,0.24093886020597333,-13.726471,-14.551788,-17.543411,-13.884946124999999,0.4362019387320613
2024-12-26 09:00:00,0.0,0.00588278,1.0159777,0.7962597,96868.53,8.868328e-05,-13.6427,-16.39505,1.0159948,89.66824,79.7034,9,3,361,12,0,0.7071067811865476,-0.7071067811865475,-2.4492935982947064e-16,1.0,winter,0.0,0.08868328,79.62597,2024,,0.0,0.0,0.0,13.702435880000001,19.036748684003943,1.0363573,1.8119227,2.226373,1.3547838458333334,0.2282900631821068,-13.684662,-14.486633,-17.557266,-13.848815875,0.4139084747834929
2024-12-26 10:00:00,0.0,-0.120358765,0.9820884,0.78775984,96874.69,8.7295e-05,-13.615234,-16.302795,0.98943615,96.98698,80.13948,10,3,361,12,0,0.4999999999999999,-0.8660254037844387,-2.4492935982947064e-16,1.0,winter,0.0,0.087294996,78.775986,2024,,0.0,0.0,0.0,13.702435880000001,19.036748684003943,1.0159948,1.7545933,2.1457024,1.3216201833333334,0.21650206537169198,-13.6427,-14.546936,-17.703857,-13.813652,0.392669918961032
2024-12-26 11:00:00,0.0,-0.12789033,1.0495578,0.7910751,96885.87,8.518193e-05,-13.601013,-16.280945,1.057321,96.947334,80.19266,11,3,361,12,0,0.258819045102521,-0.9659258262890682,-2.4492935982947064e-16,1.0,winter,0.0,0.08518193,79.10751,2024,,0.0,0.0,2.3572875e-06,13.702435880000001,19.036748684003943,0.98943615,1.6840185,2.093496,1.2897386354166667,0.2060570242980288,-13.615234,-14.50238,-17.720627,-13.774831083333332,0.3618705661754603
2024-12-26 12:00:00,313.368,-0.14026864,1.1013875,0.79515034,96890.04,8.2187915e-05,-13.5338745,-16.221039,1.1102836,97.2579,80.15475,12,3,361,12,0,1.2246467991473532e-16,-1.0,-2.4492935982947064e-16,1.0,winter,0.08704667,0.08218791,79.51504,2024,,0.0,0.1179619,0.19657567,13.702435880000001,19.036748684003943,1.057321,1.6286566,2.062474,1.2636262395833333,0.1932294434184969,-13.601013,-14.493683,-17.778534,-13.737274124999999,0.3282953171052157
2024-12-26 13:00:00,6833.632,-0.15456107,1.1733332,0.80273265,96893.12,8.034269e-05,-13.432098,-16.113525,1.1834694,97.50426,80.20883,13,3,361,12,0,-0.2588190451025208,-0.9659258262890684,-2.4492935982947064e-16,1.0,winter,1.898231,0.08034269,80.27326,2024,,0.08704667,1.8719827,1.7764144,13.701147745416668,19.03770887377014,1.1102836,1.5809023,2.0527098,1.2420273645833333,0.17910838799404669,-13.5338745,-14.439301,-17.806854,-13.697282104166668,0.2881516878695028
2024-12-26 14:00:00,29452.475,-0.16792135,1.2551956,0.80693966,96906.25,7.844556e-05,-13.317688,-16.00113,1.2663782,97.61984,80.21307,14,3,361,12,0,-0.4999999999999997,-0.8660254037844388,-2.4492935982947064e-16,1.0,winter,8.181243,0.07844556,80.69397,2024,,1.898231,7.9297066,6.5214086,13.702241424583333,19.03700050594393,1.1834694,1.5535139,2.0588255,1.2254676604166665,0.16416417803639388,-13.432098,-14.357086,-17.811462,-13.6553153125,0.24558568671723174
2024-12-26 15:00:00,64747.73,-0.16473714,1.3411033,0.80846953,96917.37,7.637445e-05,-13.175446,-15.901062,1.3511834,97.00296,79.95451,15,3,361,12,0,-0.7071067811865471,-0.7071067811865479,-2.4492935982947064e-16,1.0,winter,17.985481,0.07637445,80.846954,2024,,8.181243,17.44879,15.919333,13.712722107916667,19.03375326724924,1.2663782,1.524404,2.0833726,1.2135036729166668,0.14897785479976575,-13.317688,-14.139923,-17.728897,-13.612007062499998,0.2046926832071563
2024-12-26 16:00:00,108187.945,-0.15754741,1.4166734,0.811963,96921.2,7.3563424e-05,-12.995697,-15.774139,1.4254069,96.34575,79.63288,16,3,361,12,0,-0.8660254037844384,-0.5000000000000004,-2.4492935982947064e-16,1.0,winter,30.052208,0.07356343,81.196304,2024,,17.985481,29.006062,28.945942,13.735084232916668,19.03864813294306,1.3511834,1.4973118,2.1232462,1.2062861479166667,0.13697313255037266,-13.175446,-13.976807,-17.665817,-13.571820520833334,0.19074345437784376
2024-12-26 17:00:00,151363.61,-0.14725707,1.4778757,0.80576813,96925.55,7.02076e-05,-12.685638,-15.565918,1.485194,95.69022,79.01298,17,3,361,12,0,-0.9659258262890684,-0.2588190451025206,-2.4492935982947064e-16,1.0,winter,42.04545,0.070207596,80.57681,2024,,30.052208,41.14022,43.50291,13.778673649583334,19.076291896492243,1.4254069,1.4558403,2.158219,1.2032901104166667,0.1309862657887439,-12.995697,-13.7323,-17.428696,-13.5309409375,0.2047912403515753
2024-12-26 18:00:00,183490.52,-0.15514876,1.5169717,0.8140188,96930.9,6.82338e-05,-12.524506,-15.461304,1.524885,95.83964,78.67045,18,3,361,12,0,-1.0,-1.8369701987210292e-16,-2.4492935982947064e-16,1.0,winter,50.96959,0.0682338,81.40188,2024,,42.04545,50.64498,55.53773,13.81639156625,19.133552672604722,1.485194,1.4061769,2.1821613,1.20451318125,0.1335587389146327,-12.685638,-13.550598,-17.27855,-13.487330020833333,0.2631707243616405
2024-12-26 19:00:00,189608.6,-0.19179583,1.5449398,0.8166453,96943.12,6.952338e-05,-12.3463745,-15.312286,1.5567994,97.076744,78.51063,19,3,361,12,0,-0.9659258262890684,0.2588190451025203,-2.4492935982947064e-16,1.0,winter,52.669052,0.06952339,81.664536,2024,,50.96959,53.85292,59.41591,13.829916982916666,19.160813848198618,1.524885,1.3482405,2.1849644,1.2094593520833334,0.1432017793911102,-12.524506,-13.392181,-17.100067,-13.4445761875,0.3278461320734197
2024-12-26 20:00:00,169762.58,-0.24150373,1.5612922,0.8153242,96965.016,7.024222e-05,-12.133331,-15.139954,1.57986,98.79293,78.28249,20,3,361,12,0,-0.8660254037844386,0.5000000000000001,-2.4492935982947064e-16,1.0,winter,47.156273,0.07024222,81.53242,2024,,52.669052,48.554153,54.16782,13.780589149583333,19.054527419565904,1.5567994,1.2947707,2.153674,1.21814930625,0.15759438522683836,-12.3463745,-13.273651,-16.937439,-13.401000916666666,0.3972646349691061
2024-12-26 21:00:00,132268.83,-0.30800146,1.566188,0.8241828,96988.02,7.224369e-05,-12.048065,-15.013702,1.5961859,101.125626,78.561676,21,3,361,12,0,-0.7071067811865477,0.7071067811865474,-2.4492935982947064e-16,1.0,winter,36.74134,0.07224369,82.41828,2024,,47.156273,37.38067,42.62373,13.722344149583334,18.945435907078572,1.57986,1.2549839,2.1060007,1.2300280270833335,0.17355679031111554,-12.133331,-13.284912,-16.87741,-13.353487583333333,0.47394872161694773
2024-12-26 22:00:00,89684.47,-0.3790368,1.5007808,0.8255617,97021.914,7.222501e-05,-12.191772,-14.997711,1.5479057,104.174194,79.57909,22,3,361,12,0,-0.5000000000000004,0.8660254037844384,-2.4492935982947064e-16,1.0,winter,24.912352,0.07222501,82.55617,2024,,36.74134,23.62242,28.580353,13.695705399583332,18.9111425818531,1.5961859,1.106678,2.0895982,1.2442447770833331,0.18897930372346664,-12.048065,-13.428833,-17.115295,-13.301952291666666,0.5438235897696386
2024-12-26 23:00:00,49384.39,-0.45263553,1.575546,0.8347309,97054.28,7.000294e-05,-12.172089,-14.925415,1.6392756,106.028725,79.92784,23,3,361,12,0,-0.2588190451025215,0.965925826289068,-2.4492935982947064e-16,1.0,winter,13.717886,0.07000294,83.47309,2024,,24.912352,11.821804,15.702448,13.74945256625,18.942389069614986,1.5479057,1.1393571,1.9843245,1.2626292645833332,0.19633341973792667,-12.191772,-13.506439,-17.1884,-13.250408083333333,0.5880976132419803
2024-12-27 00:00:00,19932.986,-0.49688452,1.6406388,0.84079164,97077.31,6.801522e-05,-12.211578,-14.890137,1.7142316,106.84948,80.41533,0,4,362,12,0,0.0,1.0,-2.4492935982947064e-16,1.0,winter,5.5369406,0.068015225,84.07916,2024,,13.717886,4.189226,6.6156597,13.828455982916665,18.937953329094647,1.6392756,1.1853787,1.8732083,1.2834592020833333,0.2088092361722612,-12.172089,-13.57428,-17.35579,-13.194810166666665,0.6247707613408608
2024-12-27 01:00:00,5061.5986,-0.5077182,1.6997329,0.8395596,97094.805,6.679877e-05,-12.20929,-14.8498535,1.7739419,106.63113,80.66756,1,4,362,12,0,0.2588190451025207,0.9659258262890684,-2.4492935982947064e-16,1.0,winter,1.4059997,0.06679877,83.95596,2024,,5.5369406,1.1738375,1.6857557,13.884610757916667,18.910106047636432,1.7142316,1.2138714,1.7832272,1.3054947395833334,0.2252651915021409,-12.211578,-13.641571,-17.43309,-13.138030916666665,0.6501892881184734
2024-12-27 02:00:00,423.73575,-0.49622875,1.7474208,0.840742,97106.52,6.602551e-05,-12.216461,-14.808868,1.8165138,105.85336,80.98676,2,4,362,12,0,0.4999999999999999,0.8660254037844387,-2.4492935982947064e-16,1.0,winter,0.11770438,0.06602551,84.074196,2024,,1.4059997,0.10372742,0.06036542,13.89428418291667,18.903379359915988,1.7739419,1.2326171,1.7166654,1.3288310104166665,0.24362295337259648,-12.20929,-13.690033,-17.59578,-13.078352541666666,0.6674640980729533
2024-12-27 03:00:00,0.0,-0.46352792,1.7752422,0.8486675,97115.695,6.6592795e-05,-12.194336,-14.773987,1.8347597,104.6336,81.07508,3,4,362,12,0,0.7071067811865476,0.7071067811865476,-2.4492935982947064e-16,1.0,winter,0.0,0.0665928,84.86675,2024,,0.11770438,0.0,0.0,13.89486655625,18.902936239904683,1.8165138,1.2368194,1.6498388,1.3531600395833332,0.26205467777306873,-12.216461,-13.677124,-17.687698,-13.016953708333334,0.6764652327526869
2024-12-27 04:00:00,0.0,-0.43330443,1.7786553,0.85158515,97129.84,6.639412e-05,-12.163391,-14.730896,1.830674,103.69134,81.16067,4,4,362,12,0,0.8660254037844386,0.5000000000000001,-2.4492935982947064e-16,1.0,winter,0.0,0.06639412,85.158516,2024,,0.0,0.0,0.0,13.89486655625,18.902936239904683,1.8347597,1.2155153,1.5865297,1.3780742187500001,0.27842545970017174,-12.194336,-13.7565,-17.787506,-12.955170874999999,0.6812451544948883
2024-12-27 05:00:00,0.0,-0.4100689,1.7549499,0.8526304,97146.5,6.556234e-05,-12.124908,-14.692352,1.8022225,103.15199,81.166725,5,4,362,12,0,0.9659258262890684,0.2588190451025207,-2.4492935982947064e-16,1.0,winter,0.0,0.06556234,85.26304,2024,,0.0,0.0,0.0,13.89486655625,18.902936239904683,1.830674,1.1690598,1.5116799,1.4037058312500001,0.29084812954012595,-12.163391,-13.769226,-17.848984,-12.888791333333332,0.6773741259824037
2024-12-27 06:00:00,0.0,-0.39347565,1.7281667,0.8544096,97166.055,6.484858e-05,-12.12616,-14.67395,1.7723948,102.82666,81.29774,6,4,362,12,0,1.0,6.123233995736766e-17,-2.4492935982947064e-16,1.0,winter,0.0,0.06484858,85.440956,2024,,0.0,0.0,0.0,13.89486655625,18.902936239904683,1.8022225,1.1187066,1.4359131,1.4300876104166669,0.29728360118514674,-12.124908,-13.740051,-17.842682,-12.820278083333333,0.6675365557526896
2024-12-27 07:00:00,0.0,-0.38621673,1.6973788,0.8545641,97197.81,6.567113e-05,-12.139465,-14.678467,1.7407637,102.818665,81.35454,7,4,362,12,0,0.9659258262890684,-0.2588190451025206,-2.4492935982947064e-16,1.0,winter,0.0,0.06567112,85.456406,2024,,0.0,0.0,0.0,13.89486655625,18.902936239904683,1.7723948,1.0651162,1.3461651,1.4573246187500002,0.2974598969473647,-12.12616,-13.726471,-17.867386,-12.753032625000001,0.6519604909509485
2024-12-27 08:00:00,0.0,-0.38209748,1.6525619,0.8580744,97222.41,6.271492e-05,-12.124023,-14.667633,1.6961602,103.018875,81.32599,8,4,362,12,0,0.8660254037844387,-0.4999999999999998,-2.4492935982947064e-16,1.0,winter,0.0,0.06271492,85.80744,2024,,0.0,0.0,0.0,13.89486655625,18.902936239904683,1.7407637,1.0363573,1.277616,1.4854765979166666,0.29062035832007205,-12.139465,-13.684662,-17.92006,-12.686907374999999,0.6290140273726721
2024-12-27 09:00:00,0.0,-0.4026138,1.6207851,0.85849994,97243.32,6.032734e-05,-12.101532,-14.628754,1.6700426,103.95029,81.43883,9,4,362,12,0,0.7071067811865476,-0.7071067811865475,-2.4492935982947064e-16,1.0,winter,0.0,0.06032734,85.84999,2024,,0.0,0.0,0.0,13.89486655625,18.902936239904683,1.6961602,1.0159948,1.2131249,1.5129683854166667,0.2771849725143502,-12.124023,-13.6427,-17.970657,-12.62188075,0.6014471791265279
2024-12-27 10:00:00,0.0,-0.47824696,1.5805889,0.85638136,97256.88,5.997194e-05,-12.000763,-14.50412,1.6513575,106.83451,81.61313,10,4,362,12,0,0.4999999999999999,-0.8660254037844387,-2.4492935982947064e-16,1.0,winter,0.0,0.05997194,85.63814,2024,,0.0,0.0,0.0,13.89486655625,18.902936239904683,1.6700426,0.98943615,1.0757924,1.5402203770833334,0.25766427143532566,-12.101532,-13.615234,-17.97844,-12.557665416666667,0.5691226878135893
2024-12-27 11:00:00,0.0,-0.4878071,1.599173,0.8633206,97276.5,5.966784e-05,-11.894501,-14.375763,1.671918,106.963646,81.77639,11,4,362,12,0,0.258819045102521,-0.9659258262890682,-2.4492935982947064e-16,1.0,winter,0.0,0.05966784,86.33206,2024,,0.0,0.0,1.1786437e-06,13.89486655625,18.902936239904683,1.6513575,1.057321,1.0179417,1.567800433333333,0.2300966274368006,-12.000763,-13.601013,-17.958069,-12.490395791666666,0.5329490844237822
2024-12-27 12:00:00,349.83655,-0.50851095,1.6252569,0.86428744,97288.055,6.112068e-05,-11.827728,-14.311157,1.7029513,107.37387,81.771416,12,4,362,12,0,1.2246467991473532e-16,-1.0,-2.4492935982947064e-16,1.0,winter,0.09717682,0.061120678,86.42874,2024,,0.0,0.08704667,0.13680635,13.89486655625,18.902936239904683,1.671918,1.1102836,0.9802483,1.5934086416666668,0.20347364115631333,-11.894501,-13.5338745,-17.974289,-12.419291125,0.4904779285861428
2024-12-27 13:00:00,7346.1494,-0.52502316,1.6619779,0.86877495,97304.47,6.342912e-05,-11.7821045,-14.260132,1.7429342,107.53146,81.8141,13,4,362,12,0,-0.2588190451025208,-0.9659258262890684,-2.4492935982947064e-16,1.0,winter,2.040597,0.06342912,86.877495,2024,,0.09717682,1.898231,2.17862,13.895288645833332,18.90261462595402,1.7029513,1.1834694,0.9662269,1.6181031291666665,0.17646149769042446,-11.827728,-13.432098,-17.92575,-12.3482016875,0.4432802430864884
2024-12-27 14:00:00,30766.543,-0.5419559,1.7066002,0.8716772,97326.05,6.391782e-05,-11.717407,-14.181824,1.7905866,107.618004,81.91449,14,4,362,12,0,-0.4999999999999997,-0.8660254037844388,-2.4492935982947064e-16,1.0,winter,8.546262,0.063917816,87.167725,2024,,2.040597,8.181243,8.694948,13.9012205625,18.89870801932802,1.7429342,1.2663782,0.9836749,1.6414141625,0.1517755492364846,-11.7821045,-13.317688,-17.86972,-12.279451958333333,0.3929618746381964
2024-12-27 15:00:00,63556.953,-0.5431112,1.7429227,0.87426853,97342.73,6.551907e-05,-11.6502075,-14.159088,1.8255819,107.307526,81.62665,15,4,362,12,0,-0.7071067811865471,-0.7071067811865479,-2.4492935982947064e-16,1.0,winter,17.654709,0.065519065,87.42685,2024,,8.546262,17.985481,19.70271,13.9164296875,18.894050911730748,1.7905866,1.3511834,1.0271919,1.663256179166667,0.13187188665859223,-11.717407,-13.175446,-17.81961,-12.212773583333332,0.3415370705889567
2024-12-27 16:00:00,101046.945,-0.5188428,1.7605841,0.87560827,97356.62,6.581668e-05,-11.487671,-14.052704,1.8354439,106.420204,81.27622,16,4,362,12,0,-0.8660254037844384,-0.5000000000000004,-2.4492935982947064e-16,1.0,winter,28.068596,0.065816686,87.56083,2024,,17.654709,30.052208,34.267017,13.902647520833332,18.89107411905372,1.8255819,1.4254069,1.0847093,1.6830227833333333,0.11787197293288972,-11.6502075,-12.995697,-17.608505,-12.149221979166667,0.29308740248416937
2024-12-27 17:00:00,136161.16,-0.4852385,1.7529217,0.8726359,97363.84,6.5113825e-05,-11.257202,-13.928467,1.8188434,105.47299,80.608025,17,4,362,12,0,-0.9659258262890684,-0.2588190451025206,-2.4492935982947064e-16,1.0,winter,37.822544,0.06511383,87.26359,2024,,28.068596,42.04545,48.37911,13.819997020833334,18.82155738793305,1.8354439,1.485194,1.1443866,1.7001076583333334,0.10823048446256531,-11.487671,-12.685638,-17.364563,-12.086387562499999,0.26392348936568416
2024-12-27 18:00:00,163192.7,-0.46744034,1.7271684,0.8705756,97376.945,6.3792264e-05,-11.045013,-13.785767,1.7893047,105.14373,80.184456,18,4,362,12,0,-1.0,-1.8369701987210292e-16,-2.4492935982947064e-16,1.0,winter,45.331306,0.063792266,87.05756,2024,,37.822544,50.96959,58.61085,13.644042604166666,18.56419712700045,1.8188434,1.524885,1.1964833,1.7140097166666666,0.1005831153239579,-11.257202,-12.524506,-17.138397,-12.026869395833332,0.28326579220640624
2024-12-27 19:00:00,171786.45,-0.4655851,1.6836872,0.86626416,97399.94,6.602027e-05,-10.846893,-13.631226,1.7468749,105.45756,79.9307,19,4,362,12,0,-0.9659258262890684,0.2588190451025203,-2.4492935982947064e-16,1.0,winter,47.71846,0.06602027,86.62642,2024,,45.331306,52.669052,61.667442,13.409114104166667,18.101210773614365,1.7893047,1.5567994,1.219807,1.7250272041666668,0.09317540409536279,-11.045013,-12.3463745,-16.925323,-11.965223854166666,0.3277528464801415
2024-12-27 20:00:00,157295.05,-0.49537304,1.6276274,0.86676824,97429.53,6.6652814e-05,-10.689178,-13.524048,1.7013422,106.92777,79.62714,20,4,362,12,0,-0.8660254037844386,0.5000000000000001,-2.4492935982947064e-16,1.0,winter,43.69307,0.06665281,86.67683,2024,,47.71846,47.156273,55.28914,13.202839437500002,17.65712743677941,1.7468749,1.57986,1.2120265,1.7329470166666667,0.08606101267208466,-10.846893,-12.133331,-16.754395,-11.902745458333333,0.38911310742474003
2024-12-27 21:00:00,127631.91,-0.54793113,1.5749962,0.8643369,97465.805,6.894212e-05,-10.618652,-13.442993,1.6675856,109.18246,79.70637,21,4,362,12,0,-0.7071067811865477,0.7071067811865474,-2.4492935982947064e-16,1.0,winter,35.45331,0.06894212,86.43369,2024,,43.69307,36.74134,43.230602,13.0585393125,17.379553457483233,1.7013422,1.5961859,1.1787907,1.7380087750000002,0.08002656297476964,-10.689178,-12.048065,-16.718475,-11.842572416666668,0.4575494482073413
2024-12-27 22:00:00,93445.88,-0.6003628,1.3724397,0.8596631,97497.266,7.081106e-05,-10.627991,-13.308228,1.4980074,113.62658,80.64363,22,4,362,12,0,-0.5000000000000004,0.8660254037844384,-2.4492935982947064e-16,1.0,winter,25.95719,0.07081106,85.96632,2024,,35.45331,24.912352,29.363316,13.004871395833334,17.305070609795347,1.6675856,1.5479057,1.1829467,1.7409837625,0.07573726050560833,-10.618652,-12.191772,-16.936737,-11.783013541666667,0.5185977832452772
2024-12-27 23:00:00,54142.184,-0.7209055,1.4131609,0.8565597,97525.945,7.180189e-05,-10.712128,-13.296783,1.5864199,117.0278,81.259445,23,4,362,12,0,-0.2588190451025215,0.965925826289068,-2.4492935982947064e-16,1.0,winter,15.039495,0.07180189,85.65597,2024,,25.95719,13.717886,15.872887,13.0484063125,17.33761274196757,1.4980074,1.6392756,1.1438158,1.7389046666666665,0.0817168179252163,-10.627991,-12.172089,-17.056915,-11.717856,0.5614734368618144
2024-12-28 00:00:00,21492.67,-0.7818011,1.4645959,0.85959864,97546.25,7.205306e-05,-10.80835,-13.332306,1.660197,118.093285,81.64704,0,5,363,12,1,0.0,1.0,-2.4492935982947064e-16,1.0,winter,5.970186,0.07205306,85.95986,2024,,15.039495,5.5369406,6.1742144,13.103473354166667,17.341929851727762,1.5864199,1.7142316,1.0896373,1.7367023458333335,0.08515840216483897,-10.712128,-12.211578,-17.155457,-11.657024291666666,0.5885558943164678
2024-12-28 01:00:00,5834.4336,-0.7899384,1.5045108,0.8536154,97555.516,7.2713745e-05,-10.847687,-13.323242,1.6992809,117.70158,81.96302,1,5,363,12,1,0.2588190451025207,0.9659258262890684,-2.4492935982947064e-16,1.0,winter,1.620676,0.07271375,85.36154,2024,,5.970186,1.4059997,1.1885108,13.121525245833334,17.3339347527001,1.660197,1.7739419,1.0398505,1.7344509041666667,0.08648231971511376,-10.80835,-12.20929,-17.253082,-11.598556458333332,0.600645648049326
2024-12-28 02:00:00,399.9329,-0.78548443,1.5281382,0.8562815,97565.95,7.3109586e-05,-10.862152,-13.314178,1.7181944,117.2038,82.117744,2,5,363,12,1,0.4999999999999999,0.8660254037844387,-2.4492935982947064e-16,1.0,winter,0.11109247,0.07310959,85.62815,2024,,1.620676,0.11770438,0.02819581,13.130470091666666,17.32768059011961,1.6992809,1.8165138,1.0109824,1.7313400291666667,0.08634272878901417,-10.847687,-12.216461,-17.37593,-11.541823,0.6047417886441214
2024-12-28 03:00:00,0.0,-0.7686575,1.5320349,0.8567659,97576.07,7.342311e-05,-10.856659,-13.291931,1.7140493,116.64399,82.23029,3,5,363,12,1,0.7071067811865476,0.7071067811865476,-2.4492935982947064e-16,1.0,winter,0.0,0.07342311,85.67659,2024,,0.11109247,0.0,0.0,13.130194595416667,17.32789652922238,1.7181944,1.8347597,1.0204781,1.7272433875,0.08443726606607493,-10.862152,-12.194336,-17.435806,-11.485393458333332,0.6022343799298695
2024-12-28 04:00:00,0.0,-0.7432941,1.5247042,0.8576942,97587.32,7.420927e-05,-10.866425,-13.287048,1.6962339,115.98926,82.32679,4,5,363,12,1,0.8660254037844386,0.5000000000000001,-2.4492935982947064e-16,1.0,winter,0.0,0.074209265,85.769424,2024,,0.0,0.0,0.0,13.130194595416667,17.32789652922238,1.7140493,1.830674,1.0667746,1.7222137875,0.08129099505718904,-10.856659,-12.163391,-17.404312,-11.429656916666667,0.5956338864700396
2024-12-28 05:00:00,0.0,-0.73030853,1.5032058,0.8571425,97600.42,7.573267e-05,-10.896637,-13.290009,1.6712205,115.912056,82.50497,5,5,363,12,1,0.9659258262890684,0.2588190451025207,-2.4492935982947064e-16,1.0,winter,0.0,0.07573267,85.71425,2024,,0.0,0.0,0.0,13.130194595416667,17.32789652922238,1.6962339,1.8022225,1.1126766,1.7166121166666664,0.07806002229385386,-10.866425,-12.124908,-17.450241,-11.375616666666666,0.5849083850368434
2024-12-28 06:00:00,0.0,-0.72194254,1.4929254,0.856961,97611.69,7.742211e-05,-10.901947,-13.295624,1.6583205,115.80729,82.5022,6,5,363,12,1,1.0,6.123233995736766e-17,-2.4492935982947064e-16,1.0,winter,0.0,0.07742211,85.6961,2024,,0.0,0.0,0.0,13.130194595416667,17.32789652922238,1.6712205,1.7723948,1.1646491,1.7111536999999999,0.07637540022832792,-10.896637,-12.12616,-17.477646,-11.324438708333334,0.5700432268581893
2024-12-28 07:00:00,0.0,-0.7262205,1.4947395,0.85741603,97632.086,7.881859e-05,-10.9513855,-13.325226,1.661819,115.91284,82.628426,7,5,363,12,1,0.9659258262890684,-0.2588190451025206,-2.4492935982947064e-16,1.0,winter,0.0,0.0788186,85.7416,2024,,0.0,0.0,0.0,13.130194595416667,17.32789652922238,1.6583205,1.7407637,1.2151158,1.7064006041666666,0.07594686617854653,-10.901947,-12.139465,-17.458221,-11.273429833333333,0.5495899632574559
2024-12-28 08:00:00,0.0,-0.71920496,1.503474,0.8612889,97645.45,7.699948e-05,-10.9552,-13.330231,1.6666403,115.56468,82.61992,8,5,363,12,1,0.8660254037844387,-0.4999999999999998,-2.4492935982947064e-16,1.0,winter,0.0,0.07699948,86.12889,2024,,0.0,0.0,0.0,13.130194595416667,17.32789652922238,1.661819,1.6961602,1.2618517,1.7031112416666667,0.07610328463257544,-10.9513855,-12.124023,-17.50531,-11.223926520833336,0.5209527938795819
2024-12-28 09:00:00,0.0,-0.70633507,1.5125451,0.8664291,97659.05,7.6664044e-05,-10.87146,-13.247711,1.6693418,115.031845,82.62315,9,5,363,12,1,0.7071067811865476,-0.7071067811865475,-2.4492935982947064e-16,1.0,winter,0.0,0.076664045,86.64291,2024,,0.0,0.0,0.0,13.130194595416667,17.32789652922238,1.6666403,1.6700426,1.2969551,1.7018812458333334,0.07645823858265703,-10.9552,-12.101532,-17.457458,-11.175225562500001,0.4866535764720663
2024-12-28 10:00:00,0.0,-0.72314996,1.4929364,0.858369,97674.15,7.726942e-05,-10.793304,-13.161224,1.6588565,115.844666,82.68966,10,5,363,12,1,0.4999999999999999,-0.8660254037844387,-2.4492935982947064e-16,1.0,winter,0.0,0.07726942,85.8369,2024,,0.0,0.0,0.0,13.130194595416667,17.32789652922238,1.6693418,1.6513575,1.2825166,1.7018520458333333,0.07647105942717028,-10.87146,-12.000763,-17.41861,-11.123972562499999,0.44810296763767227
2024-12-28 11:00:00,0.0,-0.7089645,1.5341328,0.8608073,97681.516,7.555254e-05,-10.740143,-13.103546,1.6900278,114.80293,82.72714,11,5,363,12,1,0.258819045102521,-0.9659258262890682,-2.4492935982947064e-16,1.0,winter,0.0,0.07555254,86.08073,2024,,0.0,0.0,5.8932187e-07,13.130194595416667,17.32789652922238,1.6588565,1.671918,1.36175,1.7021645041666666,0.0762708281077508,-10.793304,-11.894501,-17.389267,-11.073661770833333,0.4116850954452086
2024-12-28 12:00:00,352.39725,-0.6895396,1.5929619,0.86322,97689.086,7.505592e-05,-10.627319,-13.004028,1.7357973,113.40616,82.65331,12,5,363,12,1,1.2246467991473532e-16,-1.0,-2.4492935982947064e-16,1.0,winter,0.09788813,0.07505592,86.322,2024,,0.0,0.09717682,0.08874922,13.130194595416667,17.32789652922238,1.6900278,1.7029513,1.415505,1.7029190791666666,0.07604783547128556,-10.740143,-11.827728,-17.403076,-11.025563520833332,0.37764034767137405
2024-12-28 13:00:00,6898.0073,-0.66593,1.662779,0.86757183,97699.3,7.510835e-05,-10.5069275,-12.874817,1.7911719,111.825714,82.728676,13,5,363,12,1,-0.2588190451025208,-0.9659258262890684,-2.4492935982947064e-16,1.0,winter,1.9161131,0.07510835,86.75719,2024,,0.09788813,2.040597,0.9266506,13.130224233333331,17.32787326871661,1.7357973,1.7429342,1.4720832,1.7042876625000003,0.07634342012471018,-10.627319,-11.7821045,-17.43431,-10.975546479166667,0.3448485036071338
2024-12-28 14:00:00,25578.13,-0.6344456,1.7414367,0.8641235,97718.45,7.5699136e-05,-10.383362,-12.78653,1.8534085,110.01785,82.509796,14,5,363,12,1,-0.4999999999999997,-0.8660254037844388,-2.4492935982947064e-16,1.0,winter,7.1050363,0.075699136,86.41235,2024,,1.9161131,8.546262,5.198692,13.125037404166667,17.331355383716886,1.7911719,1.7905866,1.5091548,1.7062975666666667,0.07802164471889975,-10.5069275,-11.717407,-17.361359,-10.922414104166668,0.31183091880548547
2024-12-28 15:00:00,52984.656,-0.5726692,1.8142849,0.8700737,97735.08,7.5266405e-05,-10.28717,-12.735809,1.9025193,107.51801,82.220375,15,5,363,12,1,-0.7071067811865471,-0.7071067811865479,-2.4492935982947064e-16,1.0,winter,14.71796,0.075266406,87.00737,2024,,7.1050363,17.654709,15.111818,13.064986333333332,17.350396448283128,1.8534085,1.8255819,1.5398213,1.7089151458333331,0.08192844605960503,-10.383362,-11.6502075,-17.191742,-10.866828895833335,0.2813705820011471
2024-12-28 16:00:00,87647.19,-0.4837954,1.8747851,0.8621201,97746.96,7.429721e-05,-10.169556,-12.637299,1.9362017,104.46971,82.10996,16,5,363,12,1,-0.8660254037844384,-0.5000000000000004,-2.4492935982947064e-16,1.0,winter,24.346441,0.07429721,86.212006,2024,,14.71796,28.068596,29.428717,12.942621791666667,17.32695979608722,1.9025193,1.8354439,1.5832502,1.7121208708333333,0.08797406068595416,-10.28717,-11.487671,-16.98761,-10.810035666666666,0.25244951268927496
2024-12-28 17:00:00,124208.875,-0.39369327,1.8953912,0.8578794,97756.46,7.287496e-05,-9.925934,-12.522064,1.9358467,101.7341,81.29822,17,5,363,12,1,-0.9659258262890684,-0.2588190451025206,-2.4492935982947064e-16,1.0,winter,34.502464,0.072874956,85.78794,2024,,24.346441,37.822544,44.562027,12.787532,17.201890759792047,1.9362017,1.8188434,1.6172874,1.7163191125,0.09614021825375299,-10.169556,-11.257202,-16.582977,-10.755114208333334,0.24177236499150154
2024-12-28 18:00:00,155333.88,-0.32096228,1.8893596,0.8570004,97768.95,7.066055e-05,-9.821808,-12.486481,1.9164281,99.6413,80.865326,18,5,363,12,1,-1.0,-1.8369701987210292e-16,-2.4492935982947064e-16,1.0,winter,43.1483,0.07066055,85.70004,2024,,34.502464,45.331306,55.9887,12.649195333333333,17.004018973141605,1.9358467,1.7893047,1.6459831,1.72119425,0.10419429613570738,-9.925934,-11.045013,-16.339539,-10.699644708333333,0.27235223803304726
2024-12-28 19:00:00,172349.83,-0.27345133,1.8702846,0.85965043,97788.97,7.218211e-05,-9.681915,-12.419434,1.8901694,98.318184,80.412766,19,5,363,12,1,-0.9659258262890684,0.2588190451025203,-2.4492935982947064e-16,1.0,winter,47.87495,0.07218211,85.96504,2024,,43.1483,47.71846,59.433243,12.558236749999999,16.82650558313458,1.9164281,1.7468749,1.6590647,1.7264910583333333,0.11082737369599585,-9.821808,-10.846893,-16.163757,-10.648677833333334,0.3158850333786852
2024-12-28 20:00:00,166526.39,-0.24980234,1.8428622,0.8565051,97813.195,7.02097e-05,-9.516785,-12.32608,1.8597157,97.71946,79.9743,20,5,363,12,1,-0.8660254037844386,0.5000000000000001,-2.4492935982947064e-16,1.0,winter,46.25733,0.070209704,85.65051,2024,,47.87495,43.69307,53.663555,12.564757166666666,16.840747154518645,1.8901694,1.7013422,1.647474,1.7324616624999998,0.11572489854203738,-9.681915,-10.689178,-15.9965515,-10.600137083333331,0.36912407286976495
2024-12-28 21:00:00,143583.6,-0.25473624,1.8114768,0.85363597,97838.65,6.9111426e-05,-9.537048,-12.334015,1.8293002,98.00464,80.0506,21,5,363,12,1,-0.7071067811865477,0.7071067811865474,-2.4492935982947064e-16,1.0,winter,39.88433,0.06911143,85.363594,2024,,46.25733,35.45331,41.394444,12.671601333333333,17.0536126692476,1.8597157,1.6675856,1.6223708,1.7390605583333334,0.11835868076088131,-9.516785,-10.618652,-15.966187,-10.551287375,0.42947195902160135
2024-12-28 22:00:00,104898.43,-0.20278522,1.7483573,0.8523377,97861.46,6.8298024e-05,-9.593231,-12.221039,1.7600782,96.61596,81.13938,22,5,363,12,1,-0.5000000000000004,0.8660254037844384,-2.4492935982947064e-16,1.0,winter,29.138453,0.06829803,85.23377,2024,,39.88433,25.95719,26.68681,12.856227166666665,17.332677717342882,1.8293002,1.4980074,1.6190839,1.7457986666666667,0.11871536125081916,-9.537048,-10.627991,-16.10205,-10.506220541666666,0.4762927859302968
2024-12-28 23:00:00,59340.28,-0.21374646,1.7404684,0.8589191,97883.984,6.891016e-05,-9.67276,-12.270355,1.7535443,97.00142,81.32527,23,5,363,12,1,-0.2588190451025215,0.965925826289068,-2.4492935982947064e-16,1.0,winter,16.483412,0.06891016,85.89191,2024,,29.138453,15.039495,13.530011,12.988779791666667,17.44899829414797,1.7600782,1.5864199,1.5691465,1.7567182833333332,0.10633998623966646,-9.593231,-10.712128,-16.25467,-10.463105541666666,0.5104034633265645
2024-12-29 00:00:00,24697.002,-0.2136049,1.7284178,0.85831654,97904.06,7.0545284e-05,-9.7378845,-12.308563,1.7415669,97.04512,81.49227,0,6,364,12,1,0.0,1.0,-2.4492935982947064e-16,1.0,winter,6.860278,0.070545286,85.83166,2024,,16.483412,5.970186,4.9788537,13.048943,17.458862959786163,1.7535443,1.660197,1.5163671,1.7636817999999999,0.0999854756297465,-9.67276,-10.80835,-16.371002,-10.419798541666667,0.5319934199553833
2024-12-29 01:00:00,7052.9043,-0.19076699,1.7157544,0.85615784,97922.72,7.364388e-05,-9.827087,-12.366241,1.7263271,96.3444,81.68663,1,6,364,12,1,0.2588190451025207,0.9659258262890684,-2.4492935982947064e-16,1.0,winter,1.9591401,0.07364388,85.61578,2024,,6.860278,1.620676,0.94616157,13.086030166666667,17.44411121185308,1.7415669,1.6992809,1.4645337,1.7670722124999998,0.09767676956559956,-9.7378845,-10.847687,-16.459686,-10.3751958125,0.5427658561484986
2024-12-29 02:00:00,519.8498,-0.1472686,1.6932828,0.85709083,97935.97,7.679081e-05,-9.94989,-12.465118,1.699675,94.97063,81.82683,2,6,364,12,1,0.4999999999999999,0.8660254037844387,-2.4492935982947064e-16,1.0,winter,0.14440273,0.07679081,85.70908,2024,,1.9591401,0.11109247,0.059538305,13.1001328375,17.434573261302003,1.7263271,1.7181944,1.4317533,1.7681991375,0.09701441024672758,-9.827087,-10.862152,-16.57727,-10.3326708125,0.5441169211343546
2024-12-29 03:00:00,0.0,-0.091563374,1.659716,0.8491412,97946.695,7.894393e-05,-10.070343,-12.581726,1.6622398,93.1577,81.83516,3,6,364,12,1,0.7071067811865476,0.7071067811865476,-2.4492935982947064e-16,1.0,winter,0.0,0.07894393,84.914116,2024,,0.14440273,0.0,0.0,13.101520764999998,17.4334955675697,1.699675,1.7140493,1.4148282,1.7674274958333331,0.09750186098646745,-9.94989,-10.856659,-16.672577,-10.294659895833332,0.5373424564477552
2024-12-29 04:00:00,0.0,-0.03602053,1.6103811,0.8527284,97961.266,8.1059196e-05,-10.123901,-12.634399,1.6107839,91.28136,81.83345,4,6,364,12,1,0.8660254037844386,0.5000000000000001,-2.4492935982947064e-16,1.0,winter,0.0,0.081059195,85.27284,2024,,0.0,0.0,0.0,13.101520764999998,17.4334955675697,1.6622398,1.6962339,1.4017789,1.7652687666666667,0.09929216298368419,-10.070343,-10.866425,-16.680328,-10.261896729166667,0.5254257872158182
2024-12-29 05:00:00,0.0,0.022445869,1.5405102,0.847261,97978.89,8.132495e-05,-10.211945,-12.706329,1.5406736,89.16523,81.92756,5,6,364,12,1,0.9659258262890684,0.2588190451025207,-2.4492935982947064e-16,1.0,winter,0.0,0.08132495,84.726105,2024,,0.0,0.0,0.0,13.101520764999998,17.4334955675697,1.6107839,1.6712205,1.3852148,1.7617083500000001,0.1033253614009549,-10.123901,-10.896637,-16.705322,-10.230958229166665,0.5099137925135889
2024-12-29 06:00:00,0.0,0.06898918,1.4570744,0.8538285,97996.49,8.0926126e-05,-10.2659,-12.733673,1.4587067,87.2892,82.09632,6,6,364,12,1,1.0,6.123233995736766e-17,-2.4492935982947064e-16,1.0,winter,0.0,0.08092613,85.38285,2024,,0.0,0.0,0.0,13.101520764999998,17.4334955675697,1.5406736,1.6583205,1.3662626,1.7562688958333332,0.11141563447572703,-10.211945,-10.901947,-16.731598,-10.202429395833333,0.48980819477099513
2024-12-29 07:00:00,0.0,0.100886434,1.3717152,0.8486352,98019.58,8.196633e-05,-10.324432,-12.8064575,1.3754202,85.7936,81.99364,7,6,364,12,1,0.9659258262890684,-0.2588190451025206,-2.4492935982947064e-16,1.0,winter,0.0,0.08196633,84.86352,2024,,0.0,0.0,0.0,13.101520764999998,17.4334955675697,1.4587067,1.661819,1.332355,1.7479516541666664,0.12559395216291155,-10.2659,-10.9513855,-16.744171,-10.175927437499999,0.46698965188483055
2024-12-29 08:00:00,0.0,0.14056236,1.2825341,0.85557103,98041.65,8.164198e-05,-10.419403,-12.877228,1.2902137,83.74549,82.14096,8,6,364,12,1,0.8660254037844387,-0.4999999999999998,-2.4492935982947064e-16,1.0,winter,0.0,0.08164198,85.557106,2024,,0.0,0.0,0.0,13.101520764999998,17.4334955675697,1.3754202,1.6666403,1.2941296,1.7360183708333334,0.14607048790711266,-10.324432,-10.9552,-16.797668,-10.149804375,0.43838464137125144
2024-12-29 09:00:00,0.0,0.16293329,1.1818613,0.8557913,98062.23,8.142105e-05,-10.42688,-12.898041,1.1930395,82.1506,82.05133,9,6,364,12,1,0.7071067811865476,-0.7071067811865475,-2.4492935982947064e-16,1.0,winter,0.0,0.08142105,85.579124,2024,,0.0,0.0,0.0,13.101520764999998,17.4334955675697,1.2902137,1.6693418,1.2355119,1.7203339291666666,0.17178929938780116,-10.419403,-10.87146,-16.81253,-10.1274795,0.40818926034254294
2024-12-29 10:00:00,0.0,0.23013923,1.0431818,0.8514718,98074.63,8.137353e-05,-10.472137,-12.951294,1.068266,77.5591,81.99191,10,6,364,12,1,0.4999999999999999,-0.8660254037844387,-2.4492935982947064e-16,1.0,winter,0.0,0.081373535,85.14718,2024,,0.0,0.0,0.0,13.101520764999998,17.4334955675697,1.1930395,1.6588565,1.1355215,1.700488,0.2026726332227309,-10.42688,-10.793304,-16.72055,-10.108955333333332,0.3822202337464854
2024-12-29 11:00:00,0.0,0.23851229,0.9315822,0.8475787,98085.27,8.143771e-05,-10.486084,-12.964172,0.96163064,75.63909,81.99704,11,6,364,12,1,0.258819045102521,-0.9659258262890682,-2.4492935982947064e-16,1.0,winter,0.0,0.081437714,84.75787,2024,,0.0,0.0,2.9466094e-07,13.101520764999998,17.4334955675697,1.068266,1.6900278,1.1114159,1.6758800625,0.24030693916962312,-10.472137,-10.740143,-16.757935,-10.095573374999999,0.36232300296487807
2024-12-29 12:00:00,530.52014,0.22345161,0.8513135,0.8489118,98093.59,8.2997256e-05,-10.5355835,-13.020172,0.8801507,75.29284,81.94695,12,6,364,12,1,1.2246467991473532e-16,-1.0,-2.4492935982947064e-16,1.0,winter,0.1473667,0.082997255,84.89118,2024,,0.0,0.09788813,0.20737971,13.101520764999998,17.4334955675697,0.96163064,1.7357973,1.0966002,1.6455301808333331,0.2809948233124867,-10.486084,-10.627319,-16.731781,-10.084987583333334,0.3460165977485655
2024-12-29 13:00:00,6387.805,0.19458082,0.7986022,0.8535989,98103.17,8.5072395e-05,-10.583801,-13.074005,0.82196546,76.3066,81.90285,13,6,364,12,1,-0.2588190451025208,-0.9659258262890684,-2.4492935982947064e-16,1.0,winter,1.7743903,0.0850724,85.359886,2024,,0.1473667,1.9161131,2.2617846,13.103582372083332,17.431893809450706,0.8801507,1.7911719,1.0887051,1.6098782391666664,0.3205422186777149,-10.5355835,-10.5069275,-16.741333,-10.081165270833333,0.34022338243437217
2024-12-29 14:00:00,21267.113,0.16663294,0.7821086,0.8520637,98117.49,8.4997904e-05,-10.563751,-13.044067,0.79966265,77.972626,81.97132,14,6,364,12,1,-0.4999999999999997,-0.8660254037844388,-2.4492935982947064e-16,1.0,winter,5.9075313,0.08499791,85.206375,2024,,1.7743903,7.1050363,8.738728,13.097677255416665,17.43587192921273,0.82196546,1.8534085,1.0966471,1.5694946375,0.355820382769734,-10.583801,-10.383362,-16.681091,-10.084368333333332,0.3447379482896376
2024-12-29 15:00:00,43662.305,0.15884697,0.7805016,0.8561552,98131.59,8.394119e-05,-10.52301,-12.991852,0.7965018,78.49632,82.05327,15,6,364,12,1,-0.7071067811865471,-0.7071067811865479,-2.4492935982947064e-16,1.0,winter,12.128418,0.08394119,85.615524,2024,,5.9075313,14.71796,20.379475,13.04778121375,17.45546904568779,0.79966265,1.9025193,1.1012908,1.5255885604166668,0.3832217936194785,-10.563751,-10.28717,-16.580444,-10.091884541666667,0.3533979470106276
2024-12-29 16:00:00,79304.57,0.17721441,0.7690717,0.85429317,98138.74,8.252109e-05,-10.480591,-12.985535,0.7892251,77.02403,81.81973,16,6,364,12,1,-0.8660254037844384,-0.5000000000000004,-2.4492935982947064e-16,1.0,winter,22.029047,0.08252109,85.42931,2024,,12.128418,24.346441,34.720306,12.939883630416666,17.45269945126369,0.7965018,1.9362017,1.1337376,1.4795044979166667,0.4019667211830686,-10.52301,-10.169556,-16.412567,-10.101711208333333,0.36223267416787225
2024-12-29 17:00:00,118490.75,0.21048447,0.7456404,0.8605005,98144.46,8.19365e-05,-10.251221,-12.854919,0.77477956,74.23632,81.20126,17,6,364,12,1,-0.9659258262890684,-0.2588190451025206,-2.4492935982947064e-16,1.0,winter,32.914097,0.0819365,86.05005,2024,,22.029047,34.502464,48.247223,12.843325547083333,17.3931571923904,0.7892251,1.9358467,1.18726,1.43171380625,0.41333085712281764,-10.480591,-9.925934,-16.105164,-10.114671,0.370241035905737
2024-12-29 18:00:00,152572.45,0.2452632,0.7104913,0.8627874,98147.51,8.178667e-05,-10.174194,-12.810364,0.7516328,70.95521,80.9996,18,6,364,12,1,-1.0,-1.8369701987210292e-16,-2.4492935982947064e-16,1.0,winter,42.381237,0.08178667,86.27874,2024,,32.914097,43.1483,57.307384,12.777143588749999,17.30998274519478,0.77477956,1.9164281,1.2457074,1.38333600875,0.41965917328956154,-10.251221,-9.821808,-15.945526,-10.128224625,0.3689832797373871
2024-12-29 19:00:00,170303.1,0.2608421,0.67445916,0.8657711,98157.19,8.120553e-05,-10.12561,-12.78598,0.7231416,68.856384,80.84846,19,6,364,12,1,-0.9659258262890684,0.2588190451025203,-2.4492935982947064e-16,1.0,winter,47.306416,0.08120553,86.57711,2024,,42.381237,47.87495,58.006603,12.745182630416666,17.252078954209583,0.7516328,1.8901694,1.2821503,1.33480287125,0.42267000672419425,-10.174194,-9.681915,-15.778351,-10.142907375,0.3632263180294651
2024-12-29 20:00:00,170004.7,0.25758997,0.63369435,0.86650014,98172.28,8.2560524e-05,-10.081299,-12.788513,0.68404764,67.87878,80.54949,20,6,364,12,1,-0.8660254037844386,0.5000000000000001,-2.4492935982947064e-16,1.0,winter,47.22353,0.082560524,86.65002,2024,,47.306416,46.25733,50.202053,12.72149371375,17.202062664747483,0.7231416,1.8597157,1.3009079,1.2861767129166666,0.4231300522835711,-10.12561,-9.516785,-15.652832,-10.161394666666666,0.34978563292458575
2024-12-29 21:00:00,148830.39,0.23315242,0.59947234,0.8653926,98186.43,8.438915e-05,-10.110748,-12.807068,0.64321625,68.747475,80.616035,21,6,364,12,1,-0.7071067811865477,0.7071067811865474,-2.4492935982947064e-16,1.0,winter,41.341774,0.08438915,86.53926,2024,,47.22353,39.88433,38.392704,12.761752047083332,17.28489082995742,0.68404764,1.8293002,1.3225502,1.23719054375,0.42189628452573985,-10.081299,-9.537048,-15.640564,-10.184916083333333,0.3224677450308253
2024-12-29 22:00:00,110966.8,0.13243653,0.4808436,0.8711773,98209.23,8.60147e-05,-10.264099,-12.860016,0.49874842,74.6011,81.25052,22,6,364,12,1,-0.5000000000000004,0.8660254037844384,-2.4492935982947064e-16,1.0,winter,30.82411,0.086014695,87.11773,2024,,41.341774,29.138453,25.916555,12.822478880416668,17.38658439234591,0.64321625,1.7600782,1.2993146,1.1877703791666667,0.4189798207870401,-10.110748,-9.593231,-15.667969,-10.20882025,0.29219702273785697
2024-12-29 23:00:00,67309.18,0.13528925,0.5136585,0.8688737,98226.81,8.699118e-05,-10.351196,-12.91272,0.5311763,75.24434,81.46429,23,6,364,12,1,-0.2588190451025215,0.965925826289068,-2.4492935982947064e-16,1.0,winter,18.696995,0.08699118,86.887375,2024,,30.82411,16.483412,14.376031,12.892714588749998,17.458616416768876,0.49874842,1.7535443,1.314832,1.1352149716666666,0.4231578692486395,-10.264099,-9.67276,-15.779022,-10.236773083333333,0.2611906064228648
2024-12-30 00:00:00,31498.436,0.13666552,0.5306553,0.86523753,98244.3,8.7059336e-05,-10.45282,-12.990936,0.5479713,75.55782,81.60419,0,0,365,12,0,0.0,1.0,-2.4492935982947064e-16,1.0,winter,8.749565,0.087059334,86.52375,2024,,18.696995,6.860278,6.1917715,12.984947213749999,17.484238870111305,0.5311763,1.7415669,1.3715663,1.0842829716666667,0.4190420392253807,-10.351196,-9.7378845,-15.873749,-10.26504125,0.2326478921954242
2024-12-30 01:00:00,8400.102,0.13963962,0.5575874,0.85935485,98258.72,8.5289736e-05,-10.536804,-13.053192,0.57480687,75.940285,81.735954,1,0,365,12,0,0.2588190451025207,0.9659258262890684,-2.4492935982947064e-16,1.0,winter,2.3333616,0.08528974,85.935486,2024,,8.749565,1.9591401,1.7417399,13.063667505416667,17.4597003911723,0.5479713,1.7263271,1.463812,1.0345498216666666,0.4083349052998929,-10.45282,-9.827087,-15.979675,-10.294830229166665,0.20651827808933368
2024-12-30 02:00:00,458.13892,0.16975047,0.5826177,0.863804,98267.41,8.465424e-05,-10.665985,-13.144379,0.6068431,73.75608,81.96973,2,0,365,12,0,0.4999999999999999,0.8660254037844387,-2.4492935982947064e-16,1.0,winter,0.1272608,0.08465424,86.3804,2024,,2.3333616,0.14440273,0.08008442,13.079260067916666,17.449516337002873,0.57480687,1.699675,1.5626429,0.9865698120833334,0.39079172199314066,-10.536804,-9.94989,-16.045776,-10.324401770833333,0.18646896615066474
2024-12-30 03:00:00,0.0,0.2031508,0.6045488,0.8639649,98277.266,8.3932464e-05,-10.773041,-13.2482605,0.63776916,71.42574,81.97576,3,0,365,12,0,0.7071067811865476,0.7071067811865476,-2.4492935982947064e-16,1.0,winter,0.0,0.08393247,86.39649,2024,,0.1272608,0.0,0.0,13.078545820833334,17.450069150894347,0.6068431,1.6622398,1.6664991,0.9410351495833332,0.3670345052255987,-10.665985,-10.070343,-16.02298,-10.3542390625,0.18115321803922568
2024-12-30 04:00:00,0.0,0.23867354,0.60021776,0.85455513,98291.79,8.319107e-05,-10.898468,-13.387329,0.64593065,68.31501,81.86731,4,0,365,12,0,0.8660254037844386,0.5000000000000001,-2.4492935982947064e-16,1.0,winter,0.0,0.083191074,85.45551,2024,,0.0,0.0,0.0,13.078545820833334,17.450069150894347,0.63776916,1.6107839,1.7514391,0.8983488729166668,0.33793058330669173,-10.773041,-10.123901,-16.065216,-10.383518145833333,0.18985154023582612
2024-12-30 05:00:00,0.0,0.26676515,0.5793151,0.8600783,98304.96,8.1572274e-05,-11.018494,-13.486603,0.63778496,65.274704,81.98856,5,0,365,12,0,0.9659258262890684,0.2588190451025207,-2.4492935982947064e-16,1.0,winter,0.0,0.08157227,86.00783,2024,,0.0,0.0,0.0,13.078545820833334,17.450069150894347,0.64593065,1.5406736,1.8163311,0.8581466541666667,0.30530774710040387,-10.898468,-10.211945,-16.046997,-10.415791770833332,0.20869961496480768
2024-12-30 06:00:00,0.0,0.26996619,0.554446,0.85563195,98324.97,8.0881764e-05,-11.097748,-13.564056,0.6166783,64.03801,81.98941,6,0,365,12,0,1.0,6.123233995736766e-17,-2.4492935982947064e-16,1.0,winter,0.0,0.08088177,85.563194,2024,,0.0,0.0,0.0,13.078545820833334,17.450069150894347,0.63778496,1.4587067,1.8591021,0.8205262941666667,0.27128070805138316,-11.018494,-10.2659,-15.972443,-10.449397979166667,0.237410723808841
2024-12-30 07:00:00,0.0,0.26229295,0.53517896,0.8597244,98346.32,8.2490384e-05,-11.196045,-13.65387,0.5959984,63.890373,82.032234,7,0,365,12,0,0.9659258262890684,-0.2588190451025206,-2.4492935982947064e-16,1.0,winter,0.0,0.082490385,85.97244,2024,,0.0,0.0,0.0,13.078545820833334,17.450069150894347,0.6166783,1.3754202,1.880608,0.7854417775,0.23750347675279887,-11.097748,-10.324432,-15.988251,-10.4840583125,0.2681841274621829
2024-12-30 08:00:00,0.0,0.24644409,0.5252016,0.85530955,98372.69,8.094546e-05,-11.298248,-13.770874,0.58014774,64.86229,81.91892,8,0,365,12,0,0.8660254037844387,-0.4999999999999998,-2.4492935982947064e-16,1.0,winter,0.0,0.080945455,85.53095,2024,,0.0,0.0,0.0,13.078545820833334,17.450069150894347,0.5959984,1.2902137,1.8806424,0.7529658691666666,0.20428917666275528,-11.196045,-10.419403,-16.02414,-10.520375520833333,0.30245464164062963
2024-12-30 09:00:00,0.0,0.23860556,0.5224303,0.8594343,98401.66,7.938089e-05,-11.387268,-13.873566,0.5743397,65.45277,81.815025,9,0,365,12,0,0.7071067811865476,-0.7071067811865475,-2.4492935982947064e-16,1.0,winter,0.0,0.079380885,85.94343,2024,,0.0,0.0,0.0,13.078545820833334,17.450069150894347,0.58014774,1.1930395,1.8519325,0.7233797875,0.17195883755281263,-11.298248,-10.42688,-16.001465,-10.5569940625,0.3405060656664494
2024-12-30 10:00:00,0.0,0.21191391,0.43011868,0.86284935,98429.4,7.7805606e-05,-11.497131,-13.991394,0.47948888,63.771122,81.74618,10,0,365,12,0,0.4999999999999999,-0.8660254037844387,-2.4492935982947064e-16,1.0,winter,0.0,0.07780561,86.284935,2024,,0.0,0.0,0.0,13.078545820833334,17.450069150894347,0.5743397,1.068266,1.7619975,0.6976006291666667,0.14230852944574826,-11.387268,-10.472137,-15.785736,-10.597010229166665,0.378826268150487
2024-12-30 11:00:00,0.0,0.20170635,0.4597116,0.865804,98444.25,7.745202e-05,-11.601715,-14.095917,0.5020161,66.30971,81.73164,11,0,365,12,0,0.258819045102521,-0.9659258262890682,-2.4492935982947064e-16,1.0,winter,0.0,0.07745203,86.5804,2024,,0.0,0.0,0.0,13.078545820833334,17.450069150894347,0.47948888,0.96163064,1.7203193,0.6730682491666666,0.125373410547929,-11.497131,-10.486084,-15.794739,-10.6397183125,0.4197081492560306
2024-12-30 12:00:00,459.52325,0.19185027,0.514282,0.8610082,98459.1,7.8010235e-05,-11.634155,-14.130585,0.54890114,69.54222,81.71211,12,0,365,12,0,1.2246467991473532e-16,-1.0,-2.4492935982947064e-16,1.0,winter,0.12764534,0.07801023,86.10082,2024,,0.0,0.1473667,0.19368121,13.078545820833334,17.450069150894347,0.5020161,0.8801507,1.6653868,0.6539176433333332,0.11396300030882052,-11.601715,-10.5355835,-15.767426,-10.6862029375,0.4616387557577909
2024-12-30 13:00:00,5574.0,0.20839271,0.5732703,0.85941833,98481.98,7.7268145e-05,-11.753723,-14.262817,0.6099724,70.023,81.61032,13,0,365,12,0,-0.2588190451025208,-0.9659258262890684,-2.4492935982947064e-16,1.0,winter,1.5483333,0.077268146,85.94183,2024,,0.12764534,1.7743903,2.5106606,13.0777240975,17.450705007730065,0.54890114,0.82196546,1.6334457,0.6401155783333333,0.10508570977834072,-11.634155,-10.583801,-15.760956,-10.73197675,0.49900679313976454
2024-12-30 14:00:00,18867.344,0.23901585,0.6281628,0.85907924,98506.1,7.660456e-05,-11.874237,-14.394012,0.672099,69.16818,81.52156,14,0,365,12,0,-0.4999999999999997,-0.8660254037844388,-2.4492935982947064e-16,1.0,winter,5.2409286,0.07660456,85.90792,2024,,1.5483333,5.9075313,9.527814,13.068305055833333,17.457131081994046,0.6099724,0.79966265,1.6316558,0.6312825341666667,0.09779211199341598,-11.753723,-10.563751,-15.668488,-10.7807235,0.5394102408322974
2024-12-30 15:00:00,42108.938,0.27429232,0.6636155,0.85685134,98523.45,7.600238e-05,-11.9652405,-14.50177,0.7180681,67.54321,81.39643,15,0,365,12,0,-0.7071067811865471,-0.7071067811865479,-2.4492935982947064e-16,1.0,winter,11.696927,0.07600238,85.685135,2024,,5.2409286,12.128418,20.022034,13.040529943333333,17.46954544536234,0.672099,0.7965018,1.6406144,0.6259673820833334,0.09150717128991373,-11.874237,-10.52301,-15.534271,-10.835327083333333,0.5812017482340651
2024-12-30 16:00:00,73657.86,0.31661835,0.6903746,0.8533532,98534.27,7.651767e-05,-12.0164795,-14.595764,0.7595158,65.362946,81.103775,16,0,365,12,0,-0.8660254037844384,-0.5000000000000004,-2.4492935982947064e-16,1.0,winter,20.460516,0.076517664,85.33532,2024,,11.696927,22.029047,33.065353,13.022551151666667,17.47074695217534,0.7180681,0.7892251,1.66999,0.62269931125,0.08641058781778449,-11.9652405,-10.480591,-15.429077,-10.895420020833333,0.6207215423017812
2024-12-30 17:00:00,111491.48,0.35730568,0.7108655,0.8560591,98542.22,7.656513e-05,-12.036224,-14.678833,0.79561114,63.31431,80.68005,17,0,365,12,0,-0.9659258262890684,-0.2588190451025206,-2.4492935982947064e-16,1.0,winter,30.969854,0.076565124,85.60591,2024,,20.460516,32.914097,45.28055,12.957195693333333,17.438494176236144,0.7595158,0.77477956,1.6920578,0.6214614237499999,0.08410327484326266,-12.0164795,-10.251221,-15.1502075,-10.959415374999999,0.6543563671926833
2024-12-30 18:00:00,145969.27,0.3943846,0.71840036,0.85714555,98557.79,7.5225704e-05,-12.053986,-14.722046,0.81953543,61.23427,80.50878,18,0,365,12,0,-1.0,-1.8369701987210292e-16,-2.4492935982947064e-16,1.0,winter,40.54702,0.0752257,85.714554,2024,,30.969854,42.381237,53.75041,12.876185568333334,17.346024812414328,0.79561114,0.7516328,1.7100251,0.62232940625,0.08584386499696796,-12.036224,-10.174194,-14.869171,-11.0337905,0.6715785943325877
2024-12-30 19:00:00,167412.38,0.4149828,0.7208619,0.857763,98581.195,8.088951e-05,-12.097168,-14.826324,0.83177674,60.072002,80.09865,19,0,365,12,0,-0.9659258262890684,0.2588190451025203,-2.4492935982947064e-16,1.0,winter,46.503437,0.080889516,85.7763,2024,,40.54702,47.306416,54.58956,12.799759860000002,17.213912602591964,0.81953543,0.7231416,1.7095537,0.6251586825000001,0.09124015694257996,-12.053986,-10.12561,-14.676941,-11.112115166666667,0.6765664023459812
2024-12-30 20:00:00,169580.42,0.41497904,0.72756475,0.8552329,98608.086,7.915525e-05,-12.078613,-14.853882,0.83759063,60.300987,79.798164,20,0,365,12,0,-0.8660254037844386,0.5000000000000001,-2.4492935982947064e-16,1.0,winter,47.10567,0.07915525,85.52329,2024,,46.503437,47.22353,47.943146,12.766302401666666,17.144569139119653,0.83177674,0.68404764,1.6846201,0.6296851466666666,0.09870206816688346,-12.097168,-10.081299,-14.504456,-11.194263416666667,0.6712494782491043
2024-12-30 21:00:00,146965.28,0.40359443,0.73937213,0.8566302,98639.984,7.6321056e-05,-12.1371765,-14.913818,0.84235364,61.371593,79.77997,21,0,365,12,0,-0.7071067811865477,0.7071067811865474,-2.4492935982947064e-16,1.0,winter,40.82369,0.07632106,85.66302,2024,,47.10567,41.341774,37.453224,12.761391568333336,17.134283997827215,0.83759063,0.64321625,1.6413478,0.63608277125,0.10700576150699012,-12.078613,-10.110748,-14.414246,-11.277484833333332,0.6507657669609782
2024-12-30 22:00:00,107314.01,0.2871388,0.71865267,0.85547113,98666.05,7.479645e-05,-12.452942,-15.213837,0.773893,68.22074,79.83413,22,0,365,12,0,-0.5000000000000004,0.8660254037844384,-2.4492935982947064e-16,1.0,winter,29.809446,0.07479645,85.54711,2024,,40.82369,30.82411,25.510107,12.739804735,17.096996909263222,0.84235364,0.49874842,1.4741789,0.6443801625,0.11500469231246664,-12.1371765,-10.264099,-14.4826355,-11.361919354166666,0.623702281380785
2024-12-30 23:00:00,63884.83,0.27259445,0.7918344,0.8550235,98687.15,7.576244e-05,-12.607056,-15.326965,0.8374422,71.00362,80.0808,23,0,365,12,0,-0.2588190451025215,0.965925826289068,-2.4492935982947064e-16,1.0,winter,17.745785,0.075762436,85.50235,2024,,29.809446,18.696995,13.241545,12.697527068333335,17.05152757994951,0.773893,0.5311763,1.5097197,0.6558445199999999,0.11356102317864637,-12.452942,-10.351196,-14.530273,-11.453121145833334,0.6161803379380352
2024-12-31 00:00:00,27546.049,0.28468433,0.8221524,0.8496621,98698.95,7.780483e-05,-12.718658,-15.408783,0.8700458,70.90071,80.261,0,1,366,12,0,0.0,1.0,-2.4492935982947064e-16,1.0,winter,7.65168,0.077804826,84.96621,2024,,17.745785,8.749565,4.9465795,12.657893318333334,17.03807657455235,0.8374422,0.5479713,1.5517927,0.6686055991666667,0.11612169526747558,-12.607056,-10.45282,-14.692993,-11.547115312499999,0.6128297778991368
2024-12-31 01:00:00,5596.386,0.28020832,0.8215915,0.84534645,98704.695,7.993284e-05,-12.8776245,-15.550995,0.86806065,71.16777,80.34791,1,1,366,12,0,0.2588190451025207,0.9659258262890684,-2.4492935982947064e-16,1.0,winter,1.5545517,0.07993284,84.534645,2024,,7.65168,2.3333616,1.3667104,12.61214811,17.050495524934735,0.8700458,0.57480687,1.6047491,0.68202537,0.12011607809084647,-12.718658,-10.536804,-14.751129,-11.641525229166668,0.6114487501917293
2024-12-31 02:00:00,206.98033,0.27627745,0.82093537,0.8459724,98709.06,8.200978e-05,-13.029816,-15.688507,0.86617786,71.39986,80.42238,2,1,366,12,0,0.4999999999999999,0.8660254037844387,-2.4492935982947064e-16,1.0,winter,0.057494536,0.08200978,84.597244,2024,,1.5545517,0.1272608,0.10771949,12.5796976975,17.071636608586648,0.86806065,0.6068431,1.6659033,0.6942442775000001,0.12360018622767863,-12.8776245,-10.665985,-14.900085,-11.739059416666665,0.6142589240273598
2024-12-31 03:00:00,0.0,0.27023354,0.803237,0.8452021,98716.06,8.1925704e-05,-13.143066,-15.818146,0.8474762,71.40548,80.29577,3,1,366,12,0,0.7071067811865476,0.7071067811865476,-2.4492935982947064e-16,1.0,winter,0.0,0.081925705,84.52021,2024,,0.057494536,0.0,0.0,12.576790769833336,17.073854973290246,0.86617786,0.63776916,1.7162894,0.7050498924999999,0.12691850487052644,-13.029816,-10.773041,-14.930939,-11.837552375000001,0.6241504047315668
2024-12-31 04:00:00,0.0,0.26584247,0.7739918,0.8403536,98718.414,8.203584e-05,-13.297821,-15.985809,0.81837374,71.04397,80.18585,4,1,366,12,0,0.8660254037844386,0.5000000000000001,-2.4492935982947064e-16,1.0,winter,0.0,0.08203584,84.03536,2024,,0.0,0.0,0.0,12.576790769833336,17.073854973290246,0.8474762,0.64593065,1.7626698,0.7137876858333333,0.1292818352910968,-13.143066,-10.898468,-15.000977,-11.936303416666666,0.6357845088085815
2024-12-31 05:00:00,0.0,0.25928396,0.7375495,0.835334,98717.5,8.212007e-05,-13.485626,-16.134766,0.7817975,70.63098,80.41639,5,1,366,12,0,0.9659258262890684,0.2588190451025207,-2.4492935982947064e-16,1.0,winter,0.0,0.08212007,83.5334,2024,,0.0,0.0,0.0,12.576790769833336,17.073854973290246,0.81837374,0.63778496,1.798686,0.7209728145833333,0.13013569458934118,-13.297821,-11.018494,-15.101044,-12.036276458333333,0.653880118581088
2024-12-31 06:00:00,0.0,0.24841362,0.6942402,0.8276214,98715.64,8.124901e-05,-13.5998535,-16.272583,0.7373458,70.31173,80.241,6,1,366,12,0,1.0,6.123233995736766e-17,-2.4492935982947064e-16,1.0,winter,0.0,0.08124901,82.76214,2024,,0.0,0.0,0.0,12.576790769833336,17.073854973290246,0.7817975,0.6166783,1.8238274,0.7269733370833333,0.12945154370635845,-13.485626,-11.097748,-15.129761,-12.139073625,0.6803126071723486
2024-12-31 07:00:00,0.0,0.22660594,0.6427989,0.83347344,98712.24,8.429156e-05,-13.7901,-16.452515,0.6815722,70.58091,80.28065,7,1,366,12,0,0.9659258262890684,-0.2588190451025206,-2.4492935982947064e-16,1.0,winter,0.0,0.08429156,83.34734,2024,,0.0,0.0,0.0,12.576790769833336,17.073854973290246,0.7373458,0.5959984,1.8396517,0.7320011495833333,0.1273070661449439,-13.5998535,-11.196045,-15.21579,-12.243328020833333,0.7050637926332908
2024-12-31 08:00:00,0.0,0.21142775,0.59041834,0.83025885,98711.016,8.3645005e-05,-13.965607,-16.629395,0.6271328,70.297646,80.24429,8,1,366,12,0,0.8660254037844387,-0.4999999999999998,-2.4492935982947064e-16,1.0,winter,0.0,0.08364501,83.02589,2024,,0.0,0.0,0.0,12.576790769833336,17.073854973290246,0.6815722,0.58014774,1.8403076,0.7355667245833334,0.12449973988795561,-13.7901,-11.298248,-15.194733,-12.351413645833333,0.7357033210693543
2024-12-31 09:00:00,0.0,0.19415966,0.53378683,0.8288825,98707.66,8.2370025e-05,-14.00528,-16.6633,0.56800205,70.01164,80.27687,9,1,366,12,0,0.7071067811865476,-0.7071067811865475,-2.4492935982947064e-16,1.0,winter,0.0,0.08237003,82.88825,2024,,0.0,0.0,0.0,12.576790769833336,17.073854973290246,0.6271328,0.5743397,1.8305613,0.7375244354166667,0.12229954893630433,-13.965607,-11.387268,-15.232422,-12.462553604166665,0.7703465567240024
2024-12-31 10:00:00,0.0,0.15497738,0.48060298,0.8264103,98693.945,8.063683e-05,-14.277679,-16.947968,0.50497246,72.12733,80.15223,10,1,366,12,0,0.4999999999999999,-0.8660254037844387,-2.4492935982947064e-16,1.0,winter,0.0,0.08063684,82.64103,2024,,0.0,0.0,0.0,12.576790769833336,17.073854973290246,0.56800205,0.47948888,1.7739159,0.7372603666666667,0.12267348675661363,-14.00528,-11.497131,-15.3280945,-12.571637437500002,0.7963820532421212
2024-12-31 11:00:00,0.0,0.19636658,0.42080125,0.8218096,98689.04,8.036012e-05,-14.369904,-17.046295,0.46436355,64.983925,80.09683,11,1,366,12,0,0.258819045102521,-0.9659258262890682,-2.4492935982947064e-16,1.0,winter,0.0,0.08036012,82.18096,2024,,0.0,0.0,2.9466094e-07,12.576790769833336,17.073854973290246,0.50497246,0.5020161,1.7579553,0.7383221825,0.12043517352322258,-14.277679,-11.601715,-15.304443,-12.687493604166667,0.8346056271218079
2024-12-31 12:00:00,423.7909,0.21011683,0.35348383,0.8210405,98686.44,7.957208e-05,-14.413208,-17.126068,0.41121757,59.272022,79.845245,12,1,366,12,0,1.2246467991473532e-16,-1.0,-2.4492935982947064e-16,1.0,winter,0.117719695,0.079572074,82.10405,2024,,0.0,0.12764534,0.12663054,12.576790769833336,17.073854973290246,0.46436355,0.54890114,1.7217582,0.73675332625,0.12384425874468274,-14.369904,-11.634155,-15.371826,-12.8028348125,0.8686154403398375
2024-12-31 13:00:00,5586.9297,0.20677751,0.29743737,0.8201027,98687.195,7.912622e-05,-14.514862,-17.22789,0.3622512,55.193096,79.82807,13,1,366,12,0,-0.2588190451025208,-0.9659258262890684,-2.4492935982947064e-16,1.0,winter,1.551925,0.079126224,82.01027,2024,,0.117719695,1.5483333,1.6060092,12.576377201291669,17.07416974865514,0.41121757,0.6099724,1.6853869,0.7310165108333333,0.13555929702753958,-14.413208,-11.753723,-15.389252,-12.918628687500002,0.8909942174384191
2024-12-31 14:00:00,21236.79,0.1883044,0.24727389,0.8222215,98684.734,7.855098e-05,-14.55368,-17.316544,0.31081012,52.709946,79.488144,14,1,366,12,0,-0.4999999999999997,-0.8660254037844388,-2.4492935982947064e-16,1.0,winter,5.899108,0.07855098,82.22215,2024,,1.551925,5.2409286,6.7774644,12.576526855458335,17.074068901276952,0.3622512,0.672099,1.6807009,0.7206947941666666,0.15342958998549072,-14.514862,-11.874237,-15.276001,-13.033676145833333,0.9120526181381459
2024-12-31 15:00:00,47961.625,0.18914811,0.20978859,0.8186292,98675.734,7.734761e-05,-14.572968,-17.37349,0.28246817,47.96177,79.23362,15,1,366,12,0,-0.7071067811865471,-0.7071067811865479,-2.4492935982947064e-16,1.0,winter,13.322674,0.077347614,81.86292,2024,,5.899108,11.696927,16.564552,12.603950997125002,17.062298808176273,0.31081012,0.7180681,1.6932194,0.7056410908333333,0.1746599003530225,-14.55368,-11.9652405,-15.206512,-13.145319604166666,0.927813929075163
2024-12-31 16:00:00,84816.305,0.2290837,0.14194892,0.81338984,98664.78,7.709102e-05,-14.620239,-17.470047,0.2694974,31.783918,78.89786,16,1,366,12,0,-0.8660254037844384,-0.5000000000000004,-2.4492935982947064e-16,1.0,winter,23.560085,0.077091016,81.33898,2024,,13.322674,20.460516,29.410883,12.671690455458332,17.0617684455381,0.28246817,0.7595158,1.7460818,0.68749109375,0.19478579216905742,-14.572968,-12.0164795,-15.071442,-13.253974916666666,0.9362631459408824
2024-12-31 17:00:00,126506.94,0.2619786,0.06871275,0.80779225,98645.45,7.464108e-05,-14.544464,-17.471909,0.27083984,14.696716,78.39622,17,1,366,12,0,-0.9659258262890684,-0.2588190451025206,-2.4492935982947064e-16,1.0,winter,35.140816,0.07464108,80.77923,2024,,23.560085,30.969854,42.715954,12.800839163791666,17.134863651672298,0.2694974,0.79561114,1.8056135,0.6670736604166666,0.21184293431091944,-14.620239,-12.036224,-14.765625,-13.362464895833334,0.9374883287275875
2024-12-31 18:00:00,165637.86,0.28287625,0.000714265,0.81142884,98634.97,7.2736846e-05,-14.513763,-17.491592,0.28287715,0.14467204,78.0694,18,1,366,12,0,-1.0,-1.8369701987210292e-16,-2.4492935982947064e-16,1.0,winter,46.010517,0.072736844,81.14288,2024,,35.140816,40.54702,53.130856,12.974629247125002,17.346993596689625,0.27083984,0.81953543,1.84698,0.6452081895833334,0.22469165809786162,-14.544464,-12.053986,-14.545837,-13.466974895833333,0.922906826414593
2024-12-31 19:00:00,187982.28,0.29048237,-0.056472693,0.8051223,98624.92,7.113524e-05,-14.505615,-17.546646,0.29592088,-11.001641,77.65619,19,1,366,12,0,-0.9659258262890684,0.2588190451025203,-2.4492935982947064e-16,1.0,winter,52.2173,0.07113524,80.51223,2024,,46.010517,46.503437,56.75015,13.202274955458334,17.75559642766599,0.28287715,0.83177674,1.8682809,0.6228474279166667,0.23313362054282669,-14.513763,-12.097168,-14.461609,-13.569465604166666,0.8953390094839813
2024-12-31 20:00:00,183933.98,0.289159,-0.10728055,0.8017925,98627.84,6.7461726e-05,-14.452087,-17.559555,0.3084186,-20.3553,77.23186,20,1,366,12,0,-0.8660254037844386,0.5000000000000001,-2.4492935982947064e-16,1.0,winter,51.092773,0.06746173,80.17925,2024,,52.2173,47.10567,51.3712,13.440352580458333,18.252876064414423,0.29592088,0.83759063,1.8760515,0.6005201004166666,0.2378659502504314,-14.505615,-12.078613,-14.311951,-13.669817562499999,0.8573101956721682
2024-12-31 21:00:00,153329.47,0.27933702,-0.14854915,0.8047966,98632.63,6.293701e-05,-14.385223,-17.490204,0.31637955,-28.00368,77.25979,21,1,366,12,0,-0.7071067811865477,0.7071067811865474,-2.4492935982947064e-16,1.0,winter,42.59152,0.062937014,80.47966,2024,,51.092773,40.82369,40.366684,13.606481872125,18.58767817460322,0.3084186,0.84235364,1.8614731,0.5784712658333334,0.23945572892359435,-14.452087,-12.1371765,-14.24057,-13.7687123125,0.8008106529213798
2024-12-31 22:00:00,112680.81,0.26155224,-0.29017618,0.8015177,98617.16,6.029131e-05,-14.675293,-17.729156,0.3906556,-47.96987,77.542816,22,1,366,12,0,-0.5000000000000004,0.8660254037844384,-2.4492935982947064e-16,1.0,winter,31.300226,0.06029131,80.15177,2024,,42.59152,29.809446,25.85478,13.680141455458333,18.703367213230056,0.31637955,0.773893,1.8880821,0.55655567875,0.23832104668768742,-14.385223,-12.452942,-14.399384,-13.862380916666666,0.7300223964616817
2024-12-31 23:00:00,66256.81,0.19618614,-0.2869968,0.7919198,98622.4,5.8721824e-05,-14.847046,-17.835236,0.34764373,-55.644146,77.94441,23,1,366,12,0,-0.2588190451025215,0.965925826289068,-2.4492935982947064e-16,1.0,winter,18.40467,0.058721825,79.191986,2024,,31.300226,17.745785,13.10113,13.742257288791668,18.76164803508055,0.3906556,0.8374422,1.8861408,0.5405874537500001,0.23595291476301677,-14.675293,-12.607056,-14.447601,-13.954978875,0.682895845226515
