time,solar_radiation,wind_u,wind_v,cloud_cover,pressure,precipitation,temperature_celsius,dewpoint_celsius,wind_speed,wind_direction,relative_humidity,hour,day_of_week,day_of_year,month,is_weekend,hour_sin,hour_cos,month_sin,month_cos,season,solar_radiation_wm2,precipitation_mm,cloud_cover_pct,year,country,solar_radiation_wm2_lag_1h,solar_radiation_wm2_lag_24h,solar_radiation_wm2_lag_168h,solar_radiation_wm2_rolling_mean_24h,solar_radiation_wm2_rolling_std_24h,wind_speed_lag_1h,wind_speed_lag_24h,wind_speed_lag_168h,wind_speed_rolling_mean_24h,wind_speed_rolling_std_24h,temperature_celsius_lag_1h,temperature_celsius_lag_24h,temperature_celsius_lag_168h,temperature_celsius_rolling_mean_24h,temperature_celsius_rolling_std_24h
2024-12-11 04:00:00,0.0,-0.719473,-1.768709,0.83793175,99229.66,6.672196e-06,1.4717102,-0.32647705,1.909443,-112.13544,87.82019,4,2,346,12,0,0.8660254037844386,0.5000000000000001,-2.4492935982947064e-16,1.0,winter,0.0,0.006672196,83.793175,2024,,0.0,0.0,0.0,19.850866434833335,34.54615621074553,1.9482746,4.714277,1.260439,3.5357483958333336,1.007017495038635,1.5392151,2.7745056,2.431549,2.4636052625000002,0.48855946109254456
2024-12-11 05:00:00,0.0,-0.645393,-1.7673523,0.8500172,99239.19,6.6186267e-06,1.3977356,-0.38827515,1.8815063,-110.06092,87.89115,5,2,346,12,0,0.9659258262890684,0.2588190451025207,-2.4492935982947064e-16,1.0,winter,0.0,0.006618627,85.00172,2024,,0.0,0.0,0.0,19.850866434833335,34.54615621074553,1.909443,4.600953,1.2516798,3.4188803125000002,1.0268584722822185,1.4717102,2.709961,2.296875,2.4093221208333335,0.5236309250101808
2024-12-11 06:00:00,0.0,-0.55928254,-1.7326313,0.8453873,99251.89,7.932484e-06,1.3869019,-0.38845825,1.8206615,-107.889755,87.95832,6,2,346,12,0,1.0,6.123233995736766e-17,-2.4492935982947064e-16,1.0,winter,0.0,0.007932483,84.53873,2024,,0.0,0.0,0.0,19.850866434833335,34.54615621074553,1.8815063,4.496258,1.2789248,3.3055700333333333,1.0406971567858538,1.3977356,2.6564636,2.196228,2.3546460625,0.5582399044188395
2024-12-11 07:00:00,135.80487,-0.51062894,-1.6907998,0.86112225,99263.36,8.124206e-06,1.4039001,-0.3847351,1.7662237,-106.80454,87.87494,7,2,346,12,0,0.9659258262890684,-0.2588190451025206,-2.4492935982947064e-16,1.0,winter,0.037723575,0.008124206,86.11223,2024,,0.0,0.046553336,0.14977744,19.850866434833335,34.54615621074553,1.8206615,4.3909554,1.2997631,3.194086845833333,1.050860820044114,1.3869019,2.6027222,2.1671143,2.3017476583333334,0.5877668992468209
2024-12-11 08:00:00,32753.904,-0.5886109,-1.650635,0.8753692,99300.63,6.2246104e-06,1.5098877,-0.31359863,1.7524437,-109.62607,87.66228,8,2,346,12,0,0.8660254037844387,-0.4999999999999998,-2.4492935982947064e-16,1.0,winter,9.098307,0.0062246104,87.53692,2024,,0.037723575,8.421306,14.360896,19.850498528124998,34.54637633735854,1.7662237,4.3837233,1.3660717,3.084723025,1.0574444746711544,1.4039001,2.637848,2.3106384,2.2517967375,0.611536576317918
2024-12-11 09:00:00,177101.16,-0.7302271,-1.6026245,0.90107495,99332.33,7.295291e-06,1.7505493,-0.22122192,1.7611464,-114.49612,86.745384,9,2,346,12,0,0.7071067811865476,-0.7071067811865475,-2.4492935982947064e-16,1.0,winter,49.194767,0.0072952914,90.1075,2024,,9.098307,39.156796,58.16923,19.878706903125003,34.536913332718804,1.7524437,4.4639053,1.5237304,2.975086375,1.0533058640816808,1.5098877,2.7780762,2.7662048,2.204798391666667,0.6237980376342486
2024-12-11 10:00:00,318516.03,-0.6746558,-1.3658415,0.963821,99357.17,7.2315015e-06,2.015503,-0.1043396,1.523379,-116.28702,85.8445,10,2,346,12,0,0.4999999999999999,-0.8660254037844387,-2.4492935982947064e-16,1.0,winter,88.47668,0.0072315014,96.3821,2024,,49.194767,73.09059,107.66271,20.296955694791667,34.83997646995705,1.7611464,4.451655,1.5161965,2.8624714208333333,1.031464176661368,1.7505493,2.9465332,3.274353,2.161984770833333,0.617975462262766
2024-12-11 11:00:00,413523.25,-0.36509687,-1.2388806,0.97532666,99331.32,7.891955e-06,2.263031,-0.0018615723,1.2915576,-106.42019,84.9724,11,2,346,12,0,0.258819045102521,-0.9659258262890682,-2.4492935982947064e-16,1.0,winter,114.86757,0.007891955,97.53267,2024,,88.47668,99.236885,134.5072,20.938042778125,35.97667979547713,1.523379,4.5168533,1.6424094,2.740459920833333,1.008237866904597,2.015503,3.0572205,3.7066956,2.1231918458333334,0.5953945619725869
2024-12-11 12:00:00,422204.12,-0.092823826,-1.1831055,0.9725682,99297.59,7.1257728e-06,2.383545,0.04824829,1.1867412,-94.486115,84.55324,12,2,346,12,0,1.2246467991473532e-16,-1.0,-2.4492935982947064e-16,1.0,winter,117.27892,0.0071257725,97.25682,2024,,114.86757,101.427536,135.73352,21.589321319791665,37.56227392208688,1.2915576,4.428227,1.7054056,2.6060726,0.9755891946327998,2.263031,3.1037598,3.9588928,2.0901006166666667,0.5623801320512058
2024-12-11 13:00:00,367225.84,0.06493802,-1.2443409,0.9654202,99276.36,5.916587e-06,2.3976746,0.10290527,1.2460341,-87.01263,84.80375,13,2,346,12,0,-0.2588190451025208,-0.9659258262890684,-2.4492935982947064e-16,1.0,winter,102.00718,0.0059165866,96.542015,2024,,117.27892,81.31989,124.429436,22.249795653125002,39.133634510775344,1.1867412,4.331882,1.6671323,2.4710106916666668,0.9359315766364973,2.383545,3.0690002,4.0489807,2.0600916666666667,0.5238334565043936
2024-12-11 14:00:00,241366.1,0.15195706,-1.3124357,0.95192623,99288.13,5.0760427e-06,2.3380127,0.12713623,1.3212035,-83.39555,85.31436,14,2,346,12,0,-0.4999999999999997,-0.8660254037844388,-2.4492935982947064e-16,1.0,winter,67.046135,0.005076043,95.19263,2024,,102.00718,53.22873,83.230286,23.111766069791667,40.688254650853985,1.2460341,4.1066284,1.4395609,2.3424336958333334,0.8794320954756966,2.3976746,2.974762,3.9123535,2.0321197666666664,0.48402846795636884
2024-12-11 15:00:00,88230.98,0.17660426,-1.2393998,0.9387947,99296.07,4.661938e-06,2.1780396,0.11959839,1.2519189,-81.89041,86.24506,15,2,346,12,0,-0.7071067811865471,-0.7071067811865479,-2.4492935982947064e-16,1.0,winter,24.508604,0.004661938,93.87947,2024,,67.046135,19.419771,32.971684,23.687491278124998,41.22711526400349,1.3212035,3.8534112,1.1828558,2.2263743249999997,0.8181493469486701,2.3380127,2.8277283,3.554779,2.005588545833333,0.4460758465204392
2024-12-11 16:00:00,5616.0117,0.23294967,-1.1750453,0.91736573,99306.34,5.4330535e-06,1.9907532,0.09637451,1.1979135,-78.78665,87.25807,16,2,346,12,0,-0.8660254037844384,-0.5000000000000004,-2.4492935982947064e-16,1.0,winter,1.5600033,0.0054330537,91.73657,2024,,24.508604,1.0727371,1.5267602,23.899525986458332,41.217296674908965,1.2519189,3.7191992,1.1777602,2.1179788125,0.7637378457459448,2.1780396,2.704834,3.1528015,1.9785181833333334,0.4124614596807384
2024-12-11 17:00:00,0.0,0.21327274,-1.1317604,0.8866879,99325.26,6.4283145e-06,1.8776245,0.050720215,1.15168,-79.32814,87.67525,17,2,346,12,0,-0.9659258262890684,-0.2588190451025206,-2.4492935982947064e-16,1.0,winter,0.0,0.0064283144,88.668785,2024,,1.5600033,0.0,0.0,23.91982874479167,41.205682190189954,1.1979135,3.5891645,1.1447318,2.0129252416666668,0.7050605837555375,1.9907532,2.5940247,2.9202576,1.9487648166666665,0.3824538166961176
2024-12-11 18:00:00,0.0,0.15393932,-1.0956202,0.8651766,99339.28,7.831689e-06,1.7882385,0.02017212,1.1063819,-82.00206,88.04195,18,2,346,12,0,-1.0,-1.8369701987210292e-16,-2.4492935982947064e-16,1.0,winter,0.0,0.007831689,86.51766,2024,,0.0,0.0,0.0,23.91982874479167,41.205682190189954,1.15168,3.4126885,1.2113178,1.9113633874999998,0.6407603342589164,1.8776245,2.4588013,2.7034302,1.9189148083333334,0.35701341343086973
2024-12-11 19:00:00,0.0,0.12617108,-1.0180829,0.8690677,99368.73,1.2625083e-05,1.7155762,-0.00869751,1.0258713,-82.935356,88.315544,19,2,346,12,0,-0.9659258262890684,0.2588190451025203,-2.4492935982947064e-16,1.0,winter,0.0,0.012625083,86.90678,2024,,0.0,0.0,0.0,23.91982874479167,41.205682190189954,1.1063819,3.2069125,1.2893381,1.8152672791666664,0.5754237965633523,1.7882385,2.3294067,2.4911194,1.8909746916666668,0.33869381775786284
2024-12-11 20:00:00,0.0,0.058550127,-0.9497624,0.84712076,99397.27,1.16745805e-05,1.6355286,-0.059051514,0.95156544,-86.47234,88.49896,20,2,346,12,0,-0.8660254037844386,0.5000000000000001,-2.4492935982947064e-16,1.0,winter,0.0,0.01167458,84.712074,2024,,0.0,0.0,0.0,23.91982874479167,41.205682190189954,1.0258713,2.9944553,1.3844689,1.7243905625,0.5151552015219274,1.7155762,2.225525,2.3208923,1.8653984208333334,0.3271253622312448
2024-12-11 21:00:00,0.0,-0.01830784,-0.87637967,0.8433899,99412.375,1.16047995e-05,1.5293274,-0.12298584,0.8765709,-91.196754,88.76172,21,2,346,12,0,-0.7071067811865477,0.7071067811865474,-2.4492935982947064e-16,1.0,winter,0.0,0.0116048,84.33899,2024,,0.0,0.0,0.0,23.91982874479167,41.205682190189954,0.95156544,2.7236733,1.4843035,1.6392701516666666,0.4622325260140668,1.6355286,2.1199646,2.1304016,1.8408152375,0.3209969559643595
2024-12-11 22:00:00,0.0,-0.1529167,-0.6642643,0.87155116,99422.18,1.0080542e-05,1.4703369,-0.14852905,0.6816382,-102.9639,88.97258,22,2,346,12,0,-0.5000000000000004,0.8660254037844384,-2.4492935982947064e-16,1.0,winter,0.0,0.0100805415,87.15511,2024,,0.0,0.0,0.0,23.91982874479167,41.205682190189954,0.8765709,2.2697299,1.6309994,1.5623075516666667,0.4261953544536104,1.5293274,1.9874878,1.9723511,1.8162053541666667,0.3213059523747991
2024-12-11 23:00:00,0.0,-0.17245269,-0.5973011,0.8715604,99426.414,1.01168425e-05,1.3896484,-0.1937561,0.62169814,-106.10447,89.19534,23,2,346,12,0,-0.2588190451025215,0.965925826289068,-2.4492935982947064e-16,1.0,winter,0.0,0.010116843,87.15604,2024,,0.0,0.0,0.0,23.91982874479167,41.205682190189954,0.6816382,2.126032,1.8880956,1.4961370641666667,0.43478252283232144,1.4703369,1.9038391,1.8457031,1.7946574,0.32661682197750586
2024-12-12 00:00:00,0.0,-0.15511826,-0.54752547,0.87816834,99418.41,8.210199e-06,1.3146667,-0.24484253,0.5690745,-105.81784,89.34418,0,3,347,12,0,0.0,1.0,-2.4492935982947064e-16,1.0,winter,0.0,0.008210199,87.81683,2024,,0.0,0.0,0.0,23.91982874479167,41.205682190189954,0.62169814,2.0473368,2.112598,1.4334564866666666,0.44825301747337665,1.3896484,1.8036804,1.7042236,1.7732327874999998,0.3358766545815496
2024-12-12 01:00:00,0.0,-0.18776953,-0.5405907,0.89370716,99414.89,8.493552e-06,1.2158813,-0.31347656,0.5722724,-109.15423,89.53224,1,3,347,12,0,0.2588190451025207,0.9659258262890684,-2.4492935982947064e-16,1.0,winter,0.0,0.008493552,89.37071,2024,,0.0,0.0,0.0,23.91982874479167,41.205682190189954,0.5690745,2.050921,2.265688,1.3718622241666667,0.46159752656103914,1.3146667,1.7008667,1.571106,1.7528572166666667,0.3485431661465208
2024-12-12 02:00:00,0.0,-0.19252656,-0.5573982,0.89277375,99426.54,7.694946e-06,1.1552429,-0.36672974,0.5897111,-109.05502,89.57546,2,3,347,12,0,0.4999999999999999,0.8660254037844387,-2.4492935982947064e-16,1.0,winter,0.0,0.007694946,89.277374,2024,,0.0,0.0,0.0,23.91982874479167,41.205682190189954,0.5722724,2.030845,2.3879485,1.3102518658333333,0.46568254515872504,1.2158813,1.6203003,1.4362488,1.7326494916666668,0.3653428085829258
2024-12-12 03:00:00,0.0,-0.176611,-0.53953415,0.9001041,99421.516,6.923126e-06,1.0603638,-0.42193604,0.5677046,-108.12532,89.82694,3,3,347,12,0,0.7071067811865476,0.7071067811865476,-2.4492935982947064e-16,1.0,winter,0.0,0.006923126,90.010414,2024,,0.0,0.0,0.0,23.91982874479167,41.205682190189954,0.5897111,1.9482746,2.5367079,1.25020462,0.4616216107401752,1.1552429,1.5392151,1.3034058,1.7132721,0.3834453586638214
2024-12-12 04:00:00,0.0,-0.18393266,-0.5705998,0.8914287,99406.87,7.221281e-06,0.9651184,-0.5189514,0.5995126,-107.86671,89.80784,4,3,347,12,0,0.8660254037844386,0.5000000000000001,-2.4492935982947064e-16,1.0,winter,0.0,0.007221281,89.14287,2024,,0.0,0.0,0.0,23.91982874479167,41.205682190189954,0.5677046,1.909443,2.7088175,1.19268087,0.45684469729826027,1.0603638,1.4717102,1.1548462,1.6933199624999997,0.404761722328763
2024-12-12 05:00:00,0.0,-0.22864278,-0.5761835,0.8804034,99422.32,7.707634e-06,0.87683105,-0.6081543,0.61989105,-111.6443,89.79483,5,3,347,12,0,0.9659258262890684,0.2588190451025207,-2.4492935982947064e-16,1.0,winter,0.0,0.007707634,88.04034,2024,,0.0,0.0,0.0,23.91982874479167,41.205682190189954,0.5995126,1.8815063,2.9198387,1.1381004366666667,0.44560007698478715,0.9651184,1.3977356,1.0332642,1.6722119708333334,0.4292871080482147
2024-12-12 06:00:00,0.0,-0.28830436,-0.55411303,0.86546993,99426.99,7.7439345e-06,0.8192444,-0.67163086,0.6246284,-117.48789,89.751686,6,3,347,12,0,1.0,6.123233995736766e-17,-2.4492935982947064e-16,1.0,winter,0.0,0.0077439346,86.547,2024,,0.0,0.0,0.0,23.91982874479167,41.205682190189954,0.61989105,1.8206615,3.157565,1.0855331345833332,0.4281626996138798,0.87683105,1.3869019,0.90219116,1.650507614583333,0.4560986887530054
2024-12-12 07:00:00,149.85365,-0.3427336,-0.48146614,0.86716515,99432.26,1.48735835e-05,0.7803345,-0.71746826,0.5909957,-125.44531,89.70321,7,3,347,12,0,0.9659258262890684,-0.2588190451025206,-2.4492935982947064e-16,1.0,winter,0.041626014,0.014873584,86.716515,2024,,0.0,0.037723575,0.18612137,23.91982874479167,41.205682190189954,0.6246284,1.7662237,3.4314568,1.0356984220833334,0.4080095551884613,0.8192444,1.4039001,0.7855835,1.62685521875,0.48421529610381026
2024-12-12 08:00:00,40757.26,-0.39998475,-0.47008532,0.86107856,99468.23,5.122916e-06,0.85702515,-0.6958313,0.61722606,-130.39369,89.34971,8,3,347,12,0,0.8660254037844387,-0.4999999999999998,-2.4492935982947064e-16,1.0,winter,11.321462,0.005122916,86.10786,2024,,0.041626014,9.098307,18.491648,23.919991346416666,41.20558385922578,0.5909957,1.7524437,3.7980714,0.98673058875,0.38647775651148025,0.7803345,1.5098877,1.033081,1.60087331875,0.5125965165445678
2024-12-12 09:00:00,187065.52,-0.44576722,-0.4836041,0.8390063,99486.14,4.3169093e-06,1.1374817,-0.59085083,0.6577092,-132.66864,88.23734,9,3,347,12,0,0.7071067811865476,-0.7071067811865475,-2.4492935982947064e-16,1.0,winter,51.962643,0.0043169092,83.90063,2024,,11.321462,49.194767,75.10495,24.01262280475,41.17330178006911,0.61722606,1.7611464,4.1044474,0.93942985375,0.3570359069548697,0.85702515,1.7505493,1.699585,1.5736707125,0.5344904722884032
2024-12-12 10:00:00,345803.5,-0.4987518,-0.3731412,0.8969978,99501.86,4.4377925e-06,1.4830322,-0.5249634,0.6228866,-143.198,86.48973,10,3,347,12,0,0.4999999999999999,-0.8660254037844387,-2.4492935982947064e-16,1.0,winter,96.056526,0.0044377926,89.69978,2024,,51.962643,88.47668,125.33057,24.127950971416666,41.25070853486384,0.6577092,1.523379,4.3700933,0.89345330375,0.31521786133717467,1.1374817,2.015503,2.4379272,1.5481262291666666,0.540287999651929
2024-12-12 11:00:00,478154.88,-0.58409077,-0.4237756,0.8814404,99468.61,4.2284496e-06,1.8309631,-0.4083557,0.72162855,-144.03798,85.0817,11,3,347,12,0,0.258819045102521,-0.9659258262890682,-2.4492935982947064e-16,1.0,winter,132.8208,0.0042284494,88.14404,2024,,96.056526,114.86757,150.46585,24.443777888083332,41.79028856143706,0.6228866,1.2915576,4.7120442,0.8559327870833333,0.28952329039881886,1.4830322,2.263031,2.9761658,1.5259399458333334,0.5311160709030185
2024-12-12 12:00:00,509332.38,-0.6417397,-0.496945,0.86763716,99446.84,4.9939263e-06,2.0100098,-0.35995483,0.8116552,-142.24681,84.296906,12,3,347,12,0,1.2246467991473532e-16,-1.0,-2.4492935982947064e-16,1.0,winter,141.48122,0.0049939263,86.76372,2024,,132.8208,117.27892,152.32355,25.191829138083335,43.60072587195561,0.72162855,1.1867412,4.9652753,0.8321857433333334,0.2752611756687396,1.8309631,2.383545,3.3110046,1.5079371166666666,0.5120247920116898
2024-12-12 13:00:00,445800.06,-0.824785,-0.6198167,0.8506126,99424.25,6.430429e-06,2.0647583,-0.35958862,1.0317185,-143.07555,83.97041,13,3,347,12,0,-0.2588190451025208,-0.9659258262890684,-2.4492935982947064e-16,1.0,winter,123.83335,0.006430429,85.06126,2024,,141.48122,102.00718,123.489456,26.200258304749998,46.035109304377094,0.8116552,1.2460341,5.14173,0.81655716,0.2647008409549247,2.0100098,2.3976746,3.4291687,1.49237315,0.4894304604950013
2024-12-12 14:00:00,315212.3,-1.0272907,-0.68655384,0.83280885,99414.79,7.860588e-06,1.9776917,-0.35287476,1.2355899,-146.2446,84.535164,14,3,347,12,0,-0.4999999999999997,-0.8660254037844388,-2.4492935982947064e-16,1.0,winter,87.558975,0.007860588,83.28088,2024,,123.83335,67.046135,75.10545,27.10968205475,47.7802950192952,1.0317185,1.3212035,5.1640453,0.8076273433333333,0.2529358460398552,2.0647583,2.3380127,3.329834,1.4785016375,0.46685376316354105
2024-12-12 15:00:00,118400.62,-1.134316,-0.6232218,0.7981375,99415.71,7.511683e-06,1.7275391,-0.4477234,1.2942481,-151.2145,85.46798,15,3,347,12,0,-0.7071067811865471,-0.7071067811865479,-2.4492935982947064e-16,1.0,winter,32.88906,0.0075116833,79.81375,2024,,87.558975,24.508604,24.363216,27.964383721416667,48.7003553259989,1.2355899,1.2519189,5.2206225,0.80406011,0.24588319499820616,1.9776917,2.1780396,2.944458,1.4634882625,0.4432060983817634
2024-12-12 16:00:00,6683.341,-1.2131685,-0.6142182,0.7609277,99418.31,9.628728e-06,1.3998413,-0.60787964,1.3597947,-153.14725,86.482895,16,3,347,12,0,-0.8660254037844384,-0.5000000000000004,-2.4492935982947064e-16,1.0,winter,1.8564836,0.009628728,76.092766,2024,,32.88906,1.5600033,0.7646678,28.313569388083334,48.70454388767881,1.2942481,1.1979135,5.3239274,0.8058238266666667,0.2493625491774669,1.7275391,1.9907532,2.6744995,1.4447174083333334,0.4205902064985495
2024-12-12 17:00:00,0.0,-1.3270878,-0.52113944,0.74424833,99428.53,8.92422e-06,1.179596,-0.76104736,1.4257448,-158.56035,86.884834,17,3,347,12,0,-0.9659258262890684,-0.2588190451025206,-2.4492935982947064e-16,1.0,winter,0.0,0.008924221,74.424835,2024,,1.8564836,0.0,0.0,28.325922733916666,48.69750021238122,1.3597947,1.15168,5.4194846,0.8125688766666666,0.2622839633763663,1.3998413,1.8776245,2.6183472,1.4200960791666668,0.4042126293864242
2024-12-12 18:00:00,0.0,-1.4212247,-0.3836112,0.6714319,99442.56,6.4283145e-06,1.0142212,-0.9026184,1.472086,-164.89491,87.01957,18,3,347,12,0,-1.0,-1.8369701987210292e-16,-2.4492935982947064e-16,1.0,winter,0.0,0.0064283144,67.14319,2024,,0.0,0.0,0.0,28.325922733916666,48.69750021238122,1.4257448,1.1063819,5.5259542,0.8239882433333333,0.28285000586170406,1.179596,1.7882385,2.7305603,1.3910115583333333,0.39486523579645816
2024-12-12 19:00:00,0.0,-1.490107,-0.28104478,0.66393554,99452.46,1.2701208e-05,0.8845215,-1.0151367,1.516379,-169.31908,87.11614,19,3,347,12,0,-0.9659258262890684,0.2588190451025203,-2.4492935982947064e-16,1.0,winter,0.0,0.012701208,66.393555,2024,,0.0,0.0,0.0,28.325922733916666,48.69750021238122,1.472086,1.0258713,5.6679187,0.8392259141666667,0.30750093247930893,1.0142212,1.7155762,2.9095764,1.3587608375,0.39261364276818395
2024-12-12 20:00:00,0.0,-1.5473963,-0.16701429,0.6141623,99473.95,3.929589e-06,0.74246216,-1.156189,1.5563834,-173.83978,87.10853,20,3,347,12,0,-0.8660254037844386,0.5000000000000001,-2.4492935982947064e-16,1.0,winter,0.0,0.0039295894,61.416233,2024,,0.0,0.0,0.0,28.325922733916666,48.69750021238122,1.516379,0.95156544,5.7768307,0.8596637349999999,0.33547382668921333,0.8845215,1.6355286,3.0822144,1.3241335583333333,0.39640528505409167
2024-12-12 21:00:00,0.0,-1.6084623,-0.09891866,0.62332225,99478.15,4.112853e-06,0.59265137,-1.2967834,1.6115012,-176.48079,87.1526,21,3,347,12,0,-0.7071067811865477,0.7071067811865474,-2.4492935982947064e-16,1.0,winter,0.0,0.0041128527,62.332226,2024,,0.0,0.0,0.0,28.325922733916666,48.69750021238122,1.5563834,0.8765709,5.8420463,0.8848644833333332,0.36416744452953664,0.74246216,1.5293274,3.312439,1.2869224566666666,0.40766019566610073
2024-12-12 22:00:00,0.0,-1.6600561,0.16820252,0.72281736,99494.74,4.710573e-06,0.42697144,-1.440033,1.6685559,174.21434,87.279915,22,3,347,12,0,-0.5000000000000004,0.8660254037844384,-2.4492935982947064e-16,1.0,winter,0.0,0.0047105732,72.28174,2024,,0.0,0.0,0.0,28.325922733916666,48.69750021238122,1.6115012,0.6816382,5.7171245,0.9154865791666666,0.39318318357573157,0.59265137,1.4703369,3.580841,1.24789428875,0.4277846188998283
2024-12-12 23:00:00,0.0,-1.7727178,0.31899092,0.7398575,99505.7,3.4365403e-06,0.28051758,-1.5785828,1.8011895,169.7991,87.31631,23,3,347,12,0,-0.2588190451025215,0.965925826289068,-2.4492935982947064e-16,1.0,winter,0.0,0.0034365403,73.98575,2024,,0.0,0.0,0.0,28.325922733916666,48.69750021238122,1.6685559,0.62169814,5.966804,0.95660815,0.4184590830296055,0.42697144,1.3896484,3.8513489,1.2044207279166665,0.45626400825900343
2024-12-13 00:00:00,0.0,-1.7998395,0.45096895,0.7578239,99495.48,2.783841e-06,0.17132568,-1.695404,1.8554771,165.93352,87.25666,0,4,348,12,0,0.0,1.0,-2.4492935982947064e-16,1.0,winter,0.0,0.002783841,75.78239,2024,,0.0,0.0,0.0,28.325922733916666,48.69750021238122,1.8011895,0.5690745,5.887605,1.0057536233333333,0.4457855975543957,0.28051758,1.3146667,4.1458435,1.15820694375,0.4914971822752805
2024-12-13 01:00:00,0.0,-1.8641741,0.5730345,0.71896744,99479.016,2.7457786e-06,0.053009033,-1.8193359,1.9502599,162.91292,87.20896,1,4,348,12,0,0.2588190451025207,0.9659258262890684,-2.4492935982947064e-16,1.0,winter,0.0,0.0027457785,71.89674,2024,,0.0,0.0,0.0,28.325922733916666,48.69750021238122,1.8554771,0.5722724,5.5937114,1.0593537316666668,0.46779131300475807,0.17132568,1.2158813,4.403534,1.1105677345833334,0.529605478908067
2024-12-13 02:00:00,0.0,-1.9149806,0.7074126,0.719912,99480.98,2.7750302e-06,-0.058441162,-1.9153137,2.041466,159.72527,87.297516,2,4,348,12,0,0.4999999999999999,0.8660254037844387,-2.4492935982947064e-16,1.0,winter,0.0,0.0027750302,71.991196,2024,,0.0,0.0,0.0,28.325922733916666,48.69750021238122,1.9502599,0.5897111,5.120868,1.1167698775,0.4894720862442203,0.053009033,1.1552429,4.6484985,1.0621147234583332,0.5711194176884968
2024-12-13 03:00:00,0.0,-1.9502336,0.8479704,0.70434904,99462.055,3.2634975e-06,-0.15991211,-2.0029602,2.1266088,156.50038,87.37667,3,4,348,12,0,0.7071067811865476,0.7071067811865476,-2.4492935982947064e-16,1.0,winter,0.0,0.0032634975,70.434906,2024,,0.0,0.0,0.0,28.325922733916666,48.69750021238122,2.041466,0.5677046,4.7004056,1.177259665,0.5107480810368895,-0.058441162,1.0603638,4.859009,1.0115445542083334,0.6145934103035201
2024-12-13 04:00:00,0.0,-1.9610965,0.9656478,0.67798674,99437.02,3.4851757e-06,-0.26141357,-2.0975037,2.1859496,153.78427,87.41168,4,4,348,12,0,0.8660254037844386,0.5000000000000001,-2.4492935982947064e-16,1.0,winter,0.0,0.0034851758,67.798676,2024,,0.0,0.0,0.0,28.325922733916666,48.69750021238122,2.1266088,0.5995126,4.299821,1.2422140066666667,0.528669850923323,-0.15991211,0.9651184,4.9543457,0.960699724625,0.6592340435622792
2024-12-13 05:00:00,0.0,-2.0086687,1.1192807,0.67412084,99431.06,3.210633e-06,-0.3652649,-2.188385,2.299465,150.87234,87.48541,5,4,348,12,0,0.9659258262890684,0.2588190451025207,-2.4492935982947064e-16,1.0,winter,0.0,0.0032106328,67.41209,2024,,0.0,0.0,0.0,28.325922733916666,48.69750021238122,2.1859496,0.61989105,3.9623077,1.3083155483333333,0.5437797468072156,-0.26141357,0.87683105,5.026581,0.9095942258749999,0.7048409598147589
2024-12-13 06:00:00,0.0,-2.0088308,1.2718378,0.6669133,99423.15,3.1218208e-06,-0.4762268,-2.3031616,2.377598,147.66113,87.45,6,4,348,12,0,1.0,6.123233995736766e-17,-2.4492935982947064e-16,1.0,winter,0.0,0.0031218207,66.69133,2024,,0.0,0.0,0.0,28.325922733916666,48.69750021238122,2.299465,0.6246284,3.7671437,1.37829779625,0.5591890900898938,-0.3652649,0.8192444,5.0660095,0.8578402279583334,0.7514139379825611
2024-12-13 07:00:00,143.98817,-1.9821564,1.4634352,0.6742237,99416.266,5.996941e-06,-0.5649109,-2.4216003,2.463856,143.56137,87.24904,7,4,348,12,0,0.9659258262890684,-0.2588190451025206,-2.4492935982947064e-16,1.0,winter,0.039996713,0.005996941,67.42237,2024,,0.0,0.041626014,0.04734171,28.325922733916666,48.69750021238122,2.377598,0.5909957,3.6967702,1.45133819625,0.5708297478056613,-0.4762268,0.7803345,5.0702515,0.8038622612916666,0.7993107122463138
2024-12-13 08:00:00,44775.97,-2.002841,1.6457707,0.63097507,99434.68,3.7893224e-06,-0.5065613,-2.3967285,2.5922835,140.58942,87.038864,8,4,348,12,0,0.8660254037844387,-0.4999999999999998,-2.4492935982947064e-16,1.0,winter,12.437769,0.0037893225,63.097507,2024,,0.039996713,11.321462,7.3506713,28.325854846375005,48.697541358038876,2.463856,0.61722606,3.7786252,1.5293740420833333,0.5760934660337546,-0.5649109,0.85702515,5.1219482,0.7478103696249999,0.8467900515030024
2024-12-13 09:00:00,233093.06,-1.9501729,1.8718599,0.6126582,99419.555,4.1586686e-06,-0.11618042,-2.2033691,2.7031524,136.17381,85.820145,9,4,348,12,0,0.7071067811865476,-0.7071067811865475,-2.4492935982947064e-16,1.0,winter,64.74807,0.0041586687,61.26582,2024,,12.437769,51.962643,33.55212,28.37236763804167,48.681124036960675,2.5922835,0.6577092,3.9866223,1.6116681020833334,0.5811739153006465,-0.5065613,1.1374817,5.345978,0.6909942675416666,0.8840685284972417
2024-12-13 10:00:00,445864.3,-1.6539737,2.1469188,0.76208246,99401.57,4.3038694e-06,0.32125854,-2.0014038,2.7101457,127.610435,84.39003,10,4,348,12,0,0.4999999999999999,-0.8660254037844387,-2.4492935982947064e-16,1.0,winter,123.8512,0.0043038693,76.208244,2024,,64.74807,96.056526,65.81484,28.905093763041666,49.01928270200338,2.7031524,0.6228866,3.6509426,1.6968949020833335,0.5851616485401876,-0.11618042,1.4830322,5.6650085,0.638758345875,0.8935266839496079
2024-12-13 11:00:00,600966.9,-1.4827801,2.2116468,0.7726141,99340.15,4.0635127e-06,0.7100525,-1.8638306,2.6627088,123.83953,82.88867,11,4,348,12,0,0.258819045102521,-0.9659258262890682,-2.4492935982947064e-16,1.0,winter,166.93524,0.0040635127,77.26141,2024,,123.8512,132.8208,99.85064,30.063205179708334,50.964493467442246,2.7101457,0.72162855,4.061511,1.78386403125,0.5735921063777893,0.32125854,1.8309631,5.9091797,0.5903511100416666,0.8771182568084748
2024-12-13 12:00:00,643464.4,-1.3861659,2.19111,0.7532476,99269.68,3.2296643e-06,0.93777466,-1.8256531,2.5927627,122.31874,81.76895,12,4,348,12,0,1.2246467991473532e-16,-1.0,-2.4492935982947064e-16,1.0,winter,178.7401,0.0032296644,75.32476,2024,,166.93524,141.48122,106.2726,31.484640179708332,54.320334023838704,2.6627088,0.8116552,4.3983135,1.8647423749999998,0.5538095088331347,0.7100525,2.0100098,6.106598,0.5436465017083333,0.837117119757452
2024-12-13 13:00:00,580131.2,-1.3168172,2.2108965,0.7363084,99194.75,2.5544093e-06,1.031311,-1.8028259,2.5733385,120.77816,81.35691,13,4,348,12,0,-0.2588190451025208,-0.9659258262890684,-2.4492935982947064e-16,1.0,winter,161.14755,0.0025544092,73.63084,2024,,178.7401,123.83335,90.38626,33.03709351304167,58.007926758513136,2.5927627,1.0317185,4.51151,1.9389551874999997,0.5251523321949708,0.93777466,2.0647583,6.2121277,0.49897003754166663,0.7822711824959446
2024-12-13 14:00:00,393813.47,-1.216766,2.1558344,0.7222016,99139.72,1.8467307e-06,0.86987305,-1.8549194,2.4755082,119.44065,81.992874,14,4,348,12,0,-0.4999999999999997,-0.8660254037844388,-2.4492935982947064e-16,1.0,winter,109.39263,0.0018467307,72.22016,2024,,161.14755,87.558975,61.88869,34.591851846375,60.971648558530134,2.5733385,1.2355899,4.4455795,2.003189354166667,0.5031809018737767,1.031311,1.9776917,6.1305847,0.45590973337499996,0.7181498611481051
2024-12-13 15:00:00,145218.08,-1.0790987,2.0368216,0.69031924,99098.29,1.6056689e-06,0.50198364,-1.999176,2.3050153,117.91443,83.307884,15,4,348,12,0,-0.7071067811865471,-0.7071067811865479,-2.4492935982947064e-16,1.0,winter,40.338356,0.0016056689,69.03192,2024,,109.39263,32.88906,23.971409,35.501587471375,61.95132793824374,2.4755082,1.2942481,4.2590303,2.054852616666667,0.484239044711104,0.86987305,1.7275391,5.886566,0.40975062295833337,0.6482891022000018
2024-12-13 16:00:00,7292.405,-0.9807993,2.0821621,0.6630891,99058.67,1.9017098e-06,0.092926025,-2.1698608,2.301601,115.22271,84.73714,16,4,348,12,0,-0.8660254037844384,-0.5000000000000004,-2.4492935982947064e-16,1.0,winter,2.025668,0.0019017097,66.30891,2024,,40.338356,1.8564836,1.6353453,35.811974804708335,61.956330563677966,2.3050153,1.3597947,4.069541,2.096967916666667,0.45848070364891463,0.50198364,1.3998413,5.612335,0.35868581212500006,0.5851706990716458
2024-12-13 17:00:00,0.0,-0.7665128,2.2637072,0.6497538,99021.68,2.2527295e-06,-0.153656,-2.2790222,2.3899608,108.70659,85.5742,17,4,348,12,0,-0.9659258262890684,-0.2588190451025206,-2.4492935982947064e-16,1.0,winter,0.0,0.0022527294,64.97538,2024,,2.025668,0.0,0.0,35.81902415470834,61.95230864946623,2.301601,1.4257448,3.9515388,2.1362098458333336,0.4321934364898996,0.092926025,1.179596,5.394409,0.30423100900000005,0.5433881182676866
2024-12-13 18:00:00,0.0,-0.46865085,2.412191,0.6566445,98977.02,2.5029544e-06,-0.33642578,-2.3835144,2.457295,100.9947,86.05129,18,4,348,12,0,-1.0,-1.8369701987210292e-16,-2.4492935982947064e-16,1.0,winter,0.0,0.0025029543,65.66445,2024,,0.0,0.0,0.0,35.81902415470834,61.95230864946623,2.3899608,1.472086,3.862236,2.1763855125,0.40738229963644074,-0.153656,1.0142212,5.198303,0.24867884233333334,0.5175425414541732
2024-12-13 19:00:00,0.0,-0.10705285,2.4813678,0.6494791,98933.164,6.786383e-06,-0.46087646,-2.4520874,2.483676,92.47036,86.39482,19,4,348,12,0,-0.9659258262890684,0.2588190451025203,-2.4492935982947064e-16,1.0,winter,0.0,0.0067863828,64.94791,2024,,0.0,0.0,0.0,35.81902415470834,61.95230864946623,2.457295,1.516379,3.7277694,2.2174358875,0.3821857568654706,-0.33642578,0.8845215,5.0253296,0.19240188483333331,0.5039340237157756
2024-12-13 20:00:00,0.0,0.2796196,2.4881554,0.64369833,98880.125,4.7148023e-06,-0.56481934,-2.4751587,2.5038178,83.58798,86.903114,20,4,348,12,0,-0.8660254037844386,0.5000000000000001,-2.4492935982947064e-16,1.0,winter,0.0,0.0047148024,64.369835,2024,,0.0,0.0,0.0,35.81902415470834,61.95230864946623,2.483676,1.5563834,3.557468,2.2577399291666667,0.3550832096400213,-0.46087646,0.74246216,4.888977,0.1363436365,0.498395725744179
2024-12-13 21:00:00,0.0,0.6183491,2.4123113,0.65765464,98817.03,4.995336e-06,-0.62991333,-2.4919739,2.4903014,75.622894,87.20793,21,4,348,12,0,-0.7071067811865477,0.7071067811865474,-2.4492935982947064e-16,1.0,winter,0.0,0.004995336,65.765465,2024,,0.0,0.0,0.0,35.81902415470834,61.95230864946623,2.5038178,1.6115012,3.4064865,2.2972163625,0.32512111316900655,-0.56481934,0.59265137,4.7454834,0.08187357400000002,0.5007039842841329
2024-12-13 22:00:00,0.0,0.70967793,2.2200809,0.76590097,98771.47,5.77632e-06,-0.6434021,-2.5092773,2.3307514,72.272835,87.181946,22,4,348,12,0,-0.5000000000000004,0.8660254037844384,-2.4492935982947064e-16,1.0,winter,0.0,0.00577632,76.590096,2024,,0.0,0.0,0.0,35.81902415470834,61.95230864946623,2.4903014,1.6685559,3.0384889,2.3338330375,0.29237288472090245,-0.62991333,0.42697144,4.6079407,0.030933378166666668,0.5086073052431794
2024-12-13 23:00:00,0.0,1.0916502,2.2602565,0.7957583,98714.54,8.332139e-06,-0.63739014,-2.482605,2.5100718,64.22056,87.31609,23,4,348,12,0,-0.2588190451025215,0.965925826289068,-2.4492935982947064e-16,1.0,winter,0.0,0.008332139,79.57583,2024,,0.0,0.0,0.0,35.81902415470834,61.95230864946623,2.3307514,1.8011895,3.0792954,2.3614245166666668,0.2558216650433339,-0.6434021,0.28051758,4.5098267,-0.013665519333333325,0.5191890291041966
2024-12-14 00:00:00,0.0,1.3997078,2.2471898,0.83851385,98638.984,1.0658879e-05,-0.636322,-2.4727478,2.6474597,58.082447,87.37304,0,5,349,12,1,0.0,1.0,-2.4492935982947064e-16,1.0,winter,0.0,0.010658879,83.85139,2024,,0.0,0.0,0.0,35.81902415470834,61.95230864946623,2.5100718,1.8554771,3.231424,2.3909612791666666,0.22770340279625523,-0.63739014,0.17132568,4.419281,-0.051911674333333324,0.5302665026530626
2024-12-14 01:00:00,0.0,1.6768326,2.231091,0.88573444,98554.61,1.2412568e-05,-0.5741577,-2.4086304,2.7909737,53.072388,87.39174,1,5,349,12,1,0.2588190451025207,0.9659258262890684,-2.4492935982947064e-16,1.0,winter,0.0,0.012412569,88.57344,2024,,0.0,0.0,0.0,35.81902415470834,61.95230864946623,2.6474597,1.9502599,3.3663843,2.423960554166667,0.20274599593692288,-0.636322,0.053009033,4.297821,-0.085563661,0.5410023118025888
2024-12-14 02:00:00,0.0,1.9779623,2.1802607,0.9154121,98507.32,1.6043297e-05,-0.5110779,-2.3398132,2.9437852,47.785255,87.43499,2,5,349,12,1,0.4999999999999999,0.8660254037844387,-2.4492935982947064e-16,1.0,winter,0.0,0.016043298,91.541214,2024,,0.0,0.0,0.0,35.81902415470834,61.95230864946623,2.7909737,2.041466,3.544629,2.4589902958333334,0.18954097253530075,-0.5741577,-0.058441162,4.187195,-0.11169560820833334,0.5491041394500683
2024-12-14 03:00:00,0.0,2.2714877,2.1022284,0.9369092,98451.7,2.1493268e-05,-0.42767334,-2.2355652,3.0949993,42.783802,87.57791,3,5,349,12,1,0.7071067811865476,0.7071067811865476,-2.4492935982947064e-16,1.0,winter,0.0,0.021493267,93.69092,2024,,0.0,0.0,0.0,35.81902415470834,61.95230864946623,2.9437852,2.1266088,3.7572792,2.4965869291666665,0.1925874554116268,-0.5110779,-0.15991211,4.050232,-0.13055547229166667,0.5549377833793218
2024-12-14 04:00:00,0.0,2.5075486,2.0147712,0.96821517,98371.664,2.4012434e-05,-0.34243774,-2.1174622,3.2166913,38.781265,87.798965,4,5,349,12,1,0.8660254037844386,0.5000000000000001,-2.4492935982947064e-16,1.0,winter,0.0,0.024012433,96.82152,2024,,0.0,0.0,0.0,35.81902415470834,61.95230864946623,3.0949993,2.1859496,4.0175877,2.5369365333333334,0.21215332024938294,-0.42767334,-0.26141357,3.9649048,-0.14171219020833334,0.5582354411087193
2024-12-14 05:00:00,0.0,2.6743176,1.957218,0.97849435,98323.04,2.3814368e-05,-0.26028442,-2.0025024,3.3140123,36.19879,88.0195,5,5,349,12,1,0.9659258262890684,0.2588190451025207,-2.4492935982947064e-16,1.0,winter,0.0,0.023814367,97.849434,2024,,0.0,0.0,0.0,35.81902415470834,61.95230864946623,3.2166913,2.299465,4.348598,2.5798841041666667,0.24045379046249588,-0.34243774,-0.3652649,3.8979797,-0.14508819729166667,0.5592349341100887
2024-12-14 06:00:00,0.0,2.941243,1.9072455,0.9813742,98285.22,2.5902866e-05,-0.19104004,-1.8982239,3.505495,32.96134,88.25355,6,5,349,12,1,1.0,6.123233995736766e-17,-2.4492935982947064e-16,1.0,winter,0.0,0.025902865,98.13742,2024,,0.0,0.0,0.0,35.81902415470834,61.95230864946623,3.3140123,2.377598,4.6688538,2.6221569083333334,0.2756207348169773,-0.26028442,-0.4762268,3.9231262,-0.140714010625,0.5578467356239438
2024-12-14 07:00:00,94.79379,3.1214135,1.8640921,0.97767603,98257.984,3.902241e-05,-0.099609375,-1.7815857,3.6356652,30.84543,88.425896,7,5,349,12,1,0.9659258262890684,-0.2588190451025206,-2.4492935982947064e-16,1.0,winter,0.02633161,0.03902241,97.7676,2024,,0.0,0.039996713,0.11962224,35.81902415470834,61.95230864946623,3.505495,2.463856,4.9149055,2.6691526166666666,0.3240173749840848,-0.19104004,-0.5649109,3.966919,-0.12883122895833335,0.553408946033984
2024-12-14 08:00:00,30031.846,3.3409047,1.815448,0.96545476,98252.336,3.418214e-05,0.10821533,-1.5618591,3.8023014,28.519663,88.52192,8,5,349,12,1,0.8660254037844387,-0.4999999999999998,-2.4492935982947064e-16,1.0,winter,8.342179,0.03418214,96.54548,2024,,0.02633161,12.437769,12.496175,35.81845477541666,61.95265183927215,3.6356652,2.5922835,5.0359483,2.717978,0.3758753726881612,-0.099609375,-0.5065613,4.219513,-0.10944366541666667,0.5455623739907558
2024-12-14 09:00:00,140185.83,3.5749412,1.7258811,0.96171314,98246.98,4.2862128e-05,0.5108032,-1.2164612,3.9697442,25.769943,88.18726,9,5,349,12,1,0.7071067811865476,-0.7071067811865475,-2.4492935982947064e-16,1.0,winter,38.940506,0.04286213,96.17131,2024,,8.342179,64.74807,44.73564,35.64780519208333,62.025452335432995,3.8023014,2.7031524,5.053869,2.7683954125,0.43481355125228494,0.10821533,-0.11618042,4.7153625,-0.0838279725,0.5405152969421684
2024-12-14 10:00:00,253215.78,3.5248923,1.5408126,0.9859492,98232.766,4.877942e-05,1.0527954,-0.81848145,3.846943,23.61126,87.3136,10,5,349,12,1,0.4999999999999999,-0.8660254037844387,-2.4492935982947064e-16,1.0,winter,70.337715,0.04877942,98.594925,2024,,38.940506,123.8512,74.66048,34.57249002541666,61.721981907048495,3.9697442,2.7101457,4.6687794,2.821170070833333,0.4987193716939775,0.5108032,0.32125854,5.1901855,-0.057703655,0.5538704178442918
2024-12-14 11:00:00,315084.72,3.86981,1.4115859,0.9889423,98191.555,5.0919018e-05,1.4744873,-0.5039673,4.119224,20.040392,86.67525,11,5,349,12,1,0.258819045102521,-0.9659258262890682,-2.4492935982947064e-16,1.0,winter,87.52354,0.05091902,98.89423,2024,,70.337715,166.93524,93.604195,32.34276148375,59.274605193767485,3.846943,2.6627088,4.6069555,2.8685366250000004,0.5399927853612455,1.0527954,0.7100525,5.518463,-0.02722295250000001,0.5942867176221864
2024-12-14 12:00:00,318291.62,4.0937967,1.3175883,0.9816955,98131.47,5.8209727e-05,1.7984009,-0.23858643,4.300606,17.840769,86.33995,12,5,349,12,1,1.2246467991473532e-16,-1.0,-2.4492935982947064e-16,1.0,winter,88.41434,0.05820973,98.16955,2024,,87.52354,178.7401,92.23339,29.033940650416667,53.35567156899865,4.119224,2.5927627,4.5729833,2.9292247583333335,0.5949088866062524,1.4744873,0.93777466,5.69751,0.004628497499999995,0.6530954519711647
2024-12-14 13:00:00,266739.0,4.144264,1.222788,0.9733414,98104.79,6.9625625e-05,2.015564,0.011413574,4.3208957,16.438984,86.56852,13,5,349,12,1,-0.2588190451025208,-0.9659258262890684,-2.4492935982947064e-16,1.0,winter,74.09417,0.06962562,97.33414,2024,,88.41434,161.14755,74.75084,25.27036731708333,44.843295701412025,4.300606,2.5733385,4.547271,3.0003848958333332,0.6522879747670801,1.7984009,1.031311,5.722107,0.04048792416666667,0.7261054691538285
2024-12-14 14:00:00,174751.12,4.235851,1.0810332,0.97255856,98079.0,8.2152736e-05,2.1271362,0.22106934,4.37162,14.316871,87.197464,14,5,349,12,1,-0.4999999999999997,-0.8660254037844388,-2.4492935982947064e-16,1.0,winter,48.54198,0.08215274,97.25586,2024,,74.09417,109.39263,51.23837,21.643143150416666,36.029323628681865,4.3208957,2.4755082,4.498156,3.0731997791666665,0.6984505470241714,2.015564,0.86987305,5.6306458,0.08149846583333333,0.8077101528332249
2024-12-14 15:00:00,60152.76,4.2762094,0.88949305,0.9636833,98093.555,9.265584e-05,2.1766968,0.35943604,4.3677416,11.750516,87.764626,15,5,349,12,1,-0.7071067811865471,-0.7071067811865479,-2.4492935982947064e-16,1.0,winter,16.7091,0.092655845,96.36833,2024,,48.54198,40.338356,19.870222,19.107699400416667,31.433761472753133,4.37162,2.3050153,4.471238,3.1522044375,0.7342260347919101,2.1271362,0.50198364,5.449707,0.13388443041666664,0.8969110567218435
2024-12-14 16:00:00,2540.0383,4.4202323,0.6919093,0.9337244,98116.18,9.929209e-05,2.2003784,0.47409058,4.4740577,8.89645,88.346115,16,5,349,12,1,-0.8660254037844384,-0.5000000000000004,-2.4492935982947064e-16,1.0,winter,0.7055662,0.09929209,93.37244,2024,,16.7091,2.025668,1.3146359,18.123147067083334,31.108239889695454,4.3677416,2.301601,4.438922,3.2381513666666666,0.751275355684327,2.1766968,0.092926025,5.213684,0.20366414541666666,0.987378204852875
2024-12-14 17:00:00,0.0,4.552906,0.532409,0.91934824,98146.164,0.00011386082,2.2547607,0.5927429,4.58393,6.669778,88.76209,17,5,349,12,1,-0.9659258262890684,-0.2588190451025206,-2.4492935982947064e-16,1.0,winter,0.0,0.11386082,91.93482,2024,,0.7055662,0.0,0.0,18.06814282541667,31.1390920447546,4.4740577,2.3899608,4.33418,3.3286703958333335,0.7642907023033073,2.2003784,-0.153656,5.0758667,0.29147466104166664,1.0675573490361907
2024-12-14 18:00:00,0.0,4.676849,0.36978573,0.8895617,98174.96,0.0001293152,2.329956,0.7147217,4.691445,4.5208163,89.06876,18,5,349,12,1,-1.0,-1.8369701987210292e-16,-2.4492935982947064e-16,1.0,winter,0.0,0.1293152,88.95617,2024,,0.0,0.0,0.0,18.06814282541667,31.1390920447546,4.58393,2.457295,4.205386,3.420085779166666,0.7782132494858117,2.2547607,-0.33642578,4.961792,0.39182535687500003,1.134963596882952
2024-12-14 19:00:00,0.0,4.77035,0.23074104,0.86454326,98205.69,0.00011884805,2.4174194,0.83703613,4.775927,2.7692292,89.30017,19,5,349,12,1,-0.9659258262890684,0.2588190451025203,-2.4492935982947064e-16,1.0,winter,0.0,0.118848056,86.45432,2024,,0.0,0.0,0.0,18.06814282541667,31.1390920447546,4.691445,2.483676,4.0007925,3.5131753625,0.791547106727419,2.329956,-0.46087646,4.853485,0.5029245977083333,1.1897577777534776
2024-12-14 20:00:00,0.0,4.823142,0.10330378,0.84920335,98237.19,0.00011919272,2.4892273,0.9393616,4.8242483,1.2269938,89.50258,20,5,349,12,1,-0.8660254037844386,0.5000000000000001,-2.4492935982947064e-16,1.0,winter,0.0,0.11919272,84.920334,2024,,0.0,0.0,0.0,18.06814282541667,31.1390920447546,4.775927,2.5038178,3.7375631,3.6086858208333332,0.8001716046077557,2.4174194,-0.56481934,4.7253723,0.622853591875,1.2326752251388358
2024-12-14 21:00:00,0.0,4.8667135,0.09780133,0.8309143,98259.516,0.000110498644,2.5365906,0.9973755,4.8676963,1.1512593,89.575066,21,5,349,12,1,-0.7071067811865477,0.7071067811865474,-2.4492935982947064e-16,1.0,winter,0.0,0.110498644,83.09143,2024,,0.0,0.0,0.0,18.06814282541667,31.1390920447546,4.8242483,2.4903014,3.4570553,3.705370425,0.8010543220949669,2.4892273,-0.62991333,4.603607,0.7501055352083333,1.2620269979324705
2024-12-14 22:00:00,0.0,4.468604,0.019041322,0.80159634,98286.96,0.00010511211,2.5948792,1.0888367,4.4686446,0.24414353,89.79374,22,5,349,12,1,-0.5000000000000004,0.8660254037844384,-2.4492935982947064e-16,1.0,winter,0.0,0.105112106,80.15964,2024,,0.0,0.0,0.0,18.06814282541667,31.1390920447546,4.8676963,2.3307514,2.9907515,3.8044285458333333,0.7911997783413165,2.5365906,-0.6434021,4.523163,0.8820431989583334,1.2769133127152688
2024-12-14 23:00:00,0.0,4.6064286,0.050590746,0.79124355,98326.97,9.552567e-05,2.645935,1.1101074,4.6067066,0.6292336,89.60567,23,5,349,12,1,-0.2588190451025215,0.965925826289068,-2.4492935982947064e-16,1.0,winter,0.0,0.09552567,79.12436,2024,,0.0,0.0,0.0,18.06814282541667,31.1390920447546,4.4686446,2.5100718,2.8927767,3.8935074291666667,0.736529775961995,2.5948792,-0.63739014,4.3817444,1.0169715864583333,1.2798023407276027
2024-12-15 00:00:00,0.0,4.772702,0.0845848,0.8011905,98346.37,8.9322915e-05,2.6984863,1.107727,4.773452,1.0153252,89.25668,0,6,350,12,1,0.0,1.0,-2.4492935982947064e-16,1.0,winter,0.0,0.08932292,80.11905,2024,,0.0,0.0,0.0,18.06814282541667,31.1390920447546,4.6067066,2.6474597,2.734062,3.9808672125,0.6880516887048572,2.645935,-0.636322,4.230957,1.153776800625,1.2707237889994174
2024-12-15 01:00:00,0.0,4.861351,0.05230537,0.77473396,98368.42,8.08928e-05,2.7635803,1.1190796,4.8616323,0.6164462,88.917854,1,6,350,12,1,0.2588190451025207,0.9659258262890684,-2.4492935982947064e-16,1.0,winter,0.0,0.0808928,77.4734,2024,,0.0,0.0,0.0,18.06814282541667,31.1390920447546,4.773452,2.7909737,2.555213,4.069450225,0.644388356913147,2.6984863,-0.5741577,4.0961304,1.2927271464583334,1.2486043818958685
2024-12-15 02:00:00,0.0,4.906271,0.0011937268,0.78211737,98414.48,8.136435e-05,2.819519,1.1315002,4.906271,0.013940426,88.64488,2,6,350,12,1,0.4999999999999999,0.8660254037844387,-2.4492935982947064e-16,1.0,winter,0.0,0.08136435,78.21174,2024,,0.0,0.0,0.0,18.06814282541667,31.1390920447546,4.8616323,2.9437852,2.3986108,4.1557276666666665,0.6030659075122573,2.7635803,-0.5110779,4.009491,1.4317995631249998,1.2171109669811333
2024-12-15 03:00:00,0.0,4.936164,0.030130526,0.80548507,98450.08,8.179502e-05,2.9010315,1.1748047,4.936256,0.34973118,88.40892,3,6,350,12,1,0.7071067811865476,0.7071067811865476,-2.4492935982947064e-16,1.0,winter,0.0,0.08179502,80.54851,2024,,0.0,0.0,0.0,18.06814282541667,31.1390920447546,4.906271,3.0949993,2.2383807,4.237497908333333,0.563331436037671,2.819519,-0.42767334,3.8955688,1.5705744339583336,1.1751049662814246
2024-12-15 04:00:00,0.0,4.919452,0.08656892,0.81975275,98489.67,7.873628e-05,2.9745789,1.2648621,4.9202137,1.0081451,88.52034,4,6,350,12,1,0.8660254037844386,0.5000000000000001,-2.4492935982947064e-16,1.0,winter,0.0,0.07873628,81.97527,2024,,0.0,0.0,0.0,18.06814282541667,31.1390920447546,4.936256,3.2166913,2.0972297,4.3142169375,0.5250496221354602,2.9010315,-0.34243774,3.7960815,1.7092704689583333,1.1243450722896287
2024-12-15 05:00:00,0.0,4.859846,0.24333733,0.864389,98523.97,7.617905e-05,3.0109558,1.3587646,4.8659344,2.8664627,88.889824,5,6,350,12,1,0.9659258262890684,0.2588190451025207,-2.4492935982947064e-16,1.0,winter,0.0,0.07617905,86.4389,2024,,0.0,0.0,0.0,18.06814282541667,31.1390920447546,4.9202137,3.3140123,2.0670307,4.3851970375,0.48375015075122135,2.9745789,-0.26028442,3.6678162,1.8474794956250002,1.0633938606526576
2024-12-15 06:00:00,0.0,4.846643,0.46876255,0.87291586,98580.734,7.209439e-05,3.0586243,1.4706116,4.8692594,5.524408,89.303986,6,6,350,12,1,1.0,6.123233995736766e-17,-2.4492935982947064e-16,1.0,winter,0.0,0.072094396,87.29159,2024,,0.0,0.0,0.0,18.06814282541667,31.1390920447546,4.8659344,3.505495,2.0894208,4.449860458333334,0.43567268677747495,3.0109558,-0.19104004,3.5718079,1.9837811714583333,0.9884920977646593
2024-12-15 07:00:00,63.81079,4.8734245,0.7157182,0.9161183,98641.74,7.05504e-05,3.1322632,1.598999,4.9256997,8.3548155,89.661,7,6,350,12,1,0.9659258262890684,-0.2588190451025206,-2.4492935982947064e-16,1.0,winter,0.01772522,0.0705504,91.61183,2024,,0.0,0.02633161,0.043570668,18.06814282541667,31.1390920447546,4.8692594,3.6356652,2.1525643,4.506683975,0.39409893562266035,3.0586243,-0.099609375,3.4559937,2.1191838522916666,0.8958627033447876
2024-12-15 08:00:00,25687.178,4.9139814,1.0001012,0.93387395,98712.14,5.961099e-05,3.319458,1.7594299,5.01472,11.503811,89.504395,8,6,350,12,1,0.8660254037844387,-0.4999999999999998,-2.4492935982947064e-16,1.0,winter,7.1353273,0.05961099,93.3874,2024,,0.01772522,8.342179,9.648944,18.067784225833332,31.13930889759761,4.9256997,3.8023014,2.2584028,4.5604354125,0.35629620047945687,3.1322632,0.10821533,3.4876404,2.2538452095833335,0.783725430135825
2024-12-15 09:00:00,138420.4,5.0218573,1.227974,0.94247955,98772.58,5.4165248e-05,3.6777954,1.9930115,5.1698136,13.74067,88.73974,9,6,350,12,1,0.7071067811865476,-0.7071067811865475,-2.4492935982947064e-16,1.0,winter,38.45011,0.054165248,94.247955,2024,,7.1353273,38.940506,44.433697,18.017498738333334,31.156666799007336,5.01472,3.9697442,2.391507,4.6109528541666664,0.3290394199048186,3.319458,0.5108032,3.8530579,2.3876469875,0.6668980988170043
2024-12-15 10:00:00,250972.72,4.9647593,1.4974287,0.93839633,98826.09,5.6390487e-05,4.080963,2.2020874,5.1856656,16.783915,87.555725,10,6,350,12,1,0.4999999999999999,-0.8660254037844387,-2.4492935982947064e-16,1.0,winter,69.714645,0.056390487,93.83963,2024,,38.45011,70.337715,78.262955,17.997065571666667,31.142506062290806,5.1698136,3.846943,2.4465895,4.660955745833333,0.3183728653115923,3.6777954,1.0527954,4.3370667,2.5196049958333333,0.5880458074147721
2024-12-15 11:00:00,322023.97,5.3115582,1.6339444,0.9378232,98842.36,6.0093113e-05,4.4411926,2.37677,5.5571957,17.098972,86.44146,11,6,350,12,1,0.258819045102521,-0.9659258262890682,-2.4492935982947064e-16,1.0,winter,89.4511,0.060093112,93.78232,2024,,69.714645,87.52354,107.51286,17.97110432166667,31.097203139990423,5.1856656,4.119224,2.7964299,4.716735854166667,0.28508877796975624,4.080963,1.4744873,4.6932373,2.645778645833333,0.5844947470684181
2024-12-15 12:00:00,311891.6,5.524688,1.7692678,0.9308391,98830.53,6.6732886e-05,4.733612,2.5541992,5.8010764,17.757538,85.76779,12,6,350,12,1,1.2246467991473532e-16,-1.0,-2.4492935982947064e-16,1.0,winter,86.63655,0.06673288,93.083916,2024,,89.4511,88.41434,115.46048,18.051419321666668,31.286559590613024,5.5571957,4.300606,3.2019827,4.776651341666667,0.30449777764809705,4.4411926,1.7984009,4.9117126,2.769391366666667,0.6373330932748638
2024-12-15 13:00:00,251649.75,5.6689386,1.9308656,0.9427289,98837.98,9.062584e-05,4.902191,2.743225,5.988748,18.80907,85.91032,13,6,350,12,1,-0.2588190451025208,-0.9659258262890684,-2.4492935982947064e-16,1.0,winter,69.90271,0.090625845,94.27289,2024,,86.63655,74.09417,87.95852,17.977344738333333,31.114354654568153,5.8010764,4.3208957,3.5538747,4.839170941666667,0.3527256197613968,4.733612,2.015564,4.982666,2.8916918291666662,0.71926328208588
2024-12-15 14:00:00,150139.45,5.701308,2.0199854,0.9277421,98847.85,0.0001044735,4.9959717,2.9388733,6.0485744,19.509344,86.54277,14,6,350,12,1,-0.4999999999999997,-0.8660254037844388,-2.4492935982947064e-16,1.0,winter,41.705402,0.1044735,92.774216,2024,,69.90271,48.54198,57.492516,17.802700571666666,30.795809973454645,5.988748,4.37162,3.7177198,4.9086647875,0.4063927240416682,4.902191,2.1271362,4.8764343,3.0119679541666664,0.802878707039884
2024-12-15 15:00:00,56509.16,5.7400494,2.1061618,0.92026293,98861.84,0.0001288144,5.0198975,3.1297913,6.1142526,20.149298,87.574295,15,6,350,12,1,-0.7071067811865471,-0.7071067811865479,-2.4492935982947064e-16,1.0,winter,15.696989,0.1288144,92.02629,2024,,41.705402,16.7091,18.982094,17.517843155,30.52958106495417,6.0485744,4.3677416,3.9265418,4.9785378875,0.4516813459270365,4.9959717,2.1766968,4.6264343,3.131502766666667,0.8756747692799925
2024-12-15 16:00:00,3366.315,5.871553,2.152397,0.91848606,98882.945,0.00013046096,5.0413513,3.3251953,6.253635,20.13195,88.659584,16,6,350,12,1,-0.8660254037844384,-0.5000000000000004,-2.4492935982947064e-16,1.0,winter,0.9350875,0.13046096,91.8486,2024,,15.696989,0.7055662,1.0564178,17.475671863333336,30.531445744241427,6.1142526,4.4740577,4.147682,5.051309179166666,0.4882109674920815,5.0198975,2.2003784,4.3186035,3.2499694624999997,0.9314341578194458
2024-12-15 17:00:00,0.0,6.046767,2.1556675,0.9239872,98905.5,0.00013425732,5.1427307,3.504425,6.4195247,19.62111,89.15662,17,6,350,12,1,-0.9659258262890684,-0.2588190451025206,-2.4492935982947064e-16,1.0,winter,0.0,0.13425732,92.39872,2024,,0.9350875,0.0,0.0,17.485235250833334,30.52599990492202,6.253635,4.58393,4.3025255,5.125458233333333,0.5300723066985572,5.0413513,2.2547607,4.1428223,3.3683433333333332,0.971892173037333
2024-12-15 18:00:00,0.0,6.2090225,2.1363335,0.93337613,98929.86,0.00011584218,5.3056946,3.7033386,6.5662684,18.986763,89.396095,18,6,350,12,1,-1.0,-1.8369701987210292e-16,-2.4492935982947064e-16,1.0,winter,0.0,0.11584218,93.337616,2024,,0.0,0.0,0.0,17.485235250833334,30.52599990492202,6.4195247,4.691445,4.4025764,5.201941345833334,0.5787327292669717,5.1427307,2.329956,3.9802551,3.4886754166666667,1.0061999089834908
2024-12-15 19:00:00,0.0,6.332609,2.164075,0.9533453,98944.23,0.00013919345,5.525299,3.9210205,6.6921716,18.8671,89.40171,19,6,350,12,1,-0.9659258262890684,0.2588190451025203,-2.4492935982947064e-16,1.0,winter,0.0,0.13919345,95.33453,2024,,0.0,0.0,0.0,17.485235250833334,30.52599990492202,6.5662684,4.775927,4.4633937,5.2800589875,0.6310016593150798,5.3056946,2.4174194,3.8644714,3.612664525,1.0399842966557125
2024-12-15 20:00:00,0.0,6.471317,2.214291,0.9521059,98957.66,8.8660694e-05,5.7481995,4.127533,6.8396654,18.889412,89.31693,20,6,350,12,1,-0.8660254037844386,0.5000000000000001,-2.4492935982947064e-16,1.0,winter,0.0,0.088660695,95.21059,2024,,0.0,0.0,0.0,17.485235250833334,30.52599990492202,6.6921716,4.8242483,4.539954,5.359902512500001,0.6834905428332583,5.525299,2.4892273,3.7754822,3.7421595083333337,1.0775002000767213
2024-12-15 21:00:00,0.0,6.596272,2.2417219,0.9534241,98978.18,9.493289e-05,5.960083,4.3117065,6.966787,18.770163,89.16088,21,6,350,12,1,-0.7071067811865477,0.7071067811865474,-2.4492935982947064e-16,1.0,winter,0.0,0.09493289,95.34241,2024,,0.0,0.0,0.0,17.485235250833334,30.52599990492202,6.8396654,4.8676963,4.6220326,5.443878225,0.7365663903538223,5.7481995,2.5365906,3.6918335,3.8779500166666665,1.117352723582046
2024-12-15 22:00:00,0.0,6.2815385,2.403607,0.97382444,98989.89,7.931074e-05,6.1658325,4.5302124,6.725701,20.93916,89.2574,22,6,350,12,1,-0.5000000000000004,0.8660254037844384,-2.4492935982947064e-16,1.0,winter,0.0,0.07931074,97.38245,2024,,0.0,0.0,0.0,17.485235250833334,30.52599990492202,6.966787,4.4686446,4.564506,5.5313403375000005,0.788004240484563,5.960083,2.5948792,3.631775,4.020595533333333,1.1565063645385805
2024-12-15 23:00:00,0.0,6.553406,2.3155339,0.98007125,99003.93,6.876041e-05,6.3527527,4.696533,6.950455,19.45999,89.144264,23,6,350,12,1,-0.2588190451025215,0.965925826289068,-2.4492935982947064e-16,1.0,winter,0.0,0.06876041,98.007126,2024,,0.0,0.0,0.0,17.485235250833334,30.52599990492202,6.725701,4.6067066,4.7731757,5.625384354166666,0.7903432996909208,6.1658325,2.645935,3.5674438,4.169385254166667,1.1942018213639882
2024-12-16 00:00:00,0.0,6.7351155,2.2146637,0.9791181,98994.16,6.22891e-05,6.524231,4.860199,7.0898886,18.202076,89.10978,0,0,351,12,0,0.0,1.0,-2.4492935982947064e-16,1.0,winter,0.0,0.062289104,97.91181,2024,,0.0,0.0,0.0,17.485235250833334,30.52599990492202,6.950455,4.773452,4.999419,5.7230405375,0.8036872782370893,6.3527527,2.6984863,3.5024414,4.323835991666667,1.2278363042802076
2024-12-16 01:00:00,0.0,6.8534245,2.056229,0.99152696,98999.695,6.111022e-05,6.706482,5.0160217,7.1552434,16.70079,88.96088,1,0,351,12,0,0.2588190451025207,0.9659258262890684,-2.4492935982947064e-16,1.0,winter,0.0,0.06111022,99.152695,2024,,0.0,0.0,0.0,17.485235250833334,30.52599990492202,7.0898886,4.8616323,5.1475363,5.819558729166666,0.8235390624897505,6.524231,2.7635803,3.4472046,4.483242020833333,1.2556743480793808
2024-12-16 02:00:00,0.0,6.8978305,1.9226428,0.9924297,99014.58,7.0380884e-05,6.8992615,5.155426,7.16077,15.574828,88.64714,2,0,351,12,0,0.4999999999999999,0.8660254037844387,-2.4492935982947064e-16,1.0,winter,0.0,0.07038088,99.242966,2024,,0.0,0.0,0.0,17.485235250833334,30.52599990492202,7.1552434,4.906271,5.2188725,5.915125858333333,0.8404506601461129,6.706482,2.819519,3.4017334,4.647529591666666,1.2786253726477679
2024-12-16 03:00:00,0.0,6.9331923,1.827291,0.9917338,99029.29,6.7236506e-05,7.046112,5.290924,7.1699476,14.764944,88.58976,3,0,351,12,0,0.7071067811865476,0.7071067811865476,-2.4492935982947064e-16,1.0,winter,0.0,0.067236505,99.17338,2024,,0.0,0.0,0.0,17.485235250833334,30.52599990492202,7.16077,4.936256,5.299267,6.0090633166666665,0.8487401782957771,6.8992615,2.9010315,3.3284302,4.8175188625,1.2961056521165166
2024-12-16 04:00:00,0.0,6.9601603,1.7532101,0.9917561,99017.37,6.495664e-05,7.1575623,5.4068604,7.1775746,14.138235,88.62695,4,0,351,12,0,0.8660254037844386,0.5000000000000001,-2.4492935982947064e-16,1.0,winter,0.0,0.06495664,99.175606,2024,,0.0,0.0,0.0,17.485235250833334,30.52599990492202,7.1699476,4.9202137,5.3697653,6.1021338,0.8484544388269579,7.046112,2.9745789,3.2574463,4.99023055,1.3057609230408305
2024-12-16 05:00:00,0.0,6.9204097,1.68093,0.994772,99049.35,5.5730034e-05,7.232483,5.491852,7.1216288,13.652445,88.69534,5,0,351,12,0,0.9659258262890684,0.2588190451025207,-2.4492935982947064e-16,1.0,winter,0.0,0.055730034,99.4772,2024,,0.0,0.0,0.0,17.485235250833334,30.52599990492202,7.1775746,4.8659344,5.4710817,6.196190504166668,0.836775419581177,7.1575623,3.0109558,3.2056885,5.1645215250000005,1.3041853297957378
2024-12-16 06:00:00,0.0,6.8562336,1.5821977,0.98923653,99082.41,5.4181106e-05,7.3002014,5.590271,7.0364256,12.994536,88.890175,6,0,351,12,0,1.0,6.123233995736766e-17,-2.4492935982947064e-16,1.0,winter,0.0,0.054181106,98.92365,2024,,0.0,0.0,0.0,17.485235250833334,30.52599990492202,7.1216288,4.8692594,5.503115,6.290177770833334,0.8070151539545302,7.232483,3.0586243,3.1843872,5.340418491666667,1.285652450051963
2024-12-16 07:00:00,47.160385,6.7819257,1.522468,0.9894061,99127.87,7.201968e-05,7.3568115,5.6721497,6.950714,12.652514,89.050735,7,0,351,12,0,0.9659258262890684,-0.2588190451025206,-2.4492935982947064e-16,1.0,winter,0.013100107,0.072019674,98.94061,2024,,0.0,0.01772522,0.05037694,17.485235250833334,30.52599990492202,7.0364256,4.9256997,5.518165,6.3804763625000005,0.761048313057565,7.3002014,3.1322632,3.138733,5.517150870833333,1.2493701267968038
2024-12-16 08:00:00,12819.016,6.7212906,1.468289,0.9829613,99174.2,6.2141786e-05,7.4431458,5.7854004,6.879798,12.32287,89.224014,8,0,351,12,0,0.8660254037844387,-0.4999999999999998,-2.4492935982947064e-16,1.0,winter,3.5608377,0.062141787,98.29613,2024,,0.013100107,7.1353273,7.274751,17.485042537791667,30.526114987582616,6.950714,5.01472,5.6075206,6.464851958333333,0.7027711711785394,7.3568115,3.319458,3.1545715,5.693173716666666,1.1951775642089608
2024-12-16 09:00:00,73319.83,6.661144,1.425124,0.97844094,99238.28,5.8814498e-05,7.687958,5.9426575,6.8118877,12.0761385,88.70541,9,0,351,12,0,0.7071067811865476,-0.7071067811865475,-2.4492935982947064e-16,1.0,winter,20.36662,0.058814496,97.84409,2024,,3.5608377,38.45011,31.504076,17.336105471125,30.58746511824258,6.879798,5.1698136,5.779305,6.542563541666667,0.6353283195874991,7.4431458,3.6777954,3.2352295,5.864994041666666,1.1339365644522672
2024-12-16 10:00:00,149209.64,6.163516,1.5152764,0.9633959,99267.54,5.7493944e-05,8.006622,6.1009216,6.347046,13.812024,87.755516,10,0,351,12,0,0.4999999999999999,-0.8660254037844387,-2.4492935982947064e-16,1.0,winter,41.44712,0.057493944,96.33959,2024,,20.36662,69.714645,62.291416,16.582626721125,30.265776927728073,6.8118877,5.1856656,5.4095693,6.610983295833333,0.5656666128321081,7.687958,4.080963,3.3470154,6.03208415,1.0923246099917379
2024-12-16 11:00:00,207741.64,6.1778507,1.600064,0.94619936,99257.4,4.8926384e-05,8.261536,6.199005,6.381696,14.520541,86.83453,11,0,351,12,0,0.258819045102521,-0.9659258262890682,-2.4492935982947064e-16,1.0,winter,57.706013,0.048926383,94.619934,2024,,41.44712,89.4511,85.272224,15.404813179458332,28.61311238316786,6.347046,5.5571957,5.724256,6.659374145833333,0.48190936661073674,8.006622,4.4411926,3.447754,6.195653274999999,1.0813194356510722
2024-12-16 12:00:00,232009.89,6.1716337,1.6848437,0.9349664,99235.31,4.890171e-05,8.469879,6.264282,6.397481,15.269555,86.002525,12,0,351,12,0,1.2246467991473532e-16,-1.0,-2.4492935982947064e-16,1.0,winter,64.44719,0.04890171,93.496635,2024,,57.706013,86.63655,88.998116,14.082101221124999,25.61833914613391,6.381696,5.8010764,5.8061733,6.6937283249999995,0.42607538935944306,8.261536,4.733612,3.4971008,6.35483425,1.0929497937905372
2024-12-16 13:00:00,192325.39,6.1291733,1.7476304,0.907404,99214.41,4.501371e-05,8.543884,6.2615967,6.373459,15.914606,85.55654,13,0,351,12,0,-0.2588190451025208,-0.9659258262890684,-2.4492935982947064e-16,1.0,winter,53.42372,0.045013707,90.7404,2024,,64.44719,69.90271,75.56277,13.157544554458333,23.169378895548686,6.397481,5.988748,5.8292108,6.718578516666667,0.38738474922013677,8.469879,4.902191,3.4839172,6.510512041666666,1.1177967790946701
2024-12-16 14:00:00,143665.86,6.0750656,1.7975228,0.90548456,99188.58,4.004551e-05,8.486359,6.156708,6.335417,16.482714,85.271225,14,0,351,12,0,-0.4999999999999997,-0.8660254037844388,-2.4492935982947064e-16,1.0,winter,39.907185,0.04004551,90.548454,2024,,53.42372,41.705402,53.284798,12.470919971125,21.606056847311912,6.373459,6.0485744,5.663975,6.734608141666666,0.3630683152278493,8.543884,4.9959717,3.4344788,6.662249250000001,1.1369892799693166
2024-12-16 15:00:00,55955.203,5.953612,1.8581593,0.89805967,99171.13,3.933008e-05,8.218658,6.0098877,6.236846,17.333467,85.95765,15,0,351,12,0,-0.7071067811865471,-0.7071067811865479,-2.4492935982947064e-16,1.0,winter,15.543112,0.03933008,89.80597,2024,,39.907185,15.696989,20.653915,12.395994262791667,21.503142231259563,6.335417,6.1142526,5.488984,6.7465599166666665,0.34370809339367875,8.486359,5.0198975,3.327118,6.8076820541666665,1.1378164637155108
2024-12-16 16:00:00,3365.369,5.91919,1.899829,0.87460536,99161.15,3.8946284e-05,7.8838806,5.8375854,6.2166038,17.794601,86.89512,16,0,351,12,0,-0.8660254037844384,-0.5000000000000004,-2.4492935982947064e-16,1.0,winter,0.9348247,0.038946282,87.46053,2024,,15.543112,0.9350875,1.4064548,12.389582721125,21.50213810502785,6.236846,6.253635,5.4364023,6.751667975,0.3346952117436104,8.218658,5.0413513,3.2289429,6.940963741666667,1.1062028339757422
2024-12-16 17:00:00,0.0,5.983776,1.9007299,0.85250854,99155.85,3.7540794e-05,7.587677,5.6210327,6.2784033,17.622307,87.34734,17,0,351,12,0,-0.9659258262890684,-0.2588190451025206,-2.4492935982947064e-16,1.0,winter,0.0,0.037540793,85.250854,2024,,0.9348247,0.0,0.0,12.389571771125,21.502144191933166,6.2166038,6.4195247,5.4111,6.750125008333334,0.33716722975325625,7.8838806,5.1427307,3.1803284,7.0594024625000005,1.0444188641366299
2024-12-16 18:00:00,0.0,6.053133,1.814111,0.8459585,99147.766,4.0055733e-05,7.41156,5.465454,6.3191314,16.683361,87.45529,18,0,351,12,0,-1.0,-1.8369701987210292e-16,-2.4492935982947064e-16,1.0,winter,0.0,0.040055733,84.59585,2024,,0.0,0.0,0.0,12.389571771125,21.502144191933166,6.2784033,6.5662684,5.398595,6.74424495,0.3443377413697257,7.587677,5.3056946,3.1533813,7.161275225,0.965604507091319
2024-12-16 19:00:00,0.0,6.064111,1.6869289,0.83704215,99135.65,5.046509e-05,7.2695007,5.3053284,6.2943764,15.5456295,87.33224,19,0,351,12,0,-0.9659258262890684,0.2588190451025203,-2.4492935982947064e-16,1.0,winter,0.0,0.05046509,83.704216,2024,,0.0,0.0,0.0,12.389571771125,21.502144191933166,6.3191314,6.6921716,5.320687,6.733947574999999,0.35346582509334945,7.41156,5.525299,3.1052551,7.249019616666666,0.8816906341232732
2024-12-16 20:00:00,0.0,6.129758,1.5433271,0.8263727,99113.92,3.405597e-05,7.142029,5.144226,6.321059,14.131984,87.11604,20,0,351,12,0,-0.8660254037844386,0.5000000000000001,-2.4492935982947064e-16,1.0,winter,0.0,0.03405597,82.63727,2024,,0.0,0.0,0.0,12.389571771125,21.502144191933166,6.2943764,6.8396654,5.262698,6.717372775,0.36465947597533416,7.2695007,5.7481995,3.0922546,7.3216946875,0.8016870618258514
2024-12-16 21:00:00,0.0,6.1327,1.3678261,0.83457386,99115.49,2.4926636e-05,7.008972,4.9862366,6.283387,12.573349,86.952034,21,0,351,12,0,-0.7071067811865477,0.7071067811865474,-2.4492935982947064e-16,1.0,winter,0.0,0.024926636,83.45739,2024,,0.0,0.0,0.0,12.389571771125,21.502144191933166,6.321059,6.966787,5.174972,6.695764175,0.37238146830193575,7.142029,5.960083,3.07547,7.379770916666666,0.7300266114862474
2024-12-16 22:00:00,0.0,5.6528916,1.3532438,0.8404569,99104.42,1.6594497e-05,6.938965,4.899597,5.8126116,13.462663,86.84443,22,0,351,12,0,-0.5000000000000004,0.8660254037844384,-2.4492935982947064e-16,1.0,winter,0.0,0.016594497,84.04569,2024,,0.0,0.0,0.0,12.389571771125,21.502144191933166,6.283387,6.725701,4.70415,6.667289175,0.3768579931075531,7.008972,6.1658325,3.0291443,7.423474625,0.6702929712135095
2024-12-16 23:00:00,0.0,5.6618986,1.3120805,0.84230626,99099.17,1.4502123e-05,6.8624573,4.7929688,5.81194,13.047338,86.654594,23,0,351,12,0,-0.2588190451025215,0.965925826289068,-2.4492935982947064e-16,1.0,winter,0.0,0.014502123,84.23063,2024,,0.0,0.0,0.0,12.389571771125,21.502144191933166,5.8126116,6.950455,4.8298845,6.629243783333333,0.4148770248570024,6.938965,6.3527527,3.0132751,7.4556884791666675,0.624218176444224
2024-12-17 00:00:00,0.0,5.6466074,1.1863178,0.8485673,99057.234,1.58988e-05,6.81485,4.6974487,5.769881,11.864932,86.36042,0,1,352,12,0,0.0,1.0,-2.4492935982947064e-16,1.0,winter,0.0,0.015898801,84.85673,2024,,0.0,0.0,0.0,12.389571771125,21.502144191933166,5.81194,7.0898886,4.8381877,6.581805658333334,0.44083061737749024,6.8624573,6.524231,2.9655457,7.476926170833334,0.5929492456214999
2024-12-17 01:00:00,0.0,5.6004395,1.0650369,0.85378385,99057.57,1.7039263e-05,6.73645,4.6247864,5.700809,10.767381,86.387085,1,1,352,12,0,0.2588190451025207,0.9659258262890684,-2.4492935982947064e-16,1.0,winter,0.0,0.017039264,85.37839,2024,,0.0,0.0,0.0,12.389571771125,21.502144191933166,5.769881,7.1552434,4.860917,6.526805341666667,0.45674177383398,6.81485,6.706482,2.9261475,7.489035295833333,0.5753539631494022
2024-12-17 02:00:00,0.0,5.5180683,0.9577489,0.8596608,99061.555,1.8883527e-05,6.6355286,4.5529785,5.600568,9.846503,86.55288,2,1,352,12,0,0.4999999999999999,0.8660254037844387,-2.4492935982947064e-16,1.0,winter,0.0,0.018883528,85.96608,2024,,0.0,0.0,0.0,12.389571771125,21.502144191933166,5.700809,7.16077,4.8427367,6.466203908333334,0.4661262591201453,6.73645,6.8992615,2.897705,7.4902839625,0.5736116605453233
2024-12-17 03:00:00,0.0,5.4569693,0.88210744,0.83130497,99060.81,2.2385972e-05,6.550354,4.5390625,5.527805,9.182312,86.97683,3,1,352,12,0,0.7071067811865476,0.7071067811865476,-2.4492935982947064e-16,1.0,winter,0.0,0.022385972,83.13049,2024,,0.0,0.0,0.0,12.389571771125,21.502144191933166,5.600568,7.1699476,4.783693,6.401195491666667,0.4737809099955834,6.6355286,7.046112,2.8328857,7.479295091666668,0.5877776422727695
2024-12-17 04:00:00,0.0,5.3392744,0.80362993,0.83486474,99057.23,2.8123524e-05,6.4808044,4.5210266,5.399414,8.559506,87.28404,4,1,352,12,0,0.8660254037844386,0.5000000000000001,-2.4492935982947064e-16,1.0,winter,0.0,0.028123524,83.48647,2024,,0.0,0.0,0.0,12.389571771125,21.502144191933166,5.527805,7.1775746,4.714277,6.332772883333333,0.47650190621786953,6.550354,7.1575623,2.7745056,7.458638508333333,0.6118802845336312
2024-12-17 05:00:00,0.0,5.12181,0.82196933,0.81164974,99079.586,3.0462952e-05,6.3885193,4.4991455,5.1873474,9.117322,87.706276,5,1,352,12,0,0.9659258262890684,0.2588190451025207,-2.4492935982947064e-16,1.0,winter,0.0,0.030462952,81.16497,2024,,0.0,0.0,0.0,12.389571771125,21.502144191933166,5.399414,7.1216288,4.600953,6.258682858333334,0.47767409454470044,6.4808044,7.232483,2.709961,7.4304402624999994,0.6412478112305346
2024-12-17 06:00:00,0.0,4.9305596,0.850447,0.82890886,99075.91,3.0806572e-05,6.3043213,4.463806,5.003367,9.786362,87.99892,6,1,352,12,0,1.0,6.123233995736766e-17,-2.4492935982947064e-16,1.0,winter,0.0,0.030806571,82.890884,2024,,0.0,0.0,0.0,12.389571771125,21.502144191933166,5.1873474,7.0364256,4.496258,6.178087799999999,0.48879438539953324,6.3885193,7.3002014,2.6564636,7.395275108333333,0.6748367105256408
2024-12-17 07:00:00,53.356983,4.7483134,0.852451,0.8542872,99099.32,3.435025e-05,6.2237244,4.4394836,4.824226,10.177728,88.33894,7,1,352,12,0,0.9659258262890684,-0.2588190451025206,-2.4492935982947064e-16,1.0,winter,0.014821384,0.03435025,85.42872,2024,,0.0,0.013100107,0.046553336,12.389571771125,21.502144191933166,5.003367,6.950714,4.3909554,6.093377025,0.5093116448772365,6.3043213,7.3568115,2.6027222,7.353780104166667,0.7106066798129761
2024-12-17 08:00:00,22904.951,4.6245008,0.8344194,0.8703052,99138.41,2.0148043e-05,6.2068176,4.44751,4.699177,10.228085,88.49177,8,1,352,12,0,0.8660254037844387,-0.4999999999999998,-2.4492935982947064e-16,1.0,winter,6.3624864,0.020148043,87.03052,2024,,0.014821384,3.5608377,8.421306,12.389643491000001,21.502101118498476,4.824226,6.879798,4.3837233,6.004773358333334,0.5378485760964883,6.2237244,7.4431458,2.637848,7.306568141666666,0.7471000185518433
2024-12-17 09:00:00,130770.49,4.542677,0.8063378,0.8984445,99157.61,1.4834111e-05,6.5358276,4.6407166,4.6136856,10.065324,87.68472,9,1,352,12,0,0.7071067811865476,-0.7071067811865475,-2.4492935982947064e-16,1.0,winter,36.325138,0.014834112,89.844444,2024,,6.3624864,20.36662,39.156796,12.506378853500001,21.459648551724122,4.699177,6.8118877,4.4639053,5.913914149999999,0.5670000888828138,6.2068176,7.687958,2.7780762,7.255054466666667,0.779206788862439
2024-12-17 10:00:00,260515.38,3.940089,1.035192,0.8829732,99159.41,1.1317217e-05,6.9933777,4.856903,4.0738096,14.720801,86.2637,10,1,352,12,0,0.4999999999999999,-0.8660254037844387,-2.4492935982947064e-16,1.0,winter,72.36538,0.011317218,88.29732,2024,,36.325138,41.44712,73.09059,13.171317103500002,21.955308692023575,4.6136856,6.347046,4.451655,5.822322395833333,0.5926047849967974,6.5358276,8.006622,2.9465332,7.207049033333334,0.7868298350112122
2024-12-17 11:00:00,328858.22,4.048194,1.1175554,0.8811026,99143.336,1.2023133e-05,7.3407288,4.95755,4.19962,15.432843,84.82932,11,1,352,12,0,0.258819045102521,-0.9659258262890682,-2.4492935982947064e-16,1.0,winter,91.3495,0.012023133,88.11026,2024,,72.36538,57.706013,99.236885,14.459577936833334,24.45173027031996,4.0738096,6.381696,4.5168533,5.7276042125,0.6802747281334938,6.9933777,8.261536,3.0572205,7.164830520833334,0.7690448111437674
2024-12-17 12:00:00,346576.75,3.9751594,1.1388911,0.8771785,99106.164,1.2613101e-05,7.505829,4.9703674,4.1350894,15.987113,83.95259,12,1,352,12,0,1.2246467991473532e-16,-1.0,-2.4492935982947064e-16,1.0,winter,96.27132,0.012613101,87.71785,2024,,91.3495,64.44719,101.427536,15.861389895166667,27.77710014812587,4.19962,6.397481,4.428227,5.636684379166667,0.7328414305287518,7.3407288,8.469879,3.1037598,7.1264635541666665,0.7341287919531024
2024-12-17 13:00:00,326610.88,3.7622778,1.2004855,0.8912378,99075.586,1.0502048e-05,7.520111,4.9331665,3.9491644,17.69709,83.65357,13,1,352,12,0,-0.2588190451025208,-0.9659258262890684,-2.4492935982947064e-16,1.0,winter,90.72524,0.010502048,89.12378,2024,,96.27132,53.42372,81.31989,17.187395311833335,30.79315681288954,4.1350894,6.373459,4.331882,5.5424180625,0.7750178004431021,7.505829,8.543884,3.0690002,7.086294804166667,0.6819462337267373
2024-12-17 14:00:00,220159.58,3.367262,1.3152225,0.91352516,99061.84,7.341107e-06,7.326477,4.8433533,3.615005,21.335173,84.23858,14,1,352,12,0,-0.4999999999999997,-0.8660254037844388,-2.4492935982947064e-16,1.0,winter,61.155437,0.007341107,91.352516,2024,,90.72524,39.907185,53.22873,18.74162531183333,33.522084792111315,3.9491644,6.335417,4.1066284,5.4414057875,0.8187465041023742,7.520111,8.486359,2.974762,7.043637595833332,0.6155988332606339
2024-12-17 15:00:00,87141.8,2.939317,1.4816841,0.92577964,99056.42,5.33825e-06,6.8953247,4.6977844,3.291652,26.752275,85.88665,15,1,352,12,0,-0.7071067811865471,-0.7071067811865479,-2.4492935982947064e-16,1.0,winter,24.206055,0.00533825,92.577965,2024,,61.155437,15.543112,19.419771,19.626969145166665,34.37512521953285,3.615005,6.236846,3.8534112,5.328055287500001,0.8759114011587058,7.326477,8.218658,2.8277283,6.995309179166667,0.538056973656118
2024-12-17 16:00:00,5641.177,2.6732662,1.7384632,0.94680244,99028.46,5.9750905e-06,6.453766,4.4842834,3.1888251,33.036526,87.22224,16,1,352,12,0,-0.8660254037844384,-0.5000000000000004,-2.4492935982947064e-16,1.0,winter,1.5669936,0.0059750904,94.680244,2024,,24.206055,0.9348247,1.0727371,19.9879251035,34.37586082775942,3.291652,6.2166038,3.7191992,5.205338870833334,0.946519761106142,6.8953247,7.8838806,2.704834,6.940170291666667,0.47084888609662306
2024-12-17 17:00:00,0.0,2.5054622,2.0250933,0.9575022,99003.03,1.0038955e-05,6.1752014,4.30838,3.2215436,38.947617,87.82521,17,1,352,12,0,-0.9659258262890684,-0.2588190451025206,-2.4492935982947064e-16,1.0,winter,0.0,0.010038955,95.75022,2024,,1.5669936,0.0,0.0,20.014265474333335,34.36086563598419,3.1888251,6.2784033,3.5891645,5.079181425,1.0057959500346236,6.453766,7.587677,2.5940247,6.880582183333334,0.43538347198388966
2024-12-17 18:00:00,0.0,2.329557,2.2847047,0.9610654,98966.12,9.686878e-06,5.9508057,4.111725,3.26293,44.44308,87.97575,18,1,352,12,0,-1.0,-1.8369701987210292e-16,-2.4492935982947064e-16,1.0,winter,0.0,0.009686878,96.106544,2024,,0.0,0.0,0.0,20.014265474333335,34.36086563598419,3.2215436,6.3191314,3.4126885,4.951812270833333,1.0402909687122053,6.1752014,7.41156,2.4588013,6.821729033333334,0.4310907292753297
2024-12-17 19:00:00,0.0,2.1470313,2.5315976,0.9715339,98930.67,6.472016e-05,5.75943,3.9322815,3.3194473,49.69894,88.03214,19,1,352,12,0,-0.9659258262890684,0.2588190451025203,-2.4492935982947064e-16,1.0,winter,0.0,0.06472016,97.15339,2024,,0.0,0.0,0.0,20.014265474333335,34.36086563598419,3.26293,6.2943764,3.2069125,4.824470545833333,1.052622019281678,5.9508057,7.2695007,2.3294067,6.760864270833333,0.44701913234549884
2024-12-17 20:00:00,0.0,2.016875,2.8024933,0.95058966,98878.23,2.223055e-05,5.586853,3.751068,3.4527893,54.258503,87.96307,20,1,352,12,0,-0.8660254037844386,0.5000000000000001,-2.4492935982947064e-16,1.0,winter,0.0,0.02223055,95.05897,2024,,0.0,0.0,0.0,20.014265474333335,34.36086563598419,3.3194473,6.321059,2.9944553,4.7005151666666665,1.0471496496548713,5.75943,7.142029,2.225525,6.697944658333333,0.4775456693906951
2024-12-17 21:00:00,0.0,1.877237,3.0307941,0.9408804,98817.664,2.4880115e-05,5.429474,3.599945,3.5650709,58.226433,87.98752,21,1,352,12,0,-0.7071067811865477,0.7071067811865474,-2.4492935982947064e-16,1.0,winter,0.0,0.024880115,94.08804,2024,,0.0,0.0,0.0,20.014265474333335,34.36086563598419,3.4527893,6.283387,2.7236733,4.581003929166666,1.0174110793968336,5.586853,7.008972,2.1199646,6.6331456583333335,0.5184293523299077
2024-12-17 22:00:00,0.0,1.3776402,3.2238824,0.9390581,98760.766,1.8692863e-05,5.326111,3.467926,3.5058966,66.86185,87.80048,22,1,352,12,0,-0.5000000000000004,0.8660254037844384,-2.4492935982947064e-16,1.0,winter,0.0,0.018692862,93.905815,2024,,0.0,0.0,0.0,20.014265474333335,34.36086563598419,3.5650709,5.8126116,2.2697299,4.467740758333334,0.9698500265528578,5.429474,6.938965,1.9874878,6.567333241666667,0.5666574875568574
2024-12-17 23:00:00,0.0,1.4486078,3.5358672,0.89012676,98695.69,1.628295e-05,5.1698303,3.306366,3.821102,67.721596,87.75336,23,1,352,12,0,-0.2588190451025215,0.965925826289068,-2.4492935982947064e-16,1.0,winter,0.0,0.01628295,89.01268,2024,,0.0,0.0,0.0,20.014265474333335,34.36086563598419,3.5058966,5.81194,2.126032,4.3716276333333335,0.9447513986120234,5.326111,6.8624573,1.9038391,6.500130991666666,0.6143024096089057
2024-12-18 00:00:00,0.0,1.5084006,3.7962034,0.8625464,98620.43,1.18987255e-05,5.056122,3.1982727,4.084903,68.32987,87.77766,0,2,353,12,0,0.0,1.0,-2.4492935982947064e-16,1.0,winter,0.0,0.011898725,86.25464,2024,,0.0,0.0,0.0,20.014265474333335,34.36086563598419,3.821102,5.769881,2.0473368,4.28867605,0.8990866214072237,5.1698303,6.81485,1.8036804,6.429604866666666,0.6658925528137818
2024-12-18 01:00:00,0.0,1.6580995,3.9346108,0.8356479,98561.24,1.8169858e-05,4.9739685,3.0723877,4.269714,67.148766,87.49889,1,2,353,12,0,0.2588190451025207,0.9659258262890684,-2.4492935982947064e-16,1.0,winter,0.0,0.018169858,83.56479,2024,,0.0,0.0,0.0,20.014265474333335,34.36086563598419,4.084903,5.700809,2.050921,4.218468633333333,0.8423946899408148,5.056122,6.73645,1.7008667,6.356324533333333,0.7165029115423835
2024-12-18 02:00:00,0.0,1.7275349,4.0333304,0.8276483,98493.164,2.2150196e-05,4.9549255,2.984436,4.387725,66.81383,87.07124,2,2,353,12,0,0.4999999999999999,0.8660254037844387,-2.4492935982947064e-16,1.0,winter,0.0,0.022150196,82.76483,2024,,0.0,0.0,0.0,20.014265474333335,34.36086563598419,4.269714,5.600568,2.030845,4.158839675,0.7813427999718431,4.9739685,6.6355286,1.6203003,6.282887804166666,0.7645584024561717
2024-12-18 03:00:00,0.0,1.8595738,4.1752357,0.8161939,98429.35,1.677635e-05,4.953888,2.888153,4.570625,65.992676,86.48558,3,2,353,12,0,0.7071067811865476,0.7071067811865476,-2.4492935982947064e-16,1.0,winter,0.0,0.01677635,81.619385,2024,,0.0,0.0,0.0,20.014265474333335,34.36086563598419,4.387725,5.527805,1.9482746,4.10830455,0.7209274790411652,4.9549255,6.550354,1.5392151,6.212862674999999,0.8066593367729806
2024-12-18 04:00:00,0.0,1.9699,4.304746,0.8284844,98349.67,3.0180656e-05,4.968872,2.8049316,4.734062,65.41064,85.887024,4,2,353,12,0,0.8660254037844386,0.5000000000000001,-2.4492935982947064e-16,1.0,winter,0.0,0.030180655,82.84844,2024,,0.0,0.0,0.0,20.014265474333335,34.36086563598419,4.570625,5.399414,1.909443,4.06842205,0.6631453978686629,4.953888,6.4808044,1.4717102,6.146343258333332,0.8426408905459142
2024-12-18 05:00:00,0.0,2.051264,4.459882,0.8251004,98279.914,4.401457e-05,5.0644836,2.756958,4.9089947,65.30055,85.027,5,2,353,12,0,0.9659258262890684,0.2588190451025207,-2.4492935982947064e-16,1.0,winter,0.0,0.04401457,82.51004,2024,,0.0,0.0,0.0,20.014265474333335,34.36086563598419,4.734062,5.1873474,1.8815063,4.04069905,0.6174144281143278,4.968872,6.3885193,1.3977356,6.083346075000001,0.8725358157837328
2024-12-18 06:00:00,0.0,2.2345734,4.576242,0.84690905,98213.664,5.9532045e-05,5.2189636,2.7478638,5.092672,63.973797,84.06349,6,2,353,12,0,1.0,6.123233995736766e-17,-2.4492935982947064e-16,1.0,winter,0.0,0.059532046,84.6909,2024,,0.0,0.0,0.0,20.014265474333335,34.36086563598419,4.9089947,5.003367,1.8206615,4.029101020833333,0.5972225498641716,5.0644836,6.3043213,1.3869019,6.028177920833333,0.8939953478642801
2024-12-18 07:00:00,56.620842,2.4650788,4.744542,0.8702431,98166.81,6.806471e-05,5.4051514,2.746338,5.3467083,62.54537,82.97371,7,2,353,12,0,0.9659258262890684,-0.2588190451025206,-2.4492935982947064e-16,1.0,winter,0.015728012,0.06806471,87.02431,2024,,0.0,0.014821384,0.037723575,20.014265474333335,34.36086563598419,5.092672,4.824226,1.7662237,4.0328220625,0.6037987184578896,5.2189636,6.2237244,1.4039001,5.9829546833333325,0.9067794408068954
2024-12-18 08:00:00,37414.742,2.7709107,4.894468,0.91568995,98134.41,4.7511025e-05,5.810364,2.9113464,5.62439,60.484444,81.62443,8,2,353,12,0,0.8660254037844387,-0.4999999999999998,-2.4492935982947064e-16,1.0,winter,10.392984,0.047511026,91.56899,2024,,0.015728012,6.3624864,9.098307,20.0143032505,34.36084269321529,5.3467083,4.699177,1.7524437,4.0545921583333335,0.6417970317286479,5.4051514,6.2068176,1.5098877,5.948847475000001,0.9127048498146775
2024-12-18 09:00:00,192248.62,3.1209865,5.028129,0.90753746,98086.914,3.7835423e-05,6.5494385,3.3338928,5.9179926,58.171906,79.91866,9,2,353,12,0,0.7071067811865476,-0.7071067811865475,-2.4492935982947064e-16,1.0,winter,53.402397,0.037835423,90.753746,2024,,10.392984,36.325138,49.194767,20.1822406505,34.30101630705914,5.62439,4.6136856,1.7611464,4.0931427000000005,0.7067035253112509,5.810364,6.5358276,1.7505493,5.932328575,0.9114196617559435
2024-12-18 10:00:00,343437.34,3.0078938,4.9744697,0.86897165,98041.69,6.2409985e-05,7.5135803,3.97818,5.813155,58.840065,78.28043,10,2,353,12,0,0.4999999999999999,-0.8660254037844387,-2.4492935982947064e-16,1.0,winter,95.39926,0.062409986,86.89716,2024,,53.402397,72.36538,88.47668,20.893793108833332,34.82359759681938,5.9179926,4.0738096,1.523379,4.147488825,0.7933176151957845,6.5494385,6.9933777,2.015503,5.932895695833333,0.9118156579414348
2024-12-18 11:00:00,425600.38,3.389116,5.1461377,0.82795125,97974.26,6.0988634e-05,8.361542,4.342926,6.161886,56.63211,75.805756,11,2,353,12,0,0.258819045102521,-0.9659258262890682,-2.4492935982947064e-16,1.0,winter,118.22233,0.060988635,82.79513,2024,,95.39926,91.3495,114.86757,21.853538108833334,36.577102322339606,5.813155,4.19962,1.2915576,4.21996155,0.8627074511656966,7.5135803,7.3407288,2.263031,5.954570804166667,0.9437447506913863
2024-12-18 12:00:00,425396.97,3.7718034,5.151603,0.8119966,97876.85,7.150901e-05,8.977997,4.6530457,6.3847876,53.789864,74.30353,12,2,353,12,0,1.2246467991473532e-16,-1.0,-2.4492935982947064e-16,1.0,winter,118.165825,0.071509,81.19966,2024,,118.22233,96.27132,117.27892,22.973239358833336,39.11994227285072,6.161886,4.1350894,1.1867412,4.301722633333333,0.949331461831453,8.361542,7.505829,2.383545,5.997104687499999,1.0281622006856141
2024-12-18 13:00:00,357440.44,4.3311357,5.0909886,0.8061257,97825.11,7.31901e-05,9.403168,4.942108,6.684078,49.610676,73.67637,13,2,353,12,0,-0.2588190451025208,-0.9659258262890684,-2.4492935982947064e-16,1.0,winter,99.28901,0.0731901,80.61257,2024,,118.165825,90.72524,102.00718,23.8855104005,41.10831574152107,6.3847876,3.9491644,1.2460341,4.395460058333334,1.0389963230955115,8.977997,7.520111,2.3976746,6.058445020833333,1.1578253492024373
2024-12-18 14:00:00,236034.94,4.7811646,4.8297534,0.81015575,97781.22,7.667034e-05,9.558075,5.096924,6.796032,45.289658,73.70371,14,2,353,12,0,-0.4999999999999997,-0.8660254037844388,-2.4492935982947064e-16,1.0,winter,65.56526,0.07667034,81.01557,2024,,99.28901,61.155437,67.046135,24.2423341505,41.74593751325702,6.684078,3.615005,1.3212035,4.509414791666667,1.1335926571636248,9.403168,7.326477,2.3380127,6.136905729166667,1.3143989829963956
2024-12-18 15:00:00,92505.26,5.015642,4.5061755,0.83619493,97768.86,6.783564e-05,9.465576,5.240814,6.7425723,41.937298,74.90962,15,2,353,12,0,-0.7071067811865471,-0.7071067811865479,-2.4492935982947064e-16,1.0,winter,25.695906,0.06783564,83.61949,2024,,65.56526,24.206055,24.508604,24.426076775499997,41.92479428283207,6.796032,3.291652,1.2519189,4.641957583333333,1.2079945718223422,9.558075,6.8953247,2.1780396,6.229888979166667,1.4717284414875407
2024-12-18 16:00:00,5055.2905,5.130452,4.229527,0.83694553,97747.266,6.6964785e-05,9.370056,5.3349915,6.649093,39.50205,75.88764,16,2,353,12,0,-0.8660254037844384,-0.5000000000000004,-2.4492935982947064e-16,1.0,winter,1.4042474,0.06696478,83.69455,2024,,25.695906,1.5669936,1.5600033,24.4881539005,41.92555732493117,6.7425723,3.1888251,1.1979135,4.785745929166667,1.2450916722956147,9.465576,6.453766,1.9907532,6.336982783333333,1.6093376133348285
2024-12-18 17:00:00,0.0,5.155179,4.06438,0.8471161,97745.74,5.232592e-05,9.413116,5.489319,6.5646825,38.2525,76.48344,17,2,353,12,0,-0.9659258262890684,-0.2588190451025206,-2.4492935982947064e-16,1.0,winter,0.0,0.05232592,84.71161,2024,,1.4042474,0.0,0.0,24.48137280883333,41.92943879037619,6.649093,3.2215436,1.15168,4.9299237583333335,1.2524556318316586,9.370056,6.1752014,1.8776245,6.458494866666666,1.724513593419431
2024-12-18 18:00:00,0.0,5.1261344,3.9581432,0.85287434,97733.93,4.4380748e-05,9.431366,5.6447754,6.4764304,37.67351,77.217735,18,2,353,12,0,-1.0,-1.8369701987210292e-16,-2.4492935982947064e-16,1.0,winter,0.0,0.044380747,85.28744,2024,,0.0,0.0,0.0,24.48137280883333,41.92943879037619,6.5646825,3.26293,1.1063819,5.0692212125,1.2400389223139316,9.413116,5.9508057,1.7882385,6.593407975000001,1.8251084281014265
2024-12-18 19:00:00,0.0,4.9929495,3.8946807,0.865499,97702.28,3.425333e-05,9.4552,5.819824,6.332305,37.955513,78.03453,19,2,353,12,0,-0.9659258262890684,0.2588190451025203,-2.4492935982947064e-16,1.0,winter,0.0,0.034253333,86.549904,2024,,0.0,0.0,0.0,24.48137280883333,41.92943879037619,6.4764304,3.3194473,1.0258713,5.2031170625,1.2096405421720897,9.431366,5.75943,1.7155762,6.738431320833334,1.9082177363829491
2024-12-18 20:00:00,0.0,4.7855086,3.8131742,0.90504646,97670.87,2.7449327e-05,9.385681,5.902771,6.118937,38.548428,78.85155,20,2,353,12,0,-0.8660254037844386,0.5000000000000001,-2.4492935982947064e-16,1.0,winter,0.0,0.027449327,90.50465,2024,,0.0,0.0,0.0,24.48137280883333,41.92943879037619,6.332305,3.4527893,0.95156544,5.3286527999999995,1.1610139470347844,9.4552,5.586853,1.6355286,6.8924217375,1.9737743437932325
2024-12-18 21:00:00,0.0,4.467848,3.842614,0.9102367,97622.7,3.5390975e-05,9.282806,5.9503174,5.8929915,40.697483,79.66094,21,2,353,12,0,-0.7071067811865477,0.7071067811865474,-2.4492935982947064e-16,1.0,winter,0.0,0.035390973,91.023674,2024,,0.0,0.0,0.0,24.48137280883333,41.92943879037619,6.118937,3.5650709,0.8765709,5.4397422875,1.0996527539727936,9.385681,5.429474,1.5293274,7.050706237500001,2.016385003740512
2024-12-18 22:00:00,0.0,3.8346434,3.8681614,0.92254156,97546.02,4.8745587e-05,9.17099,5.8953247,5.4467573,45.249317,79.95857,22,2,353,12,0,-0.5000000000000004,0.8660254037844384,-2.4492935982947064e-16,1.0,winter,0.0,0.048745587,92.25416,2024,,0.0,0.0,0.0,24.48137280883333,41.92943879037619,5.8929915,3.5058966,0.6816382,5.536738979166667,1.0274001287593113,9.282806,5.326111,1.4703369,7.2112617375,2.0350066429978537
2024-12-18 23:00:00,0.0,3.4722586,4.2165256,0.91825974,97457.93,9.5516865e-05,9.079346,5.947113,5.4622035,50.52895,80.74282,23,2,353,12,0,-0.2588190451025215,0.965925826289068,-2.4492935982947064e-16,1.0,winter,0.0,0.09551687,91.82597,2024,,0.0,0.0,0.0,24.48137280883333,41.92943879037619,5.4467573,3.821102,0.62169814,5.617608175,0.9326095612231169,9.17099,5.1698303,1.3896484,7.371465029166667,2.0314866706529493
2024-12-19 00:00:00,0.0,3.1110268,4.524314,0.9309746,97348.26,0.00018852795,8.988922,5.9667053,5.4907107,55.486652,81.34702,0,3,354,12,0,0.0,1.0,-2.4492935982947064e-16,1.0,winter,0.0,0.18852794,93.09746,2024,,0.0,0.0,0.0,24.48137280883333,41.92943879037619,5.4622035,4.084903,0.5690745,5.685987404166667,0.8518264922173014,9.079346,5.056122,1.3146667,7.534361516666667,2.003826683627941
2024-12-19 01:00:00,0.0,2.8882728,4.8349934,0.9457328,97229.37,0.0002998703,8.914337,5.991699,5.631987,59.147232,81.899055,1,3,354,12,0,0.2588190451025207,0.9659258262890684,-2.4492935982947064e-16,1.0,winter,0.0,0.2998703,94.57328,2024,,0.0,0.0,0.0,24.48137280883333,41.92943879037619,5.4907107,4.269714,0.5722724,5.744562725000001,0.7824517948830539,8.988922,4.9739685,1.2158813,7.698228183333334,1.9525013162105527
2024-12-19 02:00:00,0.0,2.7865224,5.0724835,0.94381267,97104.09,0.00039802192,8.85025,6.0503845,5.787469,61.218204,82.58862,2,3,354,12,0,0.4999999999999999,0.8660254037844387,-2.4492935982947064e-16,1.0,winter,0.0,0.3980219,94.38126,2024,,0.0,0.0,0.0,24.48137280883333,41.92943879037619,5.631987,4.387725,0.5897111,5.8013240999999995,0.7175283270845471,8.914337,4.9549255,1.1552429,7.862410204166667,1.8776998432874235
2024-12-19 03:00:00,0.0,2.8137789,5.225223,0.96432865,96965.664,0.0004446984,8.809326,6.0997314,5.93467,61.697567,83.10012,3,3,354,12,0,0.7071067811865476,0.7071067811865476,-2.4492935982947064e-16,1.0,winter,0.0,0.44469842,96.43286,2024,,0.0,0.0,0.0,24.48137280883333,41.92943879037619,5.787469,4.570625,0.5677046,5.859646766666667,0.6514789679085649,8.85025,4.953888,1.0603638,8.024715391666668,1.7813347818786567
2024-12-19 04:00:00,0.0,2.8992794,5.2954984,0.97341436,96822.37,0.0004787928,8.718414,6.122223,6.037228,61.29934,83.74246,4,3,354,12,0,0.8660254037844386,0.5000000000000001,-2.4492935982947064e-16,1.0,winter,0.0,0.4787928,97.34144,2024,,0.0,0.0,0.0,24.48137280883333,41.92943879037619,5.93467,4.734062,0.5995126,5.916481975000001,0.5908099465720269,8.809326,4.968872,0.9651184,8.185358641666667,1.6622250117762727
2024-12-19 05:00:00,0.0,3.0219,5.275943,0.96760833,96692.63,0.0005019661,8.726135,6.152405,6.0800867,60.197227,83.87335,5,3,354,12,0,0.9659258262890684,0.2588190451025207,-2.4492935982947064e-16,1.0,winter,0.0,0.5019661,96.76083,2024,,0.0,0.0,0.0,24.48137280883333,41.92943879037619,6.037228,4.9089947,0.61989105,5.970780558333334,0.5346270368372757,8.718414,5.0644836,0.87683105,8.341589558333334,1.5165949142463186
2024-12-19 06:00:00,0.0,3.207611,5.122837,0.9609115,96593.56,0.00046695926,8.694702,6.1648254,6.0441895,57.94769,84.12396,6,3,354,12,0,1.0,6.123233995736766e-17,-2.4492935982947064e-16,1.0,winter,0.0,0.46695927,96.09115,2024,,0.0,0.0,0.0,24.48137280883333,41.92943879037619,6.0800867,5.092672,0.6246284,6.019576058333333,0.4846071551026523,8.726135,5.2189636,0.8192444,8.494158366666667,1.3473190936730486
2024-12-19 07:00:00,45.64671,3.5092983,4.7790833,0.9555364,96518.12,0.00044440167,8.674744,6.1627502,5.929149,53.710022,84.22556,7,3,354,12,0,0.9659258262890684,-0.2588190451025206,-2.4492935982947064e-16,1.0,winter,0.012679641,0.44440168,95.55364,2024,,0.0,0.015728012,0.041626014,24.48137280883333,41.92943879037619,6.0441895,5.3467083,0.5909957,6.059222620833334,0.4425786331502401,8.694702,5.4051514,0.7803345,8.6389808,1.1527119840997238
2024-12-19 08:00:00,25729.75,3.8301778,4.3036313,0.9612106,96465.84,0.00041542208,8.811066,6.2201233,5.761207,48.33132,83.78376,8,3,354,12,0,0.8660254037844387,-0.4999999999999998,-2.4492935982947064e-16,1.0,winter,7.147153,0.41542208,96.12106,2024,,0.012679641,10.392984,11.321462,24.481245793375,41.92951613019129,5.929149,5.62439,0.61722606,6.083490983333333,0.41704196834933815,8.674744,5.810364,0.85702515,8.775213825,0.9245288588239832
2024-12-19 09:00:00,118013.54,4.149321,3.74999,0.9601464,96435.56,0.00038334183,9.042725,6.3454895,5.592789,42.106007,83.19956,9,3,354,12,0,0.7071067811865476,-0.7071067811865475,-2.4492935982947064e-16,1.0,winter,32.78154,0.38334182,96.01464,2024,,7.147153,53.402397,51.962643,24.346002835041663,41.98213497056728,5.761207,5.9179926,0.6577092,6.089191691666667,0.41139029266048405,8.811066,6.5494385,1.1374817,8.900243075,0.675506522399016
2024-12-19 10:00:00,215719.64,4.053868,2.635903,0.96780914,96397.1,0.00038956292,9.255005,6.4818726,4.835476,33.032696,82.79176,10,3,354,12,0,0.4999999999999999,-0.8660254037844387,-2.4492935982947064e-16,1.0,winter,59.922123,0.3895629,96.780914,2024,,32.78154,95.39926,96.056526,23.486800460041668,41.57060984161272,5.592789,5.813155,0.6228866,6.075641541666666,0.42248052809965086,9.042725,7.5135803,1.4830322,9.0041300125,0.4534940425188611
2024-12-19 11:00:00,258291.89,4.2735023,2.317928,0.9631218,96348.08,0.0004244767,9.263031,6.38678,4.861647,28.4752,82.206795,11,3,354,12,0,0.258819045102521,-0.9659258262890682,-2.4492935982947064e-16,1.0,winter,71.74775,0.42447668,96.31218,2024,,59.922123,118.22233,132.8208,22.008586418375,39.4805108493644,4.835476,6.161886,0.72162855,6.034904916666666,0.49054314908933666,9.255005,8.361542,1.8309631,9.076689374999999,0.3260401828829675
2024-12-19 12:00:00,283142.72,4.550009,1.7124182,0.9549866,96302.83,0.00043272637,9.078125,6.1122437,4.8615794,20.624075,81.676155,12,3,354,12,0,1.2246467991473532e-16,-1.0,-2.4492935982947064e-16,1.0,winter,78.65076,0.43272638,95.49866,2024,,71.74775,118.165825,141.48122,20.072145585041667,35.4947954633776,4.861647,6.3847876,0.8116552,5.980728291666668,0.5447183854987419,9.263031,8.977997,2.0100098,9.114251416666667,0.2900057184975713
2024-12-19 13:00:00,250935.72,4.789355,1.0867977,0.9417702,96291.766,0.0004393221,8.767212,5.706909,4.9111147,12.785016,81.103065,13,3,354,12,0,-0.2588190451025208,-0.9659258262890684,-2.4492935982947064e-16,1.0,winter,69.70437,0.43932208,94.17702,2024,,78.65076,99.28901,123.83335,18.425684543375,31.430583088306708,4.8615794,6.684078,1.0317185,5.917261283333333,0.582986076276912,9.078125,9.403168,2.0647583,9.118423416666667,0.288677524570077
2024-12-19 14:00:00,177872.98,4.978544,0.37348914,0.91656697,96309.82,0.00043790005,8.234222,5.1841125,4.992534,4.2902784,81.08814,14,3,354,12,0,-0.4999999999999997,-0.8660254037844388,-2.4492935982947064e-16,1.0,winter,49.40916,0.43790004,91.6567,2024,,69.70437,65.56526,87.558975,17.19299121004167,28.5713699166251,4.9111147,6.796032,1.2355899,5.8433878125000005,0.593824074211998,8.767212,9.558075,1.9776917,9.091925250000001,0.2905853699892863
2024-12-19 15:00:00,65323.14,5.023137,-0.17004742,0.89449155,96333.14,0.0004408104,7.5223694,4.6672974,5.0260143,-1.9388838,82.10306,15,3,354,12,0,-0.7071067811865471,-0.7071067811865479,-2.4492935982947064e-16,1.0,winter,18.145317,0.4408104,89.44916,2024,,49.40916,25.695906,32.88906,16.519820376708335,27.554343493560143,4.992534,6.7425723,1.2942481,5.768242062500001,0.5820248675417429,8.234222,9.465576,1.7275391,9.036764708333333,0.3221835517795942
2024-12-19 16:00:00,3254.6814,5.1500134,-0.5468779,0.86666024,96401.74,0.00042704731,6.76593,4.176758,5.1789684,-6.0615005,83.54997,16,3,354,12,0,-0.8660254037844384,-0.5000000000000004,-2.4492935982947064e-16,1.0,winter,0.9040782,0.4270473,86.66602,2024,,18.145317,1.4042474,1.8564836,16.205212501708335,27.48804377278256,5.0260143,6.649093,1.3597947,5.6967188124999995,0.5622210071708222,7.5223694,9.370056,1.3998413,8.955797766666667,0.4343726147619563
2024-12-19 17:00:00,0.0,5.3290806,-0.8635347,0.83215755,96480.516,0.00039987642,6.109833,3.7274475,5.3985915,-9.204316,84.69551,17,3,354,12,0,-0.9659258262890684,-0.2588190451025206,-2.4492935982947064e-16,1.0,winter,0.0,0.39987642,83.21575,2024,,0.9040782,0.0,0.0,16.184372118375,27.49994022105005,5.1789684,6.5646825,1.4257448,5.635463620833334,0.533288515324723,6.76593,9.413116,1.179596,8.847292516666666,0.6143564920129393
2024-12-19 18:00:00,0.0,5.50681,-1.0612682,0.8210839,96584.25,0.00036935462,5.5674133,3.295044,5.6081414,-10.908263,85.29452,18,3,354,12,0,-1.0,-1.8369701987210292e-16,-2.4492935982947064e-16,1.0,winter,0.0,0.3693546,82.10839,2024,,0.0,0.0,0.0,16.184372118375,27.49994022105005,5.3985915,6.4764304,1.472086,5.586876495833334,0.49682147963115997,6.109833,9.431366,1.0142212,8.709655725,0.8182657907829526
2024-12-19 19:00:00,0.0,5.7030587,-1.1285565,0.8122195,96707.13,0.0003833799,5.1150513,2.9206238,5.813649,-11.19343,85.71713,19,3,354,12,0,-0.9659258262890684,0.2588190451025203,-2.4492935982947064e-16,1.0,winter,0.0,0.3833799,81.22195,2024,,0.0,0.0,0.0,16.184372118375,27.49994022105005,5.6081414,6.332305,1.516379,5.5506977875,0.4594353279737302,5.5674133,9.4552,0.8845215,8.548657695833333,1.0242831590358081
2024-12-19 20:00:00,0.0,5.917557,-1.1834863,0.81127244,96839.1,0.00031862519,4.839142,2.6210022,6.0347424,-11.309699,85.54345,20,3,354,12,0,-0.8660254037844386,0.5000000000000001,-2.4492935982947064e-16,1.0,winter,0.0,0.31862518,81.12724,2024,,0.0,0.0,0.0,16.184372118375,27.49994022105005,5.813649,6.118937,1.5563834,5.529087120833334,0.4324793977083502,5.1150513,9.385681,0.74246216,8.367818166666668,1.2214309365262308
2024-12-19 21:00:00,0.0,6.1507854,-1.2279303,0.75925964,96955.75,0.00031500752,4.5214233,2.2765503,6.2721586,-11.289986,85.34638,21,3,354,12,0,-0.7071067811865477,0.7071067811865474,-2.4492935982947064e-16,1.0,winter,0.0,0.3150075,75.925964,2024,,0.0,0.0,0.0,16.184372118375,27.49994022105005,6.0347424,5.8929915,1.6115012,5.5255790125,0.4278029257165837,4.839142,9.282806,0.59265137,8.178379041666666,1.396700609416974
2024-12-19 22:00:00,0.0,5.8225284,-1.1366122,0.7293899,97070.914,0.0002829699,4.2874146,2.0288086,5.93243,-11.045766,85.23715,22,3,354,12,0,-0.5000000000000004,0.8660254037844384,-2.4492935982947064e-16,1.0,winter,0.0,0.28296992,72.93899,2024,,0.0,0.0,0.0,16.184372118375,27.49994022105005,6.2721586,5.4467573,1.6685559,5.541377641666667,0.4484636439573219,4.5214233,9.17099,0.42697144,7.979988095833334,1.561447500082694
2024-12-19 23:00:00,0.0,5.977902,-1.2057229,0.69131565,97165.15,0.00020870595,4.0485535,1.765564,6.0982847,-11.403374,85.06228,23,3,354,12,0,-0.2588190451025215,0.965925826289068,-2.4492935982947064e-16,1.0,winter,0.0,0.20870596,69.13156,2024,,0.0,0.0,0.0,16.184372118375,27.49994022105005,5.93243,5.4622035,1.8011895,5.561614004166667,0.4549196014955229,4.2874146,9.079346,0.28051758,7.7765057875000005,1.7105759656493633
2024-12-20 00:00:00,0.0,5.9584255,-1.28153,0.6665447,97258.56,0.00015772737,3.8781128,1.5130615,6.094682,-12.1381855,84.54466,0,4,355,12,0,0.0,1.0,-2.4492935982947064e-16,1.0,winter,0.0,0.15772736,66.654465,2024,,0.0,0.0,0.0,16.184372118375,27.49994022105005,6.0982847,5.4907107,1.8554771,5.5881173875,0.4672382825443244,4.0485535,8.988922,0.17132568,7.566889433333333,1.8467987854906045
2024-12-20 01:00:00,0.0,5.9243526,-1.3525344,0.6675263,97341.63,0.00013420904,3.749176,1.2843323,6.076784,-12.860264,83.92647,1,4,355,12,0,0.2588190451025207,0.9659258262890684,-2.4492935982947064e-16,1.0,winter,0.0,0.13420904,66.75263,2024,,0.0,0.0,0.0,16.184372118375,27.49994022105005,6.094682,5.631987,1.9502599,5.613282858333332,0.47790700902170097,3.8781128,8.914337,0.053009033,7.35393905,1.9664784237613455
2024-12-20 02:00:00,0.0,5.9098744,-1.4585694,0.7014557,97436.27,0.00011978199,3.651825,1.109375,6.087203,-13.863667,83.44797,2,4,355,12,0,0.4999999999999999,0.8660254037844387,-2.4492935982947064e-16,1.0,winter,0.0,0.119781986,70.14557,2024,,0.0,0.0,0.0,16.184372118375,27.49994022105005,6.076784,5.787469,2.041466,5.631816066666667,0.4871981768546492,3.749176,8.85025,-0.058441162,7.138724008333334,2.068287619181612
2024-12-20 03:00:00,0.0,5.886679,-1.5853702,0.7153781,97507.73,0.00010736449,3.5231323,0.89019775,6.096424,-15.07298,82.89028,3,4,355,12,0,0.7071067811865476,0.7071067811865476,-2.4492935982947064e-16,1.0,winter,0.0,0.10736449,71.53781,2024,,0.0,0.0,0.0,16.184372118375,27.49994022105005,6.087203,5.93467,2.1266088,5.644304983333334,0.4951386951784176,3.651825,8.809326,-0.15991211,6.922122966666667,2.1517725124661324
2024-12-20 04:00:00,0.0,5.8513107,-1.6767672,0.67247117,97583.04,7.74619e-05,3.4080505,0.6977844,6.0868206,-15.990326,82.4147,4,4,355,12,0,0.8660254037844386,0.5000000000000001,-2.4492935982947064e-16,1.0,winter,0.0,0.0774619,67.247116,2024,,0.0,0.0,0.0,16.184372118375,27.49994022105005,6.096424,6.037228,2.1859496,5.6510447333333325,0.5003365438015298,3.5231323,8.718414,-0.26141357,6.7018648958333324,2.219676329528156
2024-12-20 05:00:00,0.0,5.722731,-1.6673259,0.6713154,97659.98,6.699686e-05,3.2690735,0.5088806,5.9606733,-16.243557,82.09997,5,4,355,12,0,0.9659258262890684,0.2588190451025207,-2.4492935982947064e-16,1.0,winter,0.0,0.06699686,67.13154,2024,,0.0,0.0,0.0,16.184372118375,27.49994022105005,6.0868206,6.0800867,2.299465,5.653111091666666,0.5021000994470278,3.4080505,8.726135,-0.3652649,6.48059975,2.273934473945746
2024-12-20 06:00:00,0.0,5.589736,-1.4885643,0.6691231,97751.07,6.0407478e-05,3.1604614,0.3847046,5.784546,-14.91197,81.99327,6,4,355,12,0,1.0,6.123233995736766e-17,-2.4492935982947064e-16,1.0,winter,0.0,0.06040748,66.91231,2024,,0.0,0.0,0.0,16.184372118375,27.49994022105005,5.9606733,6.0441895,2.377598,5.648135533333334,0.4982620194424608,3.2690735,8.694702,-0.4762268,6.2532221875000005,2.3121470613350894
2024-12-20 07:00:00,18.873613,5.492215,-1.256845,0.63138807,97844.56,6.8904206e-05,3.0516968,0.2581482,5.634189,-12.8896885,81.87328,7,4,355,12,0,0.9659258262890684,-0.2588190451025206,-2.4492935982947064e-16,1.0,winter,0.0052426704,0.068904206,63.138805,2024,,0.0,0.012679641,0.039996713,16.184372118375,27.49994022105005,5.784546,5.929149,2.463856,5.637317054166666,0.4920691027621556,3.1604614,8.674744,-0.5649109,6.022628829166666,2.3339343462748956
2024-12-20 08:00:00,26190.002,5.3631506,-0.97821176,0.6248991,97938.37,5.6970937e-05,3.0394592,0.23330688,5.451631,-10.336834,81.796936,8,4,355,12,0,0.8660254037844387,-0.4999999999999998,-2.4492935982947064e-16,1.0,winter,7.2750006,0.05697094,62.48991,2024,,0.0052426704,7.147153,12.437769,16.1840622446,27.500130410376578,5.634189,5.761207,2.5922835,5.625027054166666,0.48813108027751256,3.0516968,8.811066,-0.5065613,5.788335195833334,2.3383570722258664
2024-12-20 09:00:00,189111.9,5.5568686,-0.8237442,0.58484566,98016.35,7.124011e-05,3.2888794,0.34423828,5.6175923,-8.432057,81.014854,9,4,355,12,0,0.7071067811865476,-0.7071067811865475,-2.4492935982947064e-16,1.0,winter,52.531086,0.07124011,58.484566,2024,,7.2750006,32.78154,64.74807,16.189389227933333,27.49831610589024,5.451631,5.592789,2.7031524,5.612128054166667,0.48846622767801995,3.0394592,9.042725,-0.11618042,5.547851579166667,2.3105942975876146
2024-12-20 10:00:00,406430.66,5.2234387,-0.5377577,0.67698777,98081.23,8.236877e-05,3.672699,0.47937012,5.251047,-5.8779435,79.62535,10,4,355,12,0,0.4999999999999999,-0.8660254037844387,-2.4492935982947064e-16,1.0,winter,112.89741,0.082368776,67.69878,2024,,52.531086,59.922123,123.8512,17.012286977933332,28.30024392215544,5.6175923,4.835476,2.7101457,5.613161525,0.48844977063043377,3.2888794,9.255005,0.32125854,5.3081080125,2.229279721826932
2024-12-20 11:00:00,536069.8,5.527788,-0.43309847,0.64663714,98104.56,7.5097094e-05,4.006592,0.5003662,5.5447288,-4.4799337,77.89539,11,4,355,12,0,0.258819045102521,-0.9659258262890682,-2.4492935982947064e-16,1.0,winter,148.90828,0.07509709,64.66371,2024,,112.89741,71.74775,166.93524,19.219590602933334,33.39913939643387,5.251047,4.861647,2.6627088,5.630476983333334,0.466557674096963,3.672699,9.263031,0.7100525,5.075511929166667,2.0861965609804716
2024-12-20 12:00:00,586811.06,5.743211,-0.34412304,0.62993485,98105.95,7.6955104e-05,4.2373962,0.45703125,5.753511,-3.4289622,76.40428,12,4,355,12,0,1.2246467991473532e-16,-1.0,-2.4492935982947064e-16,1.0,winter,163.00307,0.0769551,62.993484,2024,,148.90828,78.65076,178.7401,22.434612686266664,41.424857904659625,5.5447288,4.8615794,2.5927627,5.658938725,0.4375505419201169,4.006592,9.078125,0.93777466,4.856493637500001,1.8945802294097225
2024-12-20 13:00:00,516075.84,5.6330805,-0.16535543,0.62027067,98142.95,7.350905e-05,4.3034973,0.40856934,5.635507,-1.6813977,75.785095,13,4,355,12,0,-0.2588190451025208,-0.9659258262890684,-2.4492935982947064e-16,1.0,winter,143.3544,0.07350905,62.027065,2024,,163.00307,69.70437,161.14755,25.949292269599997,49.24261067351049,5.753511,4.9111147,2.5733385,5.696102541666668,0.40342961265650973,4.2373962,8.767212,1.031311,4.654796604166667,1.669961432626149
2024-12-20 14:00:00,331040.5,5.286216,0.1726208,0.6156283,98171.91,6.69239e-05,4.185974,0.3687744,5.2890334,1.8703228,76.19239,14,4,355,12,0,-0.4999999999999997,-0.8660254037844388,-2.4492935982947064e-16,1.0,winter,91.955696,0.0669239,61.56283,2024,,143.3544,49.40916,109.39263,29.0180435196,54.13936810357667,5.635507,4.992534,2.4755082,5.726285554166666,0.36765868923605394,4.3034973,8.234222,0.86987305,4.468808491666667,1.4222301872942689
2024-12-20 15:00:00,126573.266,4.8189406,0.630589,0.63081837,98213.76,4.1209587e-05,3.8212585,0.32489014,4.860024,7.4551563,77.92159,15,4,355,12,0,-0.7071067811865471,-0.7071067811865479,-2.4492935982947064e-16,1.0,winter,35.15924,0.041209586,63.081837,2024,,91.955696,18.145317,40.338356,30.790815852933335,55.51520052537952,5.2890334,5.0260143,2.3050153,5.738639695833332,0.3462916638387928,4.185974,7.5223694,0.50198364,4.300131491666667,1.1747673287305167
2024-12-20 16:00:00,6820.612,4.5411425,1.0998623,0.6473705,98233.4,3.2286775e-05,3.4179993,0.32705688,4.6724377,13.614831,80.17985,16,4,355,12,0,-0.8660254037844384,-0.5000000000000004,-2.4492935982947064e-16,1.0,winter,1.8946143,0.032286774,64.73705,2024,,35.15924,0.9040782,2.025668,31.499729311266663,55.455299407594374,4.860024,5.1789684,2.301601,5.731723433333333,0.3624250826277801,3.8212585,6.76593,0.092926025,4.1459185375,0.9559321269717601
2024-12-20 17:00:00,0.0,4.3810663,1.5082098,0.66820484,98262.836,3.09708e-05,3.1827393,0.3262024,4.6334047,18.99635,81.5184,17,4,355,12,0,-0.9659258262890684,-0.2588190451025206,-2.4492935982947064e-16,1.0,winter,0.0,0.0309708,66.82049,2024,,1.8946143,0.0,0.0,31.541001648766667,55.431902378952785,4.6724377,5.3985915,2.3899608,5.7106179875,0.40790835573610934,3.4179993,6.109833,-0.153656,4.006421425,0.7861829361417791
2024-12-20 18:00:00,0.0,4.2707243,1.858489,0.72055143,98278.88,2.8768824e-05,3.0148315,0.30966187,4.657582,23.517206,82.393936,18,4,355,12,0,-1.0,-1.8369701987210292e-16,-2.4492935982947064e-16,1.0,winter,0.0,0.028768824,72.055145,2024,,0.0,0.0,0.0,31.541001648766667,55.431902378952785,4.6334047,5.6081414,2.457295,5.678735204166666,0.4599425231830484,3.1827393,5.5674133,-0.33642578,3.8844591874999996,0.6630968222640596
2024-12-20 19:00:00,0.0,4.1491446,2.192916,0.73228633,98285.75,3.148676e-05,2.916809,0.3326416,4.693003,27.857454,83.106094,19,4,355,12,0,-0.9659258262890684,0.2588190451025203,-2.4492935982947064e-16,1.0,winter,0.0,0.03148676,73.22863,2024,,0.0,0.0,0.0,31.541001648766667,55.431902378952785,4.657582,5.813649,2.483676,5.639128562500001,0.5050056298519657,3.0148315,5.1150513,-0.46087646,3.7781016125,0.5810586837410083
2024-12-20 20:00:00,0.0,4.033913,2.5085762,0.7623337,98299.88,3.1689055e-05,2.8070374,0.34594727,4.7503066,31.876308,83.83602,20,4,355,12,0,-0.8660254037844386,0.5000000000000001,-2.4492935982947064e-16,1.0,winter,0.0,0.031689055,76.23337,2024,,0.0,0.0,0.0,31.541001648766667,55.431902378952785,4.693003,6.0347424,2.5038178,5.592434979166666,0.5388423582375336,2.916809,4.839142,-0.56481934,3.6865081833333337,0.5323662276515463
2024-12-20 21:00:00,0.0,3.9244704,2.8236506,0.7770574,98294.65,4.0129038e-05,2.731903,0.3768921,4.8347154,35.73496,84.47301,21,4,355,12,0,-0.7071067811865477,0.7071067811865474,-2.4492935982947064e-16,1.0,winter,0.0,0.04012904,77.70574,2024,,0.0,0.0,0.0,31.541001648766667,55.431902378952785,4.7503066,6.2721586,2.4903014,5.538916820833333,0.5564983189033896,2.8070374,4.5214233,-0.62991333,3.6018371583333333,0.501795089476895
2024-12-20 22:00:00,0.0,3.7673097,3.0918596,0.80691284,98281.35,4.4380395e-05,2.6623535,0.38519287,4.873625,39.375984,84.942055,22,4,355,12,0,-0.5000000000000004,0.8660254037844384,-2.4492935982947064e-16,1.0,winter,0.0,0.044380393,80.691284,2024,,0.0,0.0,0.0,31.541001648766667,55.431902378952785,4.8347154,5.93243,2.3307514,5.479023354166667,0.5514818532895501,2.731903,4.2874146,-0.6434021,3.5272738125000003,0.49207083790209566
2024-12-20 23:00:00,0.0,3.694244,3.2995229,0.84510577,98259.73,5.735579e-05,2.6330566,0.40628052,4.95321,41.76971,85.2489,23,4,355,12,0,-0.2588190451025215,0.965925826289068,-2.4492935982947064e-16,1.0,winter,0.0,0.05735579,84.510574,2024,,0.0,0.0,0.0,31.541001648766667,55.431902378952785,4.873625,6.0982847,2.5100718,5.434906479166666,0.5559660533343513,2.6623535,4.0485535,-0.63739014,3.459562933333333,0.49472496237745284
2024-12-21 00:00:00,0.0,3.6581266,3.4576223,0.870833,98239.15,5.4130003e-05,2.6235046,0.4404297,5.0335913,43.38597,85.517685,0,5,356,12,1,0.0,1.0,-2.4492935982947064e-16,1.0,winter,0.0,0.054130003,87.0833,2024,,0.0,0.0,0.0,31.541001648766667,55.431902378952785,4.95321,6.094682,2.6474597,5.387195033333334,0.5455984935281925,2.6330566,3.8781128,-0.636322,3.4005838958333334,0.5057079548967712
2024-12-21 01:00:00,0.0,3.7082813,3.5388916,0.87604403,98203.586,6.365406e-05,2.6237183,0.49157715,5.1259246,43.66106,85.83315,1,5,356,12,1,0.2588190451025207,0.9659258262890684,-2.4492935982947064e-16,1.0,winter,0.0,0.06365406,87.6044,2024,,0.0,0.0,0.0,31.541001648766667,55.431902378952785,5.0335913,6.076784,2.7909737,5.342982920833333,0.5284996072578146,2.6235046,3.749176,-0.5741577,3.348308554166667,0.5188727591883894
2024-12-21 02:00:00,0.0,3.7868664,3.557042,0.89863986,98183.914,6.5717184e-05,2.6706238,0.54278564,5.19547,43.207535,85.86487,2,5,356,12,1,0.4999999999999999,0.8660254037844387,-2.4492935982947064e-16,1.0,winter,0.0,0.06571718,89.86398,2024,,0.0,0.0,0.0,31.541001648766667,55.431902378952785,5.1259246,6.087203,2.9437852,5.303363779166667,0.5062715485325421,2.6237183,3.651825,-0.5110779,3.301414483333333,0.5317659120260992
2024-12-21 03:00:00,0.0,3.8430278,3.5401495,0.8988689,98153.695,7.197774e-05,2.6885986,0.58239746,5.2250857,42.650883,86.001076,3,5,356,12,1,0.7071067811865476,0.7071067811865476,-2.4492935982947064e-16,1.0,winter,0.0,0.071977735,89.886894,2024,,0.0,0.0,0.0,31.541001648766667,55.431902378952785,5.19547,6.096424,3.0949993,5.2662082375,0.4781874555325764,2.6706238,3.5231323,-0.42767334,3.2605311,0.541287482511323
2024-12-21 04:00:00,0.0,3.8920646,3.5764072,0.9084162,98125.24,6.709588e-05,2.7124023,0.6481018,5.285722,42.579815,86.26415,4,5,356,12,1,0.8660254037844386,0.5000000000000001,-2.4492935982947064e-16,1.0,winter,0.0,0.06709588,90.84162,2024,,0.0,0.0,0.0,31.541001648766667,55.431902378952785,5.2250857,6.0868206,3.2166913,5.229902475,0.4442899968474638,2.6885986,3.4080505,-0.34243774,3.2257588625000007,0.5504128087541573
2024-12-21 05:00:00,0.0,3.9111474,3.6526043,0.90851784,98089.586,6.1527855e-05,2.7531738,0.7281494,5.351504,43.042286,86.51318,5,5,356,12,1,0.9659258262890684,0.2588190451025207,-2.4492935982947064e-16,1.0,winter,0.0,0.061527856,90.85178,2024,,0.0,0.0,0.0,31.541001648766667,55.431902378952785,5.285722,5.9606733,3.3140123,5.196523366666667,0.4055120230530424,2.7124023,3.2690735,-0.26028442,3.1967735208333337,0.5586509020899614
2024-12-21 06:00:00,0.0,3.9578376,3.7595358,0.91150904,98070.19,6.289387e-05,2.7937927,0.82022095,5.4588084,43.52808,86.838875,6,5,356,12,1,1.0,6.123233995736766e-17,-2.4492935982947064e-16,1.0,winter,0.0,0.062893875,91.1509,2024,,0.0,0.0,0.0,31.541001648766667,55.431902378952785,5.351504,5.784546,3.505495,5.1711413125,0.37339522872868053,2.7531738,3.1604614,-0.19104004,3.1752777,0.5656298081574106
2024-12-21 07:00:00,33.537323,4.030136,3.8382695,0.863767,98054.58,6.080925e-05,2.90448,0.940094,5.565457,43.60315,86.9074,7,5,356,12,1,0.9659258262890684,-0.2588190451025206,-2.4492935982947064e-16,1.0,winter,0.009315923,0.060809247,86.3767,2024,,0.0,0.0052426704,0.02633161,31.541001648766667,55.431902378952785,5.4588084,5.634189,3.6356652,5.1575689125,0.3556266929410554,2.7937927,3.0516968,-0.099609375,3.1599998374999996,0.5709740801872095
2024-12-21 08:00:00,28415.148,4.119717,3.8932962,0.8539185,98041.88,2.9638619e-05,3.1769714,1.1542053,5.668318,43.381447,86.57045,8,5,356,12,1,0.8660254037844387,-0.4999999999999998,-2.4492935982947064e-16,1.0,winter,7.893097,0.029638618,85.391846,2024,,0.009315923,7.2750006,8.342179,31.541171367624997,55.43180163232304,5.565457,5.451631,3.8023014,5.154705079166667,0.35187862754102905,2.90448,3.0394592,0.10821533,3.1538658041666667,0.57297545331424
2024-12-21 09:00:00,150488.97,4.2464867,3.9696536,0.8561458,98019.34,2.3783354e-05,3.7434387,1.4926453,5.8129854,43.070217,85.22464,9,5,356,12,1,0.7071067811865476,-0.7071067811865475,-2.4492935982947064e-16,1.0,winter,41.80249,0.023783354,85.61458,2024,,7.893097,52.531086,38.940506,31.566925384291665,55.42017957694065,5.668318,5.6175923,3.9697442,5.163733704166667,0.36244963190001517,3.1769714,3.2888794,0.5108032,3.1595954791666667,0.5724689894613498
2024-12-21 10:00:00,279519.06,4.017973,3.9415781,0.8617289,97992.17,2.3870052e-05,4.3144226,1.7764587,5.628512,44.450096,83.555885,10,5,356,12,1,0.4999999999999999,-0.8660254037844387,-2.4492935982947064e-16,1.0,winter,77.64418,0.023870053,86.17289,2024,,41.80249,112.89741,70.337715,31.119900550958334,55.28683694415895,5.8129854,5.251047,3.846943,5.171875083333333,0.3750625043851103,3.7434387,3.672699,1.0527954,3.17853545,0.5843289106549756
2024-12-21 11:00:00,339418.62,4.317725,4.1391397,0.8802202,97937.86,2.3768553e-05,4.8115845,1.9976501,5.98124,43.790253,81.98682,11,5,356,12,1,0.258819045102521,-0.9659258262890682,-2.4492935982947064e-16,1.0,winter,94.28295,0.023768554,88.02202,2024,,77.64418,148.90828,87.52354,29.651015967625,53.45772584346863,5.628512,5.5447288,4.119224,5.1876027916666665,0.38627348457366384,4.3144226,4.006592,1.4744873,3.2052739333333338,0.6214292653311578
2024-12-21 12:00:00,349941.78,4.4561296,4.2511716,0.88606155,97861.0,3.446761e-05,5.179474,2.1391907,6.158697,43.651585,80.72299,12,5,356,12,1,1.2246467991473532e-16,-1.0,-2.4492935982947064e-16,1.0,winter,97.20605,0.034467608,88.606155,2024,,94.28295,163.00307,88.41434,27.374960550958335,49.148583949798876,5.98124,5.753511,4.300606,5.205790758333333,0.41316106417291876,4.8115845,4.2373962,1.7984009,3.2388152874999996,0.6850303733572767
2024-12-21 13:00:00,274449.16,4.4940295,4.338564,0.9011496,97798.09,4.8375183e-05,5.3807373,2.2575684,6.2465544,43.99162,80.27585,13,5,356,12,1,-0.2588190451025208,-0.9659258262890684,-2.4492935982947064e-16,1.0,winter,76.23588,0.04837518,90.11496,2024,,97.20605,143.3544,74.09417,24.633418050958337,42.6611663614967,6.158697,5.635507,4.3208957,5.222673508333334,0.44366750584829545,5.179474,4.3034973,2.015564,3.2780685291666667,0.7668440371375388
2024-12-21 14:00:00,166504.34,4.460789,4.452914,0.9175902,97741.81,8.003005e-05,5.399536,2.378357,6.3029428,44.94938,80.8636,14,5,356,12,1,-0.4999999999999997,-0.8660254037844388,-2.4492935982947064e-16,1.0,winter,46.251205,0.08003005,91.75902,2024,,76.23588,91.955696,48.54198,21.83681305095833,36.259850948199244,6.2465544,5.2890334,4.37162,5.248133816666667,0.48408060842483613,5.3807373,4.185974,2.1271362,3.3229535291666665,0.8558368585937365
2024-12-21 15:00:00,59906.27,4.3976884,4.574967,0.93210226,97688.01,0.00010260669,5.249176,2.5162659,6.345864,46.13188,82.518486,15,5,356,12,1,-0.7071067811865471,-0.7071067811865479,-2.4492935982947064e-16,1.0,winter,16.64063,0.10260669,93.21023,2024,,46.251205,35.15924,16.7091,19.932459259291665,33.51328967774201,6.3029428,4.860024,4.3677416,5.290380041666666,0.5298809622752428,5.399536,3.8212585,2.1766968,3.3735186125,0.9406873369942603
2024-12-21 16:00:00,3068.878,4.3940144,4.681594,0.9387887,97605.57,0.00015209273,5.0970154,2.6494446,6.420645,46.81493,84.18967,16,5,356,12,1,-0.8660254037844384,-0.5000000000000004,-2.4492935982947064e-16,1.0,winter,0.8524661,0.15209274,93.87887,2024,,16.64063,1.8946143,0.7055662,19.160850509291667,33.36030290120982,6.345864,4.6724377,4.4740577,5.3522900416666666,0.5631684393747816,5.249176,3.4179993,2.2003784,3.433015175,1.0126417187606567
2024-12-21 17:00:00,0.0,4.4826508,4.7833214,0.946607,97528.97,0.00020924905,5.0445557,2.7626648,6.55548,46.858532,85.179565,17,5,356,12,1,-0.9659258262890684,-0.2588190451025206,-2.4492935982947064e-16,1.0,winter,0.0,0.20924905,94.6607,2024,,0.8524661,0.0,0.0,19.117427667625,33.38442385825659,6.420645,4.6334047,4.58393,5.425132012500001,0.5840819679242708,5.0970154,3.1827393,2.2547607,3.5029741791666673,1.0680417623567982
2024-12-21 18:00:00,0.0,4.5799,4.790028,0.97153956,97437.055,0.00027278927,5.0837097,2.8790283,6.6272054,46.284687,85.6515,18,5,356,12,1,-1.0,-1.8369701987210292e-16,-2.4492935982947064e-16,1.0,winter,0.0,0.27278927,97.15395,2024,,0.0,0.0,0.0,19.117427667625,33.38442385825659,6.55548,4.657582,4.691445,5.5052184833333335,0.6022931666946514,5.0445557,3.0148315,2.329956,3.5805498625,1.11054031638443
2024-12-21 19:00:00,0.0,4.7172728,4.78306,0.9826497,97352.51,0.0003573565,5.1207886,2.9721375,6.717911,45.39675,85.996155,19,5,356,12,1,-0.9659258262890684,0.2588190451025203,-2.4492935982947064e-16,1.0,winter,0.0,0.35735652,98.26497,2024,,0.0,0.0,0.0,19.117427667625,33.38442385825659,6.6272054,4.693003,4.775927,5.587286124999999,0.6158111312226201,5.0837097,2.916809,2.4174194,3.666753120833333,1.1444953978049008
2024-12-21 20:00:00,0.0,4.8884706,4.6964364,0.99134606,97259.3,0.00037164116,5.169342,3.0742798,6.778913,43.852226,86.32809,20,5,356,12,1,-0.8660254037844386,0.5000000000000001,-2.4492935982947064e-16,1.0,winter,0.0,0.37164116,99.134605,2024,,0.0,0.0,0.0,19.117427667625,33.38442385825659,6.717911,4.7503066,4.8242483,5.6716572916666665,0.6265802105120728,5.1207886,2.8070374,2.4892273,3.7585856041666665,1.1698459491511621
2024-12-21 21:00:00,0.0,5.1074986,4.5506907,0.99244094,97172.414,0.0003426454,5.2630615,3.1691284,6.840711,41.70047,86.34459,21,5,356,12,1,-0.7071067811865477,0.7071067811865474,-2.4492935982947064e-16,1.0,winter,0.0,0.34264538,99.244095,2024,,0.0,0.0,0.0,19.117427667625,33.38442385825659,6.778913,4.8347154,4.8676963,5.756182558333333,0.6336753761709337,5.169342,2.731903,2.5365906,3.8570149624999996,1.185577808619862
2024-12-21 22:00:00,0.0,5.014827,4.043617,0.99451864,97070.53,0.00034524844,5.4020996,3.3847046,6.4419966,38.880352,86.8268,22,5,356,12,1,-0.5000000000000004,0.8660254037844384,-2.4492935982947064e-16,1.0,winter,0.0,0.34524843,99.451866,2024,,0.0,0.0,0.0,19.117427667625,33.38442385825659,6.840711,4.873625,4.4686446,5.839765708333332,0.6391215397840523,5.2630615,2.6623535,2.5948792,3.9624799,1.1936939468500203
2024-12-21 23:00:00,0.0,5.0971494,4.0616026,0.97905594,96973.516,0.00035672035,5.5437317,3.5020752,6.51748,38.549168,86.692345,23,5,356,12,1,-0.2588190451025215,0.965925826289068,-2.4492935982947064e-16,1.0,winter,0.0,0.35672036,97.905594,2024,,0.0,0.0,0.0,19.117427667625,33.38442385825659,6.4419966,4.95321,4.6067066,5.905114525000001,0.6157963677608618,5.4020996,2.6330566,2.645935,4.0766359875000004,1.194957485514467
2024-12-22 00:00:00,0.0,5.2407503,4.0213523,0.9425853,96873.234,0.00038655457,5.6468506,3.5925598,6.605811,37.49988,86.62547,0,6,357,12,1,0.0,1.0,-2.4492935982947064e-16,1.0,winter,0.0,0.38655457,94.25853,2024,,0.0,0.0,0.0,19.117427667625,33.38442385825659,6.51748,5.0335913,4.773452,5.970292441666667,0.593025852546817,5.5437317,2.6235046,2.6984863,4.1979141166666665,1.1897695277582387
2024-12-22 01:00:00,0.0,5.4049444,3.862489,0.91366994,96799.84,0.00041701822,5.675873,3.6452637,6.643211,35.550407,86.77305,1,6,357,12,1,0.2588190451025207,0.9659258262890684,-2.4492935982947064e-16,1.0,winter,0.0,0.41701823,91.367,2024,,0.0,0.0,0.0,19.117427667625,33.38442385825659,6.605811,5.1259246,4.8616323,6.035801595833333,0.5715011600893378,5.6468506,2.6237183,2.7635803,4.323886866666666,1.175797186887595
2024-12-22 02:00:00,0.0,5.4313903,3.693874,0.9048953,96714.16,0.00048349172,5.6157227,3.6430054,6.568463,34.219513,87.121704,2,6,357,12,1,0.4999999999999999,0.8660254037844387,-2.4492935982947064e-16,1.0,winter,0.0,0.48349172,90.48953,2024,,0.0,0.0,0.0,19.117427667625,33.38442385825659,6.643211,5.19547,4.906271,6.0990218625,0.5499904755509438,5.675873,2.6706238,2.819519,4.451059979166667,1.148659311215206
2024-12-22 03:00:00,0.0,5.4950423,3.5303698,0.9003516,96610.055,0.00053061295,5.5376587,3.5882874,6.531386,32.719307,87.257614,3,6,357,12,1,0.7071067811865476,0.7071067811865476,-2.4492935982947064e-16,1.0,winter,0.0,0.53061295,90.03516,2024,,0.0,0.0,0.0,19.117427667625,33.38442385825659,6.568463,5.2250857,4.936256,6.1562299041666675,0.5226471836020022,5.6157227,2.6885986,2.9010315,4.573772433333334,1.1067324576739384
2024-12-22 04:00:00,0.0,5.509413,3.2315896,0.87395,96518.93,0.000552329,5.433777,3.5040283,6.387237,30.39409,87.36848,4,6,357,12,1,0.8660254037844386,0.5000000000000001,-2.4492935982947064e-16,1.0,winter,0.0,0.552329,87.395004,2024,,0.0,0.0,0.0,19.117427667625,33.38442385825659,6.531386,5.285722,4.9202137,6.210659083333334,0.4883554265321,5.5376587,2.7124023,2.9745789,4.692483270833333,1.0469144497795495
2024-12-22 05:00:00,0.0,5.482887,2.9890523,0.87724787,96417.53,0.0005473936,5.2805786,3.3499756,6.244716,28.597466,87.348625,5,6,357,12,1,0.9659258262890684,0.2588190451025207,-2.4492935982947064e-16,1.0,winter,0.0,0.54739356,87.724785,2024,,0.0,0.0,0.0,19.117427667625,33.38442385825659,6.387237,5.351504,4.8659344,6.256555541666668,0.44771929460735166,5.433777,2.7531738,3.0109558,4.805873883333334,0.9674912491771508
2024-12-22 06:00:00,0.0,5.4688044,2.6785524,0.8864307,96351.14,0.0005182681,5.099579,3.177948,6.0895376,26.095037,87.38677,6,6,357,12,1,1.0,6.123233995736766e-17,-2.4492935982947064e-16,1.0,winter,0.0,0.5182681,88.64307,2024,,0.0,0.0,0.0,19.117427667625,33.38442385825659,6.244716,5.4588084,4.8692594,6.293772708333333,0.4042270185108665,5.2805786,2.7937927,3.0586243,4.911182416666667,0.8666405387841832
2024-12-22 07:00:00,24.928307,5.3794246,2.421161,0.87436754,96303.75,0.00053130195,4.843109,2.956604,5.8991723,24.231462,87.57999,7,6,357,12,1,0.9659258262890684,-0.2588190451025206,-2.4492935982947064e-16,1.0,winter,0.0069245296,0.531302,87.43675,2024,,0.0,0.009315923,0.01772522,19.117427667625,33.38442385825659,6.0895376,5.565457,4.9256997,6.320053091666666,0.3663070033097152,5.099579,2.90448,3.1322632,5.007256845833333,0.7403037243177718
2024-12-22 08:00:00,16338.968,5.3110127,2.210625,0.8817687,96284.85,0.0005496431,4.6632385,2.7919617,5.752714,22.598745,87.65774,8,6,357,12,1,0.8660254037844387,-0.4999999999999998,-2.4492935982947064e-16,1.0,winter,4.5386024,0.5496431,88.17687,2024,,0.0069245296,7.893097,7.1353273,19.117328026233334,33.38448337274886,5.8991723,5.668318,5.01472,6.333957895833333,0.341941007424021,4.843109,3.1769714,3.319458,5.088033054166666,0.5917483252278127
2024-12-22 09:00:00,118108.0,5.423002,2.0342305,0.9037393,96286.09,0.00052218355,4.595703,2.6521606,5.7919807,20.561647,87.2029,9,6,357,12,1,0.7071067811865476,-0.7071067811865475,-2.4492935982947064e-16,1.0,winter,32.807777,0.52218354,90.373924,2024,,4.5386024,41.80249,38.45011,18.977557417899998,33.440494074326686,5.752714,5.8129854,5.1698136,6.337474395833333,0.33516480215105954,4.6632385,3.7434387,3.6777954,5.14996085,0.44183768272439733
2024-12-22 10:00:00,254950.78,5.099191,1.369052,0.8916261,96280.91,0.00056870567,4.5917053,2.5494385,5.279778,15.028594,86.59304,10,6,357,12,1,0.4999999999999999,-0.8660254037844387,-2.4492935982947064e-16,1.0,winter,70.819664,0.5687057,89.16261,2024,,32.807777,77.64418,69.714645,18.602777709566666,33.223262673133036,5.7919807,5.628512,5.1856656,6.336599200000001,0.33661818830446744,4.595703,4.3144226,4.080963,5.1854718625,0.34820688557783125
2024-12-22 11:00:00,367703.3,5.3132224,1.3797553,0.8763558,96272.03,0.0005080998,4.5127563,2.2980042,5.4894495,14.557219,85.52874,11,6,357,12,1,0.258819045102521,-0.9659258262890682,-2.4492935982947064e-16,1.0,winter,102.13981,0.5080998,87.63558,2024,,70.819664,94.28295,89.4511,18.31842287623333,32.72137623756162,5.279778,5.98124,5.5571957,6.322068616666667,0.3739674343853324,4.5917053,4.8115845,4.4411926,5.197025308333333,0.32163530192050616
2024-12-22 12:00:00,427982.72,5.5181503,1.186775,0.84970915,96233.65,0.00047099704,4.379822,2.0229187,5.644326,12.137579,84.651566,12,6,357,12,1,1.2246467991473532e-16,-1.0,-2.4492935982947064e-16,1.0,winter,118.88409,0.47099704,84.97092,2024,,102.13981,97.20605,86.63655,18.6457920429,33.54340349246774,5.4894495,6.158697,5.8010764,6.3015773458333335,0.4055913986271903,4.5127563,5.179474,4.733612,5.184574133333334,0.3423240168623405
2024-12-22 13:00:00,392043.12,5.708277,0.8989088,0.8695968,96266.75,0.00038575596,4.1749268,1.7527771,5.7786217,8.94914,84.23417,13,6,357,12,1,-0.2588190451025208,-0.9659258262890684,-2.4492935982947064e-16,1.0,winter,108.90087,0.38575596,86.95968,2024,,118.88409,76.23588,69.90271,19.549043709566664,35.95595108996771,5.644326,6.2465544,5.988748,6.280145220833334,0.42651985404291554,4.379822,5.3807373,4.902191,5.1512553,0.379715474774171
2024-12-22 14:00:00,273782.06,5.5639977,0.58823746,0.86411345,96286.5,0.00029612856,3.864563,1.4639587,5.595006,6.0350113,84.32787,14,6,357,12,1,-0.4999999999999997,-0.8660254037844388,-2.4492935982947064e-16,1.0,winter,76.050575,0.29612857,86.41135,2024,,108.90087,46.251205,41.705402,20.910084959566667,38.70793238894925,5.7786217,6.3029428,6.0485744,6.260648025000001,0.43864491922630744,4.1749268,5.399536,4.9959717,5.101013195833334,0.42509340435744736
2024-12-22 15:00:00,111339.56,5.218057,0.56233156,0.8439304,96344.57,0.00020439926,3.4210205,1.164154,5.24827,6.1508255,85.15168,15,6,357,12,1,-0.7071067811865471,-0.7071067811865479,-2.4492935982947064e-16,1.0,winter,30.927656,0.20439926,84.39304,2024,,76.050575,16.64063,15.696989,22.151725376233333,40.01211439423759,5.595006,6.345864,6.1142526,6.231150658333333,0.4590076055464225,3.864563,5.249176,5.0198975,5.0370559875,0.4889083620932522
2024-12-22 16:00:00,6499.335,5.027522,0.6137698,0.8506144,96399.57,0.00014694796,2.9924011,0.86917114,5.0648484,6.960339,85.92767,16,6,357,12,1,-0.8660254037844384,-0.5000000000000004,-2.4492935982947064e-16,1.0,winter,1.8053708,0.14694797,85.06144,2024,,30.927656,0.8524661,0.9350875,22.747018126233332,40.03283092006513,5.24827,6.420645,6.253635,6.185417575,0.49993575520907685,3.4210205,5.0970154,5.0413513,4.960882841666667,0.5869983087048641
2024-12-22 17:00:00,0.0,4.947873,0.69151765,0.8439198,96454.88,0.00013666302,2.692566,0.6552429,4.995963,7.956156,86.43025,17,6,357,12,1,-0.9659258262890684,-0.2588190451025206,-2.4492935982947064e-16,1.0,winter,0.0,0.13666302,84.39198,2024,,1.8053708,0.0,0.0,22.786722488733332,40.01063827759207,5.0648484,6.55548,6.4195247,6.1289260500000005,0.5466210348369491,2.9924011,5.0445557,5.1427307,4.873190579166667,0.7100787230053033
2024-12-22 18:00:00,0.0,4.8741994,0.7474351,0.82852334,96517.11,0.000134811,2.4743958,0.48791504,4.9311743,8.718122,86.72596,18,6,357,12,1,-1.0,-1.8369701987210292e-16,-2.4492935982947064e-16,1.0,winter,0.0,0.134811,82.85233,2024,,0.0,0.0,0.0,22.786722488733332,40.01063827759207,4.995963,6.6272054,6.5662684,6.063946174999999,0.5850527498472201,2.692566,5.0837097,5.3056946,4.7751910083333335,0.8364556384014227
2024-12-22 19:00:00,0.0,4.7791476,0.83973306,0.7911946,96569.47,0.00013381467,2.3248596,0.36517334,4.8523607,9.965584,86.87914,19,6,357,12,1,-0.9659258262890684,0.2588190451025203,-2.4492935982947064e-16,1.0,winter,0.0,0.13381466,79.11946,2024,,0.0,0.0,0.0,22.786722488733332,40.01063827759207,4.9311743,6.717911,6.6921716,5.993278212500001,0.6156880444728686,2.4743958,5.1207886,5.525299,4.666469595833333,0.9556905384163348
2024-12-22 20:00:00,0.0,4.6778736,0.9453317,0.7764181,96621.15,0.00010050832,2.1756592,0.28115845,4.772437,11.424796,87.275276,20,6,357,12,1,-0.8660254037844386,0.5000000000000001,-2.4492935982947064e-16,1.0,winter,0.0,0.10050832,77.64181,2024,,0.0,0.0,0.0,22.786722488733332,40.01063827759207,4.8523607,6.778913,6.8396654,5.9155469499999995,0.6375987282456159,2.3248596,5.169342,5.7481995,4.549972554166667,1.0623586448753344
2024-12-22 21:00:00,0.0,4.587133,0.9725642,0.77718586,96664.06,9.460336e-05,2.0827637,0.2484436,4.689101,11.970586,87.64749,21,6,357,12,1,-0.7071067811865477,0.7071067811865474,-2.4492935982947064e-16,1.0,winter,0.0,0.09460336,77.71858,2024,,0.0,0.0,0.0,22.786722488733332,40.01063827759207,4.772437,6.840711,6.966787,5.831943783333333,0.6508786988453937,2.1756592,5.2630615,5.960083,4.425235770833334,1.157926529703492
2024-12-22 22:00:00,0.0,4.1832066,1.0016696,0.7578415,96734.21,0.000109546374,1.9978943,0.17285156,4.3014603,13.465944,87.698395,22,6,357,12,1,-0.5000000000000004,0.8660254037844384,-2.4492935982947064e-16,1.0,winter,0.0,0.10954637,75.78415,2024,,0.0,0.0,0.0,22.786722488733332,40.01063827759207,4.689101,6.4419966,6.725701,5.742293366666668,0.6540634343334282,2.0827637,5.4020996,6.1658325,4.2927233625,1.2371435022361486
2024-12-22 23:00:00,0.0,4.0905437,0.9019364,0.8090855,96772.97,0.00013770514,1.9499817,0.17495728,4.188799,12.43436,88.01239,23,6,357,12,1,-0.2588190451025215,0.965925826289068,-2.4492935982947064e-16,1.0,winter,0.0,0.13770513,80.90855,2024,,0.0,0.0,0.0,22.786722488733332,40.01063827759207,4.3014603,6.51748,6.950455,5.6531043541666675,0.6989084484264313,1.9978943,5.5437317,6.3527527,4.150881475,1.2980707913041154
2024-12-23 00:00:00,0.0,4.0539846,0.81619495,0.7940698,96829.75,0.00017331427,1.9248657,0.19174194,4.135331,11.38327,88.277725,0,0,358,12,0,0.0,1.0,-2.4492935982947064e-16,1.0,winter,0.0,0.17331427,79.40698,2024,,0.0,0.0,0.0,22.786722488733332,40.01063827759207,4.188799,6.605811,7.0898886,5.556075979166667,0.7344319373351336,1.9499817,5.6468506,6.524231,4.001141891666667,1.3371046000699944
2024-12-23 01:00:00,0.0,4.020868,0.625585,0.7564906,96857.42,0.00018778714,1.9637451,0.21017456,4.0692425,8.843437,88.15056,1,0,358,12,0,0.2588190451025207,0.9659258262890684,-2.4492935982947064e-16,1.0,winter,0.0,0.18778715,75.649055,2024,,0.0,0.0,0.0,22.786722488733332,40.01063827759207,4.135331,6.643211,7.1552434,5.4531393125,0.7537802104086943,1.9248657,5.675873,6.706482,3.8460591875,1.3536724694308404
2024-12-23 02:00:00,0.0,4.0847034,0.40389994,0.7335688,96904.59,0.00019870294,2.0177917,0.20413208,4.1046243,5.6471114,87.77264,2,0,358,12,0,0.4999999999999999,0.8660254037844387,-2.4492935982947064e-16,1.0,winter,0.0,0.19870295,73.35688,2024,,0.0,0.0,0.0,22.786722488733332,40.01063827759207,4.0692425,6.568463,7.16077,5.345890625,0.7601799258371824,1.9637451,5.6157227,6.8992615,3.6913871916666667,1.347567793856174
2024-12-23 03:00:00,0.0,4.097973,0.13112472,0.76597273,96930.95,0.00021716638,2.037445,0.1882019,4.10007,1.832694,87.5485,3,0,358,12,0,0.7071067811865476,0.7071067811865476,-2.4492935982947064e-16,1.0,winter,0.0,0.21716638,76.597275,2024,,0.0,0.0,0.0,22.786722488733332,40.01063827759207,4.1046243,6.531386,7.1699476,5.2432306791666665,0.7542405417785626,2.0177917,5.5376587,7.046112,3.5414733999999997,1.3241087453799367
2024-12-23 04:00:00,0.0,4.1007323,-0.16840084,0.7957037,96951.87,0.00022824324,2.0368042,0.1519165,4.1041884,-2.3515894,87.32259,4,0,358,12,0,0.8660254037844386,0.5000000000000001,-2.4492935982947064e-16,1.0,winter,0.0,0.22824325,79.57037,2024,,0.0,0.0,0.0,22.786722488733332,40.01063827759207,4.10007,6.387237,7.1775746,5.141925845833334,0.7367785469743167,2.037445,5.433777,7.1575623,3.3956311625000004,1.2869231587299677
2024-12-23 05:00:00,0.0,4.0589466,-0.45160314,0.8113208,96984.35,0.00022070407,2.0402832,0.10449219,4.0839925,-6.3486843,87.001305,5,0,358,12,0,0.9659258262890684,0.2588190451025207,-2.4492935982947064e-16,1.0,winter,0.0,0.22070406,81.13208,2024,,0.0,0.0,0.0,22.786722488733332,40.01063827759207,4.1041884,6.244716,7.1216288,5.046798820833334,0.7160975140670967,2.0368042,5.2805786,7.232483,3.2540906291666665,1.2389248651850926
2024-12-23 06:00:00,0.0,4.0578265,-0.73409146,0.8026032,97053.58,0.00020958597,2.0332336,0.07006836,4.1236935,-10.254333,86.82809,6,0,358,12,0,1.0,6.123233995736766e-17,-2.4492935982947064e-16,1.0,winter,0.0,0.20958596,80.260315,2024,,0.0,0.0,0.0,22.786722488733332,40.01063827759207,4.0839925,6.0895376,7.0364256,4.956768675,0.6944425394423478,2.0402832,5.099579,7.3002014,3.1190783208333333,1.1838165272380914
2024-12-23 07:00:00,13.906874,4.0538363,-1.016177,0.7875013,97131.25,0.0001836119,2.0625,0.039245605,4.179259,-14.072393,86.45344,7,0,358,12,0,0.9659258262890684,-0.2588190451025206,-2.4492935982947064e-16,1.0,winter,0.0038630206,0.1836119,78.75013,2024,,0.0,0.0069245296,0.013100107,22.786722488733332,40.01063827759207,4.1236935,5.8991723,6.950714,4.874858504166667,0.6705476774280985,2.0332336,4.843109,7.3568115,2.991313929166667,1.124772482822426
2024-12-23 08:00:00,24236.416,4.054499,-1.2375976,0.7661577,97231.6,0.00014567464,2.1844482,0.046783447,4.239176,-16.974314,85.751686,8,0,358,12,0,0.8660254037844387,-0.4999999999999998,-2.4492935982947064e-16,1.0,winter,6.732338,0.14567465,76.61577,2024,,0.0038630206,4.5386024,3.5608377,22.786594925858335,40.010714067197874,4.179259,5.752714,6.879798,4.80319545,0.647838278097762,2.0625,4.6632385,7.4431458,2.875455220833333,1.0674837284201595
2024-12-23 09:00:00,160682.19,4.2335696,-1.5227557,0.7352609,97296.414,0.00014144478,2.519165,0.14575195,4.4990993,-19.782948,84.33568,9,0,358,12,0,0.7071067811865476,-0.7071067811865475,-2.4492935982947064e-16,1.0,winter,44.63394,0.14144477,73.52609,2024,,6.732338,32.807777,20.36662,22.878000575858334,39.96969827160469,4.239176,5.7919807,6.8118877,4.740131366666667,0.6246409254333544,2.1844482,4.595703,7.687958,2.7721722916666667,1.0050805649463725
2024-12-23 10:00:00,337878.47,3.9254773,-1.4805238,0.6951743,97374.19,0.00013802128,2.999817,0.38012695,4.195393,-20.66435,82.90323,10,0,358,12,0,0.4999999999999999,-0.8660254037844387,-2.4492935982947064e-16,1.0,winter,93.85513,0.13802128,69.517426,2024,,44.63394,70.819664,41.44712,23.370757367525,40.169834537919186,4.4990993,5.279778,6.347046,4.686261308333333,0.584440141331676,2.519165,4.5917053,8.006622,2.6856498749999997,0.9276754732897167
2024-12-23 11:00:00,448810.84,4.23907,-1.8764452,0.6467876,97413.07,0.00013053144,3.3967896,0.49398804,4.6358128,-23.876814,81.27528,11,0,358,12,0,0.258819045102521,-0.9659258262890682,-2.4492935982947064e-16,1.0,winter,124.66968,0.13053143,64.67876,2024,,93.85513,102.13981,57.706013,24.330568450858333,41.602517328562584,4.195393,5.4894495,6.381696,4.6410786,0.5784465927043084,2.999817,4.5127563,8.261536,2.6193211958333333,0.838047598446704
2024-12-23 12:00:00,494465.9,4.411813,-2.2257588,0.64139766,97445.31,0.0001246487,3.6697388,0.5801697,4.941467,-26.770937,80.2241,12,0,358,12,0,1.2246467991473532e-16,-1.0,-2.4492935982947064e-16,1.0,winter,137.35164,0.12464869,64.13976,2024,,124.66968,118.88409,64.44719,25.26931303419167,43.63893691581625,4.6358128,5.644326,6.397481,4.605510404166666,0.5495350928947292,3.3967896,4.379822,8.469879,2.5728225833333336,0.7552977126725156
2024-12-23 13:00:00,433105.6,4.404013,-2.4754667,0.6485301,97482.31,0.00012336091,3.7867737,0.6404724,5.052056,-29.340054,79.91307,13,0,358,12,0,-0.2588190451025208,-0.9659258262890684,-2.4492935982947064e-16,1.0,winter,120.307106,0.12336091,64.85301,2024,,137.35164,108.90087,53.42372,26.038794284191667,45.48517095500243,4.941467,5.7786217,6.373459,4.5762246125,0.5090010690736667,3.6697388,4.1749268,8.543884,2.543235783333333,0.6927539811945779
2024-12-23 14:00:00,298353.28,4.2430434,-2.6146295,0.6319056,97539.71,0.00013374348,3.7554016,0.6515808,4.983945,-31.642023,80.15392,14,0,358,12,0,-0.4999999999999997,-0.8660254037844388,-2.4492935982947064e-16,1.0,winter,82.87591,0.13374348,63.190563,2024,,120.307106,76.050575,39.907185,26.514054117524996,46.438218865653326,5.052056,5.595006,6.335417,4.545951041666666,0.45289162953830275,3.7867737,3.864563,8.486359,2.5270627375,0.6565913017422151
2024-12-23 15:00:00,116585.34,3.98126,-2.5430589,0.5977908,97622.41,0.00011585698,3.5334778,0.66363525,4.7241488,-32.568703,81.48767,15,0,358,12,0,-0.7071067811865471,-0.7071067811865479,-2.4492935982947064e-16,1.0,winter,32.38482,0.11585698,59.77908,2024,,82.87591,30.927656,15.543112,26.79844307585833,46.774453632388855,4.983945,5.24827,6.236846,4.520490166666667,0.406111641355852,3.7554016,3.4210205,8.218658,2.5225143458333332,0.6472346548193332
2024-12-23 16:00:00,7542.5396,3.8983119,-2.5039823,0.6095587,97702.26,0.00010693417,3.323578,0.67822266,4.633224,-32.71364,82.79075,16,0,358,12,0,-0.8660254037844384,-0.5000000000000004,-2.4492935982947064e-16,1.0,winter,2.09515,0.10693417,60.95587,2024,,32.38482,1.8053708,0.9348247,26.859158242525,46.78099183187731,4.7241488,5.0648484,6.2166038,4.498651783333333,0.3784223942078984,3.5334778,2.9924011,7.8838806,2.527200066666667,0.654389822534711
2024-12-23 17:00:00,0.0,3.8713348,-2.526378,0.6518455,97790.08,0.00011063538,3.2158813,0.6956177,4.6227503,-33.12789,83.527916,17,0,358,12,0,-0.9659258262890684,-0.2588190451025206,-2.4492935982947064e-16,1.0,winter,0.0,0.11063538,65.184555,2024,,2.09515,0.0,0.0,26.871232375858337,46.77428123956577,4.633224,4.995963,6.2784033,4.480667433333333,0.3601599453003044,3.323578,2.692566,7.587677,2.5409991041666666,0.6679766594814308
2024-12-23 18:00:00,0.0,3.7994852,-2.586315,0.63687664,97871.84,0.00012448868,3.102417,0.70861816,4.596206,-34.24317,84.27987,18,0,358,12,0,-1.0,-1.8369701987210292e-16,-2.4492935982947064e-16,1.0,winter,0.0,0.12448868,63.687664,2024,,0.0,0.0,0.0,26.871232375858337,46.77428123956577,4.6227503,4.9311743,6.3191314,4.465116904166666,0.3446676816352416,3.2158813,2.4743958,7.41156,2.562803908333333,0.6815429257520865
2024-12-23 19:00:00,0.0,3.6521287,-2.5052779,0.6110834,97952.39,0.00014658566,3.0075989,0.70910645,4.4288216,-34.449245,84.85037,19,0,358,12,0,-0.9659258262890684,0.2588190451025203,-2.4492935982947064e-16,1.0,winter,0.0,0.14658566,61.108337,2024,,0.0,0.0,0.0,26.871232375858337,46.77428123956577,4.596206,4.8523607,6.2943764,4.451159891666666,0.3315053508423104,3.102417,2.3248596,7.2695007,2.5889714583333334,0.6900047255890552
2024-12-23 20:00:00,0.0,3.4927552,-2.377651,0.6167668,98021.5,0.00011826055,2.9309692,0.7079468,4.2252293,-34.244602,85.30504,20,0,358,12,0,-0.8660254037844386,0.5000000000000001,-2.4492935982947064e-16,1.0,winter,0.0,0.11826055,61.67668,2024,,0.0,0.0,0.0,26.871232375858337,46.77428123956577,4.4288216,4.772437,6.321059,4.433512429166667,0.32030324394885207,3.0075989,2.1756592,7.142029,2.6174189291666665,0.6927111715568341
2024-12-23 21:00:00,0.0,3.3318312,-2.1734052,0.62935996,98101.53,0.00010201637,2.8155823,0.6789551,3.9780383,-33.11703,85.82588,21,0,358,12,0,-0.7071067811865477,0.7071067811865474,-2.4492935982947064e-16,1.0,winter,0.0,0.10201637,62.935997,2024,,0.0,0.0,0.0,26.871232375858337,46.77428123956577,4.2252293,4.689101,6.283387,4.410712108333333,0.3145529161257593,2.9309692,2.0827637,7.008972,2.6488901791666666,0.6889157583946067
2024-12-23 22:00:00,0.0,3.037417,-1.8515264,0.60170954,98176.12,9.560638e-05,2.727417,0.65493774,3.5572534,-31.365345,86.2148,22,0,358,12,0,-0.5000000000000004,0.8660254037844384,-2.4492935982947064e-16,1.0,winter,0.0,0.09560638,60.170956,2024,,0.0,0.0,0.0,26.871232375858337,46.77428123956577,3.9780383,4.3014603,5.8126116,4.381084495833334,0.3206203573285008,2.8155823,1.9978943,6.938965,2.6794242875,0.6789001437746262
2024-12-23 23:00:00,0.0,3.0652673,-1.6708674,0.64486873,98238.65,9.745029e-05,2.6237488,0.63809204,3.4910831,-28.594658,86.74617,23,0,358,12,0,-0.2588190451025215,0.965925826289068,-2.4492935982947064e-16,1.0,winter,0.0,0.09745029,64.48687,2024,,0.0,0.0,0.0,26.871232375858337,46.77428123956577,3.5572534,4.188799,5.81194,4.350075875,0.36197653921007933,2.727417,1.9499817,6.8624573,2.7098210666666667,0.6632092382852652
2024-12-24 00:00:00,0.0,3.0115147,-1.5509017,0.62301075,98299.375,9.238694e-05,2.4826355,0.5840454,3.3874054,-27.24804,87.27923,0,1,359,12,0,0.0,1.0,-2.4492935982947064e-16,1.0,winter,0.0,0.09238694,62.301075,2024,,0.0,0.0,0.0,26.871232375858337,46.77428123956577,3.4910831,4.135331,5.769881,4.321004379166666,0.4013670149462765,2.6237488,1.9248657,6.81485,2.7378946958333334,0.6436177247952046
2024-12-24 01:00:00,0.0,2.9381278,-1.4138794,0.6614203,98364.805,8.505464e-05,2.35495,0.5217285,3.260621,-25.697687,87.68012,1,1,359,12,0,0.2588190451025207,0.9659258262890684,-2.4492935982947064e-16,1.0,winter,0.0,0.08505464,66.14203,2024,,0.0,0.0,0.0,26.871232375858337,46.77428123956577,3.3874054,4.0692425,5.700809,4.2898408125000005,0.44325968817342665,2.4826355,1.9637451,6.73645,2.761135104166667,0.6227144349192802
2024-12-24 02:00:00,0.0,2.8102956,-1.2134837,0.727956,98433.055,7.897523e-05,2.2206726,0.450531,3.0610952,-23.354654,88.068306,2,1,359,12,0,0.4999999999999999,0.8660254037844387,-2.4492935982947064e-16,1.0,winter,0.0,0.07897523,72.7956,2024,,0.0,0.0,0.0,26.871232375858337,46.77428123956577,3.260621,4.1046243,5.600568,4.25614825,0.48911658400443875,2.35495,2.0177917,6.6355286,2.777435308333333,0.6058254861315012
2024-12-24 03:00:00,0.0,2.7817512,-1.0248339,0.7766326,98485.62,7.291309e-05,2.1032104,0.4149475,2.9645276,-20.224464,88.58072,3,1,359,12,0,0.7071067811865476,0.7071067811865476,-2.4492935982947064e-16,1.0,winter,0.0,0.07291309,77.66326,2024,,0.0,0.0,0.0,26.871232375858337,46.77428123956577,3.0610952,4.10007,5.527805,4.212667870833333,0.5462212084605802,2.2206726,2.037445,6.550354,2.7858886791666664,0.5961023849209919
2024-12-24 04:00:00,0.0,2.75949,-0.79216254,0.8060148,98550.3,7.26026e-05,2.0341492,0.4118042,2.8709419,-16.017103,88.99805,4,1,359,12,0,0.8660254037844386,0.5000000000000001,-2.4492935982947064e-16,1.0,winter,0.0,0.0726026,80.60148,2024,,0.0,0.0,0.0,26.871232375858337,46.77428123956577,2.9645276,4.1041884,5.399414,4.165353604166667,0.6026634180829186,2.1032104,2.0368042,6.4808044,2.7886289041666665,0.5926534549422136
2024-12-24 05:00:00,0.0,2.6826906,-0.53574914,0.80533636,98603.6,7.799547e-05,1.971405,0.41964722,2.7356637,-11.293729,89.44829,5,1,359,12,0,0.9659258262890684,0.2588190451025207,-2.4492935982947064e-16,1.0,winter,0.0,0.07799547,80.53364,2024,,0.0,0.0,0.0,26.871232375858337,46.77428123956577,2.8709419,4.0839925,5.1873474,4.113968333333333,0.6581285479253632,2.0341492,2.0402832,6.3885193,2.788518279166667,0.5928001221380507
2024-12-24 06:00:00,0.0,2.544459,-0.24877298,0.8696491,98669.07,8.967499e-05,1.8993835,0.4119873,2.5565915,-5.5840874,89.85984,6,1,359,12,0,1.0,6.123233995736766e-17,-2.4492935982947064e-16,1.0,winter,0.0,0.089674994,86.96491,2024,,0.0,0.0,0.0,26.871232375858337,46.77428123956577,2.7356637,4.1236935,5.003367,4.057787966666667,0.7158193473211328,1.971405,2.0332336,6.3043213,2.7856483541666663,0.5967337310430604
2024-12-24 07:00:00,17.501848,2.4407995,0.0010082755,0.86496913,98727.28,0.000121329154,1.8233643,0.39022827,2.4407997,0.023668446,90.2073,7,1,359,12,0,0.9659258262890684,-0.2588190451025206,-2.4492935982947064e-16,1.0,winter,0.0048616244,0.12132915,86.49691,2024,,0.0,0.0038630206,0.014821384,26.871232375858337,46.77428123956577,2.5565915,4.179259,4.824226,3.9924920499999996,0.7782941409035731,1.8993835,2.0625,6.2237244,2.7800712666666665,0.6046446059394599
2024-12-24 08:00:00,23173.156,2.3228574,0.27888015,0.862219,98818.79,9.375753e-05,1.9076538,0.4908142,2.3395386,6.846111,90.32003,8,1,359,12,0,0.8660254037844387,-0.4999999999999998,-2.4492935982947064e-16,1.0,winter,6.436988,0.09375753,86.2219,2024,,0.0048616244,6.732338,6.3624864,26.87127398435,46.77425630075255,2.4407997,4.239176,4.699177,3.9200562458333335,0.8387102226068605,1.8233643,2.1844482,6.2068176,2.7701072791666665,0.6187885865177196
2024-12-24 09:00:00,155669.23,2.35074,0.4479426,0.84516853,98873.06,7.0986e-05,2.327118,0.75827026,2.393038,10.788592,89.367035,9,1,359,12,0,0.7071067811865476,-0.7071067811865475,-2.4492935982947064e-16,1.0,winter,43.241455,0.070986,84.51685,2024,,6.436988,44.63394,36.325138,26.858967734350003,46.77982372296693,2.3395386,4.4990993,4.6136856,3.8409046875,0.8950307406290706,1.9076538,2.519165,6.5358276,2.7585741791666667,0.6326040519233748
2024-12-24 10:00:00,316935.38,2.360418,0.5806763,0.84953403,98923.33,6.0895592e-05,2.8518372,0.9649353,2.4307938,13.820647,87.38846,10,1,359,12,0,0.4999999999999999,-0.8660254037844387,-2.4492935982947064e-16,1.0,winter,88.037605,0.060895592,84.9534,2024,,43.241455,93.85513,72.36538,26.800947526016667,46.75767750554449,2.393038,4.195393,4.0738096,3.7531521333333333,0.930243683641785,2.327118,2.999817,6.9933777,2.7505722208333334,0.636963664143738
2024-12-24 11:00:00,403558.38,2.4615068,0.5693938,0.8551268,98948.7,5.0441125e-05,3.321045,1.1225891,2.5265045,13.02453,85.49896,11,1,359,12,0,0.258819045102521,-0.9659258262890682,-2.4492935982947064e-16,1.0,winter,112.09955,0.050441127,85.51268,2024,,88.037605,124.66968,91.3495,26.558550651016663,46.40872482291078,2.4307938,4.6358128,4.19962,3.6796271666666667,0.962931182520126,2.8518372,3.3967896,7.3407288,2.7444063958333333,0.6351597380604629
2024-12-24 12:00:00,403560.4,2.4192386,0.7117157,0.8790268,98961.71,4.748001e-05,3.6524353,1.2467041,2.5217562,16.393353,84.27204,12,1,359,12,0,1.2246467991473532e-16,-1.0,-2.4492935982947064e-16,1.0,winter,112.10011,0.04748001,87.90268,2024,,112.09955,137.35164,96.27132,26.03479523435,45.31128528526108,2.5265045,4.941467,4.1350894,3.5917393208333337,0.9681101488827042,3.321045,3.6697388,7.505829,2.7412503708333333,0.6319573017533294
2024-12-24 13:00:00,355721.66,2.2788248,0.7937107,0.90560615,99006.31,3.9907358e-05,3.7747192,1.33078,2.4130933,19.203138,84.05556,13,1,359,12,0,-0.2588190451025208,-0.9659258262890684,-2.4492935982947064e-16,1.0,winter,98.81157,0.03990736,90.560616,2024,,112.10011,120.307106,90.72524,24.982648151016665,42.83985312367997,2.5217562,5.052056,3.9491644,3.4909180375,0.947206366369957,3.6524353,3.7867737,7.520111,2.740529391666667,0.6308608836890739
2024-12-24 14:00:00,234230.83,1.9666914,1.0679541,0.9276457,99049.69,3.0512292e-05,3.756073,1.4026184,2.2379458,28.502872,84.60093,14,1,359,12,0,-0.4999999999999997,-0.8660254037844388,-2.4492935982947064e-16,1.0,winter,65.06412,0.030512292,92.76457,2024,,98.81157,82.87591,61.155437,24.087000817683332,40.94297432847448,2.4130933,4.983945,3.615005,3.380961258333334,0.9105655265986241,3.7747192,3.7554016,7.326477,2.7400271208333336,0.6299958870605195
2024-12-24 15:00:00,93700.875,1.8177798,1.3107322,0.8516544,99099.195,2.3664938e-05,3.47464,1.4424744,2.2410583,35.793945,86.54231,15,1,359,12,0,-0.7071067811865471,-0.7071067811865479,-2.4492935982947064e-16,1.0,winter,26.02802,0.023664938,85.16544,2024,,65.06412,32.38482,24.206055,23.344842901016666,39.98113341505483,2.2379458,4.7241488,3.291652,3.266544625,0.8720969176702091,3.756073,3.5334778,6.8953247,2.7400550958333336,0.6300429483031158
2024-12-24 16:00:00,5507.122,1.7408172,1.4392781,0.8164939,99150.71,2.0358091e-05,3.1513367,1.4510803,2.258753,39.583363,88.59594,16,1,359,12,0,-0.8660254037844384,-0.5000000000000004,-2.4492935982947064e-16,1.0,winter,1.5297562,0.020358091,81.64939,2024,,26.02802,2.09515,1.5669936,23.07997623435,39.939676371657676,2.2410583,4.633224,3.1888251,3.1630825208333335,0.8382908668559794,3.47464,3.323578,6.453766,2.7376035208333334,0.6269281850874457
2024-12-24 17:00:00,0.0,1.6907922,1.6040119,0.8341466,99195.15,1.8288274e-05,2.9184265,1.4068604,2.3305862,43.491257,89.78361,17,1,359,12,0,-0.9659258262890684,-0.2588190451025206,-2.4492935982947064e-16,1.0,winter,0.0,0.018288273,83.414665,2024,,1.5297562,0.0,0.0,23.056418159350002,39.9527568572241,2.258753,4.6227503,3.2215436,3.0641462291666666,0.7963067149829508,3.1513367,3.2158813,6.1752014,2.7304268,0.6208853691895668
2024-12-24 18:00:00,0.0,1.6359385,1.7333137,0.8830141,99246.07,1.7279268e-05,2.8061218,1.3880615,2.383416,46.65545,90.379295,18,1,359,12,0,-1.0,-1.8369701987210292e-16,-2.4492935982947064e-16,1.0,winter,0.0,0.017279267,88.30141,2024,,0.0,0.0,0.0,23.056418159350002,39.9527568572241,2.3305862,4.596206,3.26293,2.9686393916666667,0.7364529313472853,2.9184265,3.102417,5.9508057,2.71803285,0.6137008170041267
2024-12-24 19:00:00,0.0,1.6308038,1.8239896,0.8685036,99291.49,1.9449177e-05,2.7183228,1.3700867,2.4467242,48.20054,90.82681,19,1,359,12,0,-0.9659258262890684,0.2588190451025203,-2.4492935982947064e-16,1.0,winter,0.0,0.019449176,86.85036,2024,,0.0,0.0,0.0,23.056418159350002,39.9527568572241,2.383416,4.4288216,3.3194473,2.8764398083333336,0.6581873064864728,2.8061218,3.0075989,5.75943,2.7056872166666666,0.6085910481934657
2024-12-24 20:00:00,0.0,1.6130428,1.8434781,0.8836669,99331.59,1.8536735e-05,2.661621,1.3629761,2.4495547,48.814083,91.14663,20,1,359,12,0,-0.8660254037844386,0.5000000000000001,-2.4492935982947064e-16,1.0,winter,0.0,0.018536735,88.366684,2024,,0.0,0.0,0.0,23.056418159350002,39.9527568572241,2.4467242,4.2252293,3.4527893,2.7938524166666667,0.5738850143239886,2.7183228,2.9309692,5.586853,2.6936340458333334,0.6052068553962926
2024-12-24 21:00:00,0.0,1.5688308,1.8833567,0.8758731,99376.914,1.6947984e-05,2.6226807,1.3564758,2.4511757,50.205795,91.35643,21,1,359,12,0,-0.7071067811865477,0.7071067811865474,-2.4492935982947064e-16,1.0,winter,0.0,0.016947985,87.58731,2024,,0.0,0.0,0.0,23.056418159350002,39.9527568572241,2.4495547,3.9780383,3.5650709,2.719865975,0.48959777247374,2.661621,2.8155823,5.429474,2.6824112041666663,0.6031081371538541
2024-12-24 22:00:00,0.0,1.6066687,2.1078823,0.88577175,99429.6,1.3474439e-05,2.5661926,1.3947449,2.6503873,52.684647,91.976,22,1,359,12,0,-0.5000000000000004,0.8660254037844384,-2.4492935982947064e-16,1.0,winter,0.0,0.013474438,88.57718,2024,,0.0,0.0,0.0,23.056418159350002,39.9527568572241,2.4511757,3.5572534,3.5058966,2.6562467,0.4120624944954502,2.6226807,2.727417,5.326111,2.6743736375,0.6025413393798981
2024-12-24 23:00:00,0.0,1.5858951,2.061279,0.8514121,99472.59,9.300616e-06,2.480774,1.3679199,2.6007564,52.426243,92.35825,23,1,359,12,0,-0.2588190451025215,0.965925826289068,-2.4492935982947064e-16,1.0,winter,0.0,0.009300616,85.14121,2024,,0.0,0.0,0.0,23.056418159350002,39.9527568572241,2.6503873,3.4910831,3.821102,2.6184606125000003,0.3647066017227585,2.5661926,2.6237488,5.1698303,2.667655954166667,0.6028229242605821
2024-12-25 00:00:00,0.0,1.5940648,1.9872527,0.82500684,99482.87,8.096716e-06,2.3766174,1.3258362,2.5475903,51.265327,92.76454,0,2,360,12,0,0.0,1.0,-2.4492935982947064e-16,1.0,winter,0.0,0.008096715,82.50069,2024,,0.0,0.0,0.0,23.056418159350002,39.9527568572241,2.6007564,3.3874054,4.084903,2.5813636666666664,0.3138170233217047,2.480774,2.4826355,5.056122,2.6616986708333332,0.6039810420123207
2024-12-25 01:00:00,0.0,1.5632766,1.9921756,0.79059774,99510.38,7.547631e-06,2.2782288,1.2727966,2.5323107,51.87843,93.06158,1,2,360,12,0,0.2588190451025207,0.9659258262890684,-2.4492935982947064e-16,1.0,winter,0.0,0.007547631,79.05978,2024,,0.0,0.0,0.0,23.056418159350002,39.9527568572241,2.5475903,3.260621,4.269714,2.546371370833333,0.26268812396864755,2.3766174,2.35495,4.9739685,2.65728125,0.6057327816930176
2024-12-25 02:00:00,0.0,1.544539,2.001292,0.7740677,99551.086,7.1437466e-06,2.2187195,1.2435913,2.5279973,52.340084,93.26113,2,2,360,12,0,0.4999999999999999,0.8660254037844387,-2.4492935982947064e-16,1.0,winter,0.0,0.0071437466,77.40677,2024,,0.0,0.0,0.0,23.056418159350002,39.9527568572241,2.5323107,3.0610952,4.387725,2.5160251083333334,0.21417788574394148,2.2782288,2.2206726,4.9549255,2.654084533333333,0.6075972630669927
2024-12-25 03:00:00,0.0,1.545334,1.9806831,0.7825569,99556.234,5.602925e-06,2.1653137,1.2090149,2.5122027,52.038555,93.384575,3,2,360,12,0,0.7071067811865476,0.7071067811865476,-2.4492935982947064e-16,1.0,winter,0.0,0.0056029246,78.25569,2024,,0.0,0.0,0.0,23.056418159350002,39.9527568572241,2.5279973,2.9645276,4.570625,2.4938126958333333,0.18012801886511282,2.2187195,2.1032104,4.953888,2.6540031541666664,0.6076579641950135
2024-12-25 04:00:00,0.0,1.4969059,1.9615678,0.7876345,99574.14,6.7902597e-06,2.0965881,1.1577759,2.4674835,52.65213,93.49846,4,2,360,12,0,0.8660254037844386,0.5000000000000001,-2.4492935982947064e-16,1.0,winter,0.0,0.00679026,78.76345,2024,,0.0,0.0,0.0,23.056418159350002,39.9527568572241,2.5122027,2.8709419,4.734062,2.474965825,0.14985516709691457,2.1653137,2.0341492,4.968872,2.656590791666667,0.6053383048771265
2024-12-25 05:00:00,0.0,1.4465195,1.9825037,0.80787313,99601.71,8.70078e-06,2.0717468,1.1361694,2.454127,53.883907,93.51892,5,2,360,12,0,0.9659258262890684,0.2588190451025207,-2.4492935982947064e-16,1.0,winter,0.0,0.008700781,80.787315,2024,,0.0,0.0,0.0,23.056418159350002,39.9527568572241,2.4674835,2.7356637,4.9089947,2.4581550583333334,0.12388241683542756,2.0965881,1.971405,5.0644836,2.6591924125,0.6026751845036324
2024-12-25 06:00:00,0.0,1.4407376,1.9724658,0.82008046,99638.95,1.0975008e-05,2.056366,1.1102905,2.4426105,53.854683,93.447556,6,2,360,12,0,1.0,6.123233995736766e-17,-2.4492935982947064e-16,1.0,winter,0.0,0.010975008,82.00805,2024,,0.0,0.0,0.0,23.056418159350002,39.9527568572241,2.454127,2.5565915,5.092672,2.4464243625,0.1088836996790449,2.0717468,1.8993835,5.2189636,2.6633733208333332,0.5980265006983788
2024-12-25 07:00:00,16.886917,1.4270552,1.9632535,0.8224448,99695.6,9.035236e-06,2.0111694,1.072113,2.4271076,53.987236,93.492424,7,2,360,12,0,0.9659258262890684,-0.2588190451025206,-2.4492935982947064e-16,1.0,winter,0.00469081,0.009035236,82.24448,2024,,0.0,0.0048616244,0.015728012,23.056418159350002,39.9527568572241,2.4426105,2.4407997,5.3467083,2.4416751541666666,0.106325302549278,2.056366,1.8233643,5.4051514,2.6699142583333333,0.5901131662232638
2024-12-25 08:00:00,29485.268,1.3943868,1.9725817,0.82220376,99734.93,6.912905e-06,2.1984253,1.2195129,2.4156559,54.744118,93.23472,8,2,360,12,0,0.8660254037844387,-0.4999999999999998,-2.4492935982947064e-16,1.0,winter,8.190352,0.0069129053,82.220375,2024,,0.00469081,6.436988,10.392984,23.05641104208333,39.9527611422324,2.4271076,2.3395386,5.62439,2.44110465,0.10636692950937343,2.0111694,1.9076538,5.810364,2.6777394708333335,0.5795500491371344
2024-12-25 09:00:00,156356.4,1.434004,1.8943851,0.7996851,99778.3,6.8649747e-06,2.925476,1.6444397,2.3759341,52.875153,91.27979,9,2,360,12,0,0.7071067811865476,-0.7071067811865475,-2.4492935982947064e-16,1.0,winter,43.432335,0.0068649747,79.96851,2024,,8.190352,43.241455,53.402397,23.12946787541667,39.92264162014363,2.4156559,2.393038,5.9179926,2.4442762041666666,0.1043219955065522,2.1984253,2.327118,6.5494385,2.6898549499999995,0.5656234446185823
2024-12-25 10:00:00,303694.28,1.3929547,1.669016,0.80714613,99813.87,7.562433e-06,3.7384949,2.0582275,2.173922,50.15175,88.773575,10,2,360,12,0,0.4999999999999999,-0.8660254037844387,-2.4492935982947064e-16,1.0,winter,84.35952,0.007562433,80.714615,2024,,43.432335,88.037605,95.39926,23.13742120875,39.926841298449716,2.3759341,2.4307938,5.813155,2.443563541666667,0.10474480613798998,2.925476,2.8518372,7.5135803,2.714786533333333,0.5621158954196442
2024-12-25 11:00:00,407849.1,1.4132985,1.5296524,0.78948337,99820.336,7.833099e-06,4.493286,2.4405823,2.0826063,47.26409,86.51885,11,2,360,12,0,0.258819045102521,-0.9659258262890682,-2.4492935982947064e-16,1.0,winter,113.29141,0.007833099,78.94833,2024,,84.35952,112.09955,118.22233,22.984167667083337,39.67315319082499,2.173922,2.5265045,6.161886,2.43286055,0.11834696767880888,3.7384949,3.321045,8.361542,2.7517306041666667,0.5994144834099042
2024-12-25 12:00:00,433090.6,1.3358746,1.4108213,0.75814396,99812.586,8.660603e-06,4.994995,2.7109985,1.9429302,46.562996,85.161354,12,2,360,12,0,1.2246467991473532e-16,-1.0,-2.4492935982947064e-16,1.0,winter,120.30294,0.008660603,75.8144,2024,,113.29141,112.10011,118.165825,23.033828500416664,39.79012680412651,2.0826063,2.5217562,6.3847876,2.414364791666667,0.13638767091597304,4.493286,3.6524353,8.977997,2.8005739791666664,0.688902332192223
2024-12-25 13:00:00,372297.47,1.2125556,1.386547,0.7402595,99809.586,8.446678e-06,5.2290344,2.9335327,1.8419565,48.829826,85.11781,13,2,360,12,0,-0.2588190451025208,-0.9659258262890684,-2.4492935982947064e-16,1.0,winter,103.41596,0.0084466785,74.025955,2024,,120.30294,98.81157,99.28901,23.37561308375,40.615118381318744,1.9429302,2.4130933,6.684078,2.3902470416666666,0.16479162135279404,4.994995,3.7747192,9.403168,2.856513966666667,0.805691732769089
2024-12-25 14:00:00,252780.19,1.0565547,1.3708962,0.72894526,99825.29,9.070832e-06,5.1660767,3.0295715,1.7307987,52.378426,86.07488,14,2,360,12,0,-0.4999999999999997,-0.8660254037844388,-2.4492935982947064e-16,1.0,winter,70.21672,0.009070831,72.89452,2024,,103.41596,65.06412,65.56526,23.567462667083333,40.99602872297065,1.8419565,2.2379458,6.796032,2.366449675,0.1990306311886103,5.2290344,3.756073,9.558075,2.917110433333333,0.9237877335549686
2024-12-25 15:00:00,99815.69,0.98877144,1.3871037,0.7216154,99845.71,9.750315e-06,4.6835327,2.94516,1.7034452,54.51752,88.4893,15,2,360,12,0,-0.7071067811865471,-0.7071067811865479,-2.4492935982947064e-16,1.0,winter,27.72658,0.009750315,72.16154,2024,,70.21672,26.02802,25.695906,23.78215433375,41.23558243634298,1.7307987,2.2410583,6.7425723,2.3453185458333334,0.23663636979575026,5.1660767,3.47464,9.465576,2.9758605874999997,1.019355721691093
2024-12-25 16:00:00,7110.859,0.9511482,1.3915406,0.7082781,99866.66,1.2835483e-05,4.0562134,2.7426147,1.6855469,55.64654,91.145096,16,2,360,12,0,-0.8660254037844384,-0.5000000000000004,-2.4492935982947064e-16,1.0,winter,1.9752386,0.012835483,70.82781,2024,,27.72658,1.5297562,1.4042474,23.852927667083335,41.24106191563616,1.7034452,2.258753,6.649093,2.322918,0.2700252895624401,4.6835327,3.1513367,9.370056,3.0262311166666667,1.0735040265490963
2024-12-25 17:00:00,0.0,0.9449045,1.388314,0.70303196,99889.59,1.3533999e-05,3.6620483,2.5473633,1.679363,55.76029,92.41641,17,2,360,12,0,-0.9659258262890684,-0.2588190451025206,-2.4492935982947064e-16,1.0,winter,0.0,0.013533999,70.30319,2024,,1.9752386,0.0,0.0,23.87148943375,41.23067681693662,1.6855469,2.3305862,6.5646825,2.2990344124999997,0.299670011622983,4.0562134,2.9184265,9.413116,3.0639343125000003,1.093787713664715
2024-12-25 18:00:00,0.0,0.9375613,1.3344988,0.7157892,99906.88,1.3294699e-05,3.3905334,2.3860474,1.6309226,54.909775,93.12817,18,2,360,12,0,-1.0,-1.8369701987210292e-16,-2.4492935982947064e-16,1.0,winter,0.0,0.013294699,71.57892,2024,,0.0,0.0,0.0,23.87148943375,41.23067681693662,1.679363,2.383416,6.4764304,2.2719001125,0.3250936536245626,3.6620483,2.8061218,9.431366,3.0949185541666666,1.1000014466384795
2024-12-25 19:00:00,0.0,0.9401327,1.24353,0.6964995,99924.79,1.43114585e-05,3.1970215,2.2453918,1.5589151,52.91001,93.46914,19,2,360,12,0,-0.9659258262890684,0.2588190451025203,-2.4492935982947064e-16,1.0,winter,0.0,0.014311459,69.649956,2024,,0.0,0.0,0.0,23.87148943375,41.23067681693662,1.6309226,2.4467242,6.332305,2.2405462208333335,0.3492599695282748,3.3905334,2.7183228,9.4552,3.1192690375,1.0997989355152362
2024-12-25 20:00:00,0.0,0.895604,1.1725801,0.678108,99921.984,1.1328142e-05,3.0380554,2.1157532,1.4754832,52.6278,93.65669,20,2,360,12,0,-0.8660254037844386,0.5000000000000001,-2.4492935982947064e-16,1.0,winter,0.0,0.011328142,67.8108,2024,,0.0,0.0,0.0,23.87148943375,41.23067681693662,1.5589151,2.4495547,6.118937,2.203554175,0.37270269396952604,3.1970215,2.661621,9.385681,3.1392148166666662,1.096547281012241
2024-12-25 21:00:00,0.0,0.82734233,1.0806363,0.6682895,99934.0,1.29429745e-05,2.8880615,1.9634094,1.3609812,52.562088,93.633484,21,2,360,12,0,-0.7071067811865477,0.7071067811865474,-2.4492935982947064e-16,1.0,winter,0.0,0.012942974,66.82895,2024,,0.0,0.0,0.0,23.87148943375,41.23067681693662,1.4754832,2.4511757,5.8929915,2.1629678625,0.39699441306768923,3.0380554,2.6226807,9.282806,3.1548995833333335,1.0921020755072404
2024-12-25 22:00:00,0.0,0.7339961,1.0202453,0.6999317,99950.6,1.3187208e-05,2.7377014,1.827179,1.2568415,54.26759,93.72059,22,2,360,12,0,-0.5000000000000004,0.8660254037844384,-2.4492935982947064e-16,1.0,winter,0.0,0.013187208,69.99317,2024,,0.0,0.0,0.0,23.87148943375,41.23067681693662,1.3609812,2.6503873,5.4467573,2.1175430916666667,0.4240335295430639,2.8880615,2.5661926,9.17099,3.1659571166666662,1.087814139784056
2024-12-25 23:00:00,0.0,0.66483676,1.0811459,0.6936954,99951.86,1.2636361e-05,2.5841064,1.681427,1.2692062,58.41109,93.7656,23,2,360,12,0,-0.2588190451025215,0.965925826289068,-2.4492935982947064e-16,1.0,winter,0.0,0.012636361,69.369545,2024,,0.0,0.0,0.0,23.87148943375,41.23067681693662,1.2568415,2.6007564,5.4622035,2.0594786833333334,0.44288927133411754,2.7377014,2.480774,9.079346,3.173103316666667,1.0842603311182648
2024-12-26 00:00:00,0.0,0.5656547,1.0991248,0.68802,99941.25,1.2544025e-05,2.4328003,1.5354614,1.2361394,62.76779,93.794044,0,3,361,12,0,0.0,1.0,-2.4492935982947064e-16,1.0,winter,0.0,0.012544025,68.802,2024,,0.0,0.0,0.0,23.87148943375,41.23067681693662,1.2692062,2.5475903,5.4907107,2.003997425,0.45536148106034363,2.5841064,2.3766174,8.988922,3.1774088333333332,1.0815934962380092
2024-12-26 01:00:00,0.0,0.5010783,1.0991907,0.6802609,99953.45,1.2325871e-05,2.325531,1.4303284,1.2080147,65.4936,93.80316,1,3,361,12,0,0.2588190451025207,0.9659258262890684,-2.4492935982947064e-16,1.0,winter,0.0,0.012325871,68.02609,2024,,0.0,0.0,0.0,23.87148943375,41.23067681693662,1.2361394,2.5323107,5.631987,1.9493536375,0.46586030246432925,2.4328003,2.2782288,8.914337,3.1797497875,1.079844326985412
2024-12-26 02:00:00,0.0,0.46418175,1.0688361,0.67571855,99965.99,1.0453765e-05,2.1862488,1.2932739,1.165279,66.525314,93.81135,2,3,361,12,0,0.4999999999999999,0.8660254037844387,-2.4492935982947064e-16,1.0,winter,0.0,0.010453765,67.57185,2024,,0.0,0.0,0.0,23.87148943375,41.23067681693662,1.2080147,2.5279973,5.787469,1.8941746375,0.47219492322881546,2.325531,2.2187195,8.85025,3.1817207124999993,1.0781692038488573
2024-12-26 03:00:00,0.0,0.4366983,1.0625294,0.6777322,99963.32,1.1682334e-05,2.0519104,1.1632996,1.1487708,67.657394,93.834206,3,3,361,12,0,0.7071067811865476,0.7071067811865476,-2.4492935982947064e-16,1.0,winter,0.0,0.011682334,67.773224,2024,,0.0,0.0,0.0,23.87148943375,41.23067681693662,1.165279,2.5122027,5.93467,1.8373947083333333,0.4745912511950496,2.1862488,2.1653137,8.809326,3.1803677666666665,1.0794497833769283
2024-12-26 04:00:00,0.0,0.42539403,0.981664,0.68247545,99963.65,1.0412883e-05,1.9411011,1.0351562,1.0698712,66.571,93.71185,4,3,361,12,0,0.8660254037844386,0.5000000000000001,-2.4492935982947064e-16,1.0,winter,0.0,0.010412883,68.24754,2024,,0.0,0.0,0.0,23.87148943375,41.23067681693662,1.1487708,2.4674835,6.037228,1.7805850458333332,0.4718985077314356,2.0519104,2.0965881,8.718414,3.175642629166667,1.0843234240978896
2024-12-26 05:00:00,0.0,0.36084667,0.96875423,0.6719029,99955.62,1.14018e-05,1.8182983,0.91448975,1.0337771,69.57038,93.72018,5,3,361,12,0,0.9659258262890684,0.2588190451025207,-2.4492935982947064e-16,1.0,winter,0.0,0.0114018,67.19029,2024,,0.0,0.0,0.0,23.87148943375,41.23067681693662,1.0698712,2.454127,6.0800867,1.7223512,0.4696772704134748,1.9411011,2.0717468,8.726135,3.169164004166667,1.0914916875830394
2024-12-26 06:00:00,0.0,0.33137015,0.95741594,0.6639431,99983.375,1.1076861e-05,1.6721191,0.75772095,1.0131394,70.908806,93.64137,6,3,361,12,0,1.0,6.123233995736766e-17,-2.4492935982947064e-16,1.0,winter,0.0,0.01107686,66.39431,2024,,0.0,0.0,0.0,23.87148943375,41.23067681693662,1.0337771,2.4426105,6.0441895,1.6631699541666665,0.4628975553399929,1.8182983,2.056366,8.694702,3.15860365,1.10372849367428
2024-12-26 07:00:00,18.920916,0.2995953,0.9002354,0.66422695,100006.72,1.5716947e-05,1.5639648,0.6268921,0.94877875,71.59273,93.48278,7,3,361,12,0,0.9659258262890684,-0.2588190451025206,-2.4492935982947064e-16,1.0,winter,0.00525581,0.015716948,66.42269,2024,,0.0,0.00469081,0.012679641,23.87148943375,41.23067681693662,1.0131394,2.4271076,5.929149,1.603608658333333,0.4500326742148821,1.6721191,2.0111694,8.674744,3.1425933625,1.1230304129837045
2024-12-26 08:00:00,32398.664,0.20299521,0.90807945,0.6558108,100050.14,1.0141865e-05,1.6313477,0.65304565,0.930492,77.39908,93.20852,8,3,361,12,0,0.8660254037844387,-0.4999999999999998,-2.4492935982947064e-16,1.0,winter,8.999629,0.010141864,65.58108,2024,,0.00525581,8.190352,7.147153,23.871512975416668,41.23066259726834,0.94877875,2.4156559,5.761207,1.5420116229166665,0.4332770681071773,1.5639648,2.1984253,8.811066,3.1239598374999997,1.1460926636129882
2024-12-26 09:00:00,189730.39,0.119122535,0.84513927,0.64278835,100075.63,1.00371935e-05,2.2529602,1.0412598,0.85349315,81.977005,91.69043,9,3,361,12,0,0.7071067811865476,-0.7071067811865475,-2.4492935982947064e-16,1.0,winter,52.702885,0.010037193,64.27883,2024,,8.999629,43.432335,32.78154,23.905232850416667,41.217609266337604,0.930492,2.3759341,5.592789,1.48012979375,0.40842032248232374,1.6313477,2.925476,9.042725,3.100331604166667,1.1715658571102348
2024-12-26 10:00:00,377643.94,0.07812292,0.7245854,0.6653776,100072.336,1.0919324e-05,2.912445,1.3522644,0.72878474,83.84629,89.4705,10,3,361,12,0,0.4999999999999999,-0.8660254037844387,-2.4492935982947064e-16,1.0,winter,104.90109,0.010919324,66.537766,2024,,52.702885,84.35952,59.922123,24.291505767083333,41.451341983902196,0.85349315,2.173922,4.835476,1.4166947541666666,0.3805143373890603,2.2529602,3.7384949,9.255005,3.0723101125000003,1.183907490179515
2024-12-26 11:00:00,504610.0,-0.078112006,0.7715639,0.6177471,100064.305,1.1743305e-05,3.6484375,1.6929016,0.77550775,95.78084,87.03615,11,3,361,12,0,0.258819045102521,-0.9659258262890682,-2.4492935982947064e-16,1.0,winter,140.16945,0.011743304,61.77471,2024,,104.90109,113.29141,71.74775,25.147404517083334,42.93122585796715,0.72878474,2.0826063,4.861647,1.3564807016666667,0.3696653137850659,2.912445,4.493286,9.263031,3.0378913666666665,1.175676915533381
2024-12-26 12:00:00,556575.5,-0.06329481,0.7133625,0.5789385,100014.99,1.0226448e-05,4.1921997,1.9000854,0.716165,95.07042,85.02286,12,3,361,12,0,1.2246467991473532e-16,-1.0,-2.4492935982947064e-16,1.0,winter,154.60431,0.010226447,57.89385,2024,,140.16945,120.30294,78.65076,26.267322850416665,45.59828256162274,0.77550775,1.9429302,4.8615794,1.3020182620833334,0.35398904595973396,3.6484375,4.994995,9.078125,3.0026893458333332,1.1423816748014455
2024-12-26 13:00:00,500264.78,-0.14484052,0.64788234,0.5442808,100001.75,9.705909e-06,4.4236755,1.9826355,0.6638752,102.60182,84.14973,13,3,361,12,0,-0.2588190451025208,-0.9659258262890684,-2.4492935982947064e-16,1.0,winter,138.96243,0.0097059095,54.42808,2024,,154.60431,103.41596,69.70437,27.696546600416667,49.07861405079035,0.716165,1.8419565,4.9111147,1.2509030454166667,0.34589764700611925,4.1921997,5.2290344,8.767212,2.9692395416666666,1.0921583180481937
2024-12-26 14:00:00,349734.38,-0.23456912,0.59646237,0.5344604,99990.625,1.177608e-05,4.3171997,1.9910278,0.64092904,111.46808,84.83035,14,3,361,12,0,-0.4999999999999997,-0.8660254037844388,-2.4492935982947064e-16,1.0,winter,97.14844,0.01177608,53.44604,2024,,138.96243,70.21672,49.40916,29.177649517083335,51.91730777717423,0.6638752,1.7307987,4.992534,1.2018163245833333,0.3419425675097086,4.4236755,5.1660767,8.234222,2.9356829208333335,1.0303294374085201
2024-12-26 15:00:00,148922.75,-0.3758825,0.5630655,0.5221503,99994.445,1.1595636e-05,3.7286072,1.7871704,0.67700106,123.72566,87.13182,15,3,361,12,0,-0.7071067811865471,-0.7071067811865479,-2.4492935982947064e-16,1.0,winter,41.36743,0.011595637,52.215027,2024,,97.14844,27.72658,18.145317,30.299804517083334,53.12002773277177,0.64092904,1.7034452,5.0260143,1.15640508875,0.3410054450844068,4.3171997,4.6835327,7.5223694,2.9003130458333337,0.9627907526554823
2024-12-26 16:00:00,11852.0625,-0.48526788,0.57445294,0.52136934,99989.55,1.2514068e-05,2.946106,1.4567566,0.7519848,130.18938,89.928955,16,3,361,12,0,-0.8660254037844384,-0.5000000000000004,-2.4492935982947064e-16,1.0,winter,3.2922397,0.012514068,52.136932,2024,,41.36743,1.9752386,0.9040782,30.868173267083336,53.16425604636168,0.67700106,1.6855469,5.1789684,1.1136365829166668,0.33370282728356454,3.7286072,4.0562134,6.76593,2.8605244833333336,0.9038185304116133
2024-12-26 17:00:00,0.0,-0.5180164,0.6378833,0.4966493,99995.44,1.17492955e-05,2.4451904,1.1376648,0.8217275,129.07957,91.07357,17,3,361,12,0,-0.9659258262890684,-0.2588190451025206,-2.4492935982947064e-16,1.0,winter,0.0,0.0117492955,49.66493,2024,,3.2922397,0.0,0.0,30.923048312916666,53.1338076893469,0.7519848,1.679363,5.3985915,1.0747381620833334,0.3181892231260989,2.946106,3.6620483,6.109833,2.814270008333333,0.8676486791931116
2024-12-26 18:00:00,0.0,-0.5228774,0.69181484,0.5017406,100002.15,1.0730774e-05,2.0718384,0.8740845,0.8671843,127.08218,91.77084,18,3,361,12,0,-1.0,-1.8369701987210292e-16,-2.4492935982947064e-16,1.0,winter,0.0,0.010730774,50.174057,2024,,0.0,0.0,0.0,30.923048312916666,53.1338076893469,0.8217275,1.6309226,5.6081414,1.0390033495833333,0.294619617408823,2.4451904,3.3905334,5.5674133,2.763567595833333,0.8513549659702958
2024-12-26 19:00:00,0.0,-0.49854523,0.70818007,0.4935603,100021.39,1.4543005e-05,1.8023376,0.6204834,0.8660637,125.144806,91.85888,19,3,361,12,0,-0.9659258262890684,0.2588190451025203,-2.4492935982947064e-16,1.0,winter,0.0,0.014543005,49.356033,2024,,0.0,0.0,0.0,30.923048312916666,53.1338076893469,0.8671843,1.5589151,5.813649,1.0071809204166666,0.2679443416377677,2.0718384,3.1970215,5.1150513,2.7086219708333332,0.8516854909327987
2024-12-26 20:00:00,0.0,-0.5093166,0.68081385,0.48498824,100002.37,6.572106e-06,1.5526428,0.3781433,0.8502417,126.80015,91.891815,20,3,361,12,0,-0.8660254037844386,0.5000000000000001,-2.4492935982947064e-16,1.0,winter,0.0,0.006572106,48.498825,2024,,0.0,0.0,0.0,30.923048312916666,53.1338076893469,0.8660637,1.4754832,6.0347424,0.9783121120833335,0.2419816365354437,1.8023376,3.0380554,4.839142,2.6505101416666665,0.8643981988968686
2024-12-26 21:00:00,0.0,-0.48579955,0.6420162,0.49397656,100004.53,1.0151381e-05,1.3378906,0.16619873,0.80509996,127.11398,91.896835,21,3,361,12,0,-0.7071067811865477,0.7071067811865474,-2.4492935982947064e-16,1.0,winter,0.0,0.010151381,49.397655,2024,,0.0,0.0,0.0,30.923048312916666,53.1338076893469,0.8502417,1.3609812,6.2721586,0.9522603829166667,0.2186621280142645,1.5526428,2.8880615,4.5214233,2.58861795,0.8882915599300393
2024-12-26 22:00:00,0.0,-0.43903765,0.6641131,0.56726235,99989.914,1.0887606e-05,1.0835266,-0.05706787,0.79611576,123.46823,92.08833,22,3,361,12,0,-0.5000000000000004,0.8660254037844384,-2.4492935982947064e-16,1.0,winter,0.0,0.010887606,56.726234,2024,,0.0,0.0,0.0,30.923048312916666,53.1338076893469,0.80509996,1.2568415,5.93243,0.9290986645833333,0.20231596277860378,1.3378906,2.7377014,4.2874146,2.5240274958333333,0.921316397928623
2024-12-26 23:00:00,0.0,-0.47641823,0.75900143,0.57608336,99962.94,9.328457e-06,0.87005615,-0.29241943,0.89613473,122.11611,91.928604,23,3,361,12,0,-0.2588190451025215,0.965925826289068,-2.4492935982947064e-16,1.0,winter,0.0,0.009328457,57.608337,2024,,0.0,0.0,0.0,30.923048312916666,53.1338076893469,0.79611576,1.2692062,6.0982847,0.9099017587499999,0.1914310865201364,1.0835266,2.5841064,4.0485535,2.455103545833333,0.9654537984461887
2024-12-27 00:00:00,0.0,-0.49927768,0.8115963,0.58626837,99941.32,8.890035e-06,0.661499,-0.52352905,0.9528729,121.59898,91.76444,0,4,362,12,0,0.0,1.0,-2.4492935982947064e-16,1.0,winter,0.0,0.008890036,58.626835,2024,,0.0,0.0,0.0,30.923048312916666,53.1338076893469,0.89613473,1.2361394,6.094682,0.8943571141666666,0.17546774589746011,0.87005615,2.4328003,3.8781128,2.3836847854166665,1.017491416820792
2024-12-27 01:00:00,0.0,-0.5121533,0.876406,0.58852345,99924.695,9.073298e-06,0.47763062,-0.71435547,1.0150806,120.30111,91.70592,1,4,362,12,0,0.2588190451025207,0.9659258262890684,-2.4492935982947064e-16,1.0,winter,0.0,0.009073298,58.852345,2024,,0.0,0.0,0.0,30.923048312916666,53.1338076893469,0.9528729,1.2080147,6.076784,0.8825543433333335,0.16035436617144855,0.661499,2.325531,3.749176,2.309880564583333,1.076314647089377
2024-12-27 02:00:00,0.0,-0.4889723,0.9109125,0.5947627,99921.38,9.780624e-06,0.28622437,-0.9255066,1.0338547,118.22662,91.56113,2,4,362,12,0,0.4999999999999999,0.8660254037844387,-2.4492935982947064e-16,1.0,winter,0.0,0.009780624,59.47627,2024,,0.0,0.0,0.0,30.923048312916666,53.1338076893469,1.0150806,1.165279,6.087203,0.8745154225,0.14766277771889974,0.47763062,2.1862488,3.651825,2.2328847154166667,1.139394162316112
2024-12-27 03:00:00,0.0,-0.43927443,0.8664079,0.60860157,99905.69,8.968274e-06,0.1244812,-1.1003723,0.9714034,116.88529,91.46248,3,4,362,12,0,0.7071067811865476,0.7071067811865476,-2.4492935982947064e-16,1.0,winter,0.0,0.008968274,60.860157,2024,,0.0,0.0,0.0,30.923048312916666,53.1338076893469,1.0338547,1.1487708,6.096424,0.8690394100000001,0.1385679353850637,0.28622437,2.0519104,3.5231323,2.153717030833333,1.2067910984308443
2024-12-27 04:00:00,0.0,-0.37127236,0.8169374,0.6225446,99875.98,7.947286e-06,-0.03338623,-1.2892151,0.897346,114.4403,91.24436,4,4,362,12,0,0.8660254037844386,0.5000000000000001,-2.4492935982947064e-16,1.0,winter,0.0,0.007947286,62.25446,2024,,0.0,0.0,0.0,30.923048312916666,53.1338076893469,0.9714034,1.0698712,6.0868206,0.8616491016666666,0.12726941785924575,0.1244812,1.9411011,3.4080505,2.073407480833333,1.2760089250427082
2024-12-27 05:00:00,0.0,-0.3973566,0.79335654,0.6257396,99868.195,7.5324765e-06,-0.19467163,-1.4547119,0.8873032,116.60422,91.20503,5,4,362,12,0,0.9659258262890684,0.2588190451025207,-2.4492935982947064e-16,1.0,winter,0.0,0.0075324764,62.57396,2024,,0.0,0.0,0.0,30.923048312916666,53.1338076893469,0.897346,1.0337771,5.9606733,0.8544605516666667,0.11964080823741366,-0.03338623,1.8182983,3.2690735,1.9911371754166665,1.3466093483433859
2024-12-27 06:00:00,0.0,-0.4429829,0.823734,0.6309679,99875.8,6.9943167e-06,-0.35055542,-1.6275024,0.93529224,118.27022,91.0809,6,4,362,12,0,1.0,6.123233995736766e-17,-2.4492935982947064e-16,1.0,winter,0.0,0.006994317,63.09679,2024,,0.0,0.0,0.0,30.923048312916666,53.1338076893469,0.8873032,1.0131394,5.784546,0.8483574725,0.11368348550039883,-0.19467163,1.6721191,3.1604614,1.9072634283333334,1.4186070399643433
2024-12-27 07:00:00,16.93422,-0.46535665,0.88980794,0.63699704,99883.445,1.1624536e-05,-0.45864868,-1.7143555,1.0041488,117.60892,91.21582,7,4,362,12,0,0.9659258262890684,-0.2588190451025206,-2.4492935982947064e-16,1.0,winter,0.0047039497,0.011624536,63.699703,2024,,0.0,0.00525581,0.0052426704,30.923048312916666,53.1338076893469,0.93529224,0.94877875,5.634189,0.8451138408333333,0.10982249805011847,-0.35055542,1.5639648,3.0516968,1.8229853233333333,1.491399144652267
2024-12-27 08:00:00,35677.895,-0.4608184,1.0173509,0.6294191,99888.2,6.066722e-06,-0.32717896,-1.6765137,1.1168511,114.368576,90.598885,8,4,362,12,0,0.8660254037844387,-0.4999999999999998,-2.4492935982947064e-16,1.0,winter,9.910526,0.0060667223,62.94191,2024,,0.0047039497,8.999629,7.2750006,30.9230253187375,53.133821651182274,1.0041488,0.930492,5.451631,0.84742092625,0.1126403522959164,-0.45864868,1.6313477,3.0394592,1.7387097616666665,1.562141055897787
2024-12-27 09:00:00,224305.48,-0.4025151,1.0981772,0.60532415,99888.14,7.146566e-06,0.5196533,-1.072998,1.1696203,110.12941,89.061966,9,4,362,12,0,0.7071067811865476,-0.7071067811865475,-2.4492935982947064e-16,1.0,winter,62.30708,0.007146566,60.532413,2024,,9.910526,52.702885,52.531086,30.960979360404167,53.11780358387206,1.1168511,0.85349315,5.6175923,0.85518588875,0.1244230633613223,-0.32717896,2.2529602,3.2888794,1.6571044841666664,1.6181456253651754
2024-12-27 10:00:00,446995.3,-0.102294564,1.1693844,0.62161785,99871.58,5.6438066e-06,1.2952576,-0.60043335,1.17385,94.99935,87.18181,10,4,362,12,0,0.4999999999999999,-0.8660254037844387,-2.4492935982947064e-16,1.0,winter,124.16537,0.0056438064,62.161785,2024,,62.30708,104.90109,112.89741,31.361154152070835,53.32449821690733,1.1696203,0.72878474,5.251047,0.8683578533333334,0.13999493593372234,0.5196533,2.912445,3.672699,1.5848833633333335,1.6290389389698023
2024-12-27 11:00:00,601374.06,-0.019541444,1.1192938,0.58637327,99832.88,5.3622152e-06,2.140564,-0.16799927,1.1194644,91.000206,84.68941,11,4,362,12,0,0.258819045102521,-0.9659258262890682,-2.4492935982947064e-16,1.0,winter,167.04836,0.0053622155,58.637325,2024,,124.16537,140.16945,148.90828,32.163832485404164,54.609119252159786,1.17385,0.77550775,5.5447288,0.8869022391666667,0.14983450635980913,1.2952576,3.6484375,4.006592,1.517500555,1.605007834772406
2024-12-27 12:00:00,653778.1,0.104960844,1.0227638,0.558671,99774.555,5.540545e-06,2.8268738,0.17471313,1.0281355,84.14055,82.68653,12,4,362,12,0,1.2246467991473532e-16,-1.0,-2.4492935982947064e-16,1.0,winter,181.60504,0.0055405446,55.8671,2024,,167.04836,154.60431,163.00307,33.283787068737496,57.137555233762455,1.1194644,0.716165,5.753511,0.90123376625,0.1550744177876111,2.140564,4.1921997,4.2373962,1.4546724925,1.5464086369375432
2024-12-27 13:00:00,578165.9,0.15342408,0.92749727,0.5532402,99717.016,6.2443464e-06,3.1678162,0.40847778,0.94010115,80.60734,82.09167,13,4,362,12,0,-0.2588190451025208,-0.9659258262890684,-2.4492935982947064e-16,1.0,winter,160.60164,0.0062443465,55.324017,2024,,181.60504,138.96243,143.3544,34.408817485404164,59.832466524876594,1.0281355,0.6638752,5.635507,0.9142325370833334,0.15193020350477338,2.8268738,4.4236755,4.3034973,1.3977839133333332,1.4642544063675382
2024-12-27 14:00:00,400180.56,0.16407716,0.8317946,0.57256466,99689.16,6.2774748e-06,3.04187,0.4993286,0.8478229,78.84128,83.37225,14,4,362,12,0,-0.4999999999999997,-0.8660254037844388,-2.4492935982947064e-16,1.0,winter,111.16127,0.0062774746,57.256466,2024,,160.60164,97.14844,91.955696,35.310451235404166,61.61306788359301,0.94010115,0.64092904,5.2890334,0.9257419516666667,0.14229719128222057,3.1678162,4.3171997,4.185974,1.3454564425,1.370880718048966
2024-12-27 15:00:00,170723.19,0.0694701,0.83706456,0.583878,99678.99,6.3035545e-06,2.4227295,0.33114624,0.83994234,85.255745,86.06391,15,4,362,12,0,-0.7071067811865471,-0.7071067811865479,-2.4492935982947064e-16,1.0,winter,47.423107,0.0063035544,58.3878,2024,,111.16127,41.36743,35.15924,35.894319152070835,62.287252270219085,0.8478229,0.67700106,4.860024,0.9343625291666667,0.13003088667911325,3.04187,3.7286072,3.8212585,1.292317705,1.2718184901112088
2024-12-27 16:00:00,13071.042,0.015937304,0.85523534,0.5964318,99675.09,6.0350035e-06,1.5657349,-0.0335083,0.8553838,88.93242,89.10753,16,4,362,12,0,-0.8660254037844384,-0.5000000000000004,-2.4492935982947064e-16,1.0,winter,3.630845,0.0060350033,59.64318,2024,,47.423107,3.2922397,1.8946143,36.14663902707083,62.322642731830236,0.83994234,0.7519848,4.6724377,0.9411517491666667,0.11986563608010838,2.4227295,2.946106,3.4179993,1.2379061341666666,1.1882446263472943
2024-12-27 17:00:00,0.0,0.07496556,0.94717026,0.60449135,99684.65,5.8284795e-06,1.0224915,-0.38165283,0.95013225,85.474655,90.3366,17,4,362,12,0,-0.9659258262890684,-0.2588190451025206,-2.4492935982947064e-16,1.0,winter,0.0,0.0058284793,60.449135,2024,,3.630845,0.0,0.0,36.1607475812375,62.31491965313455,0.8553838,0.8217275,4.6334047,0.9454600408333333,0.11450939961297292,1.5657349,2.4451904,3.1827393,1.1803906716666666,1.1341423488761433
2024-12-27 18:00:00,0.0,0.12145348,1.0517384,0.6174683,99679.1,6.5044396e-06,0.6769104,-0.6107178,1.0587279,83.41273,91.081604,18,4,362,12,0,-1.0,-1.8369701987210292e-16,-2.4492935982947064e-16,1.0,winter,0.0,0.0065044397,61.74683,2024,,0.0,0.0,0.0,36.1607475812375,62.31491965313455,0.95013225,0.8671843,4.657582,0.9508102387499999,0.11143536961827794,1.0224915,2.0718384,3.0148315,1.1211115508333334,1.1018816201003667
2024-12-27 19:00:00,0.0,0.2141084,1.113386,0.60474133,99691.76,8.282446e-06,0.39248657,-0.8456726,1.1337861,79.114685,91.39153,19,4,362,12,0,-0.9659258262890684,0.2588190451025203,-2.4492935982947064e-16,1.0,winter,0.0,0.008282446,60.474133,2024,,0.0,0.0,0.0,36.1607475812375,62.31491965313455,1.0587279,0.8660637,4.693003,0.9587912220833333,0.11204319325187745,0.6769104,1.8023376,2.916809,1.0629895508333334,1.086230989204785
2024-12-27 20:00:00,0.0,0.2946911,1.1420436,0.6138739,99677.07,6.156239e-06,0.13012695,-1.09552,1.1794517,75.531105,91.45753,20,4,362,12,0,-0.8660254037844386,0.5000000000000001,-2.4492935982947064e-16,1.0,winter,0.0,0.006156239,61.38739,2024,,0.0,0.0,0.0,36.1607475812375,62.31491965313455,1.1337861,0.8502417,4.7503066,0.9699463220833332,0.11567813636287266,0.39248657,1.5526428,2.8070374,1.0042457579166666,1.0826249749416565
2024-12-27 21:00:00,0.0,0.36207592,1.1247702,0.6143818,99662.695,6.3077837e-06,-0.10720825,-1.370575,1.181612,72.15605,91.18882,21,4,362,12,0,-0.7071067811865477,0.7071067811865474,-2.4492935982947064e-16,1.0,winter,0.0,0.0063077835,61.43818,2024,,0.0,0.0,0.0,36.1607475812375,62.31491965313455,1.1794517,0.80509996,4.8347154,0.9836634054166667,0.12029319691788,0.13012695,1.3378906,2.731903,0.9449742641666666,1.0902093331443092
2024-12-27 22:00:00,0.0,0.2078822,1.0281616,0.6283054,99640.57,6.594309e-06,-0.40771484,-1.6012573,1.0489669,78.569565,91.63737,22,4,362,12,0,-0.5000000000000004,0.8660254037844384,-2.4492935982947064e-16,1.0,winter,0.0,0.006594309,62.830536,2024,,0.0,0.0,0.0,36.1607475812375,62.31491965313455,1.181612,0.79611576,4.873625,0.9993514070833335,0.12054449741576956,-0.10720825,1.0835266,2.6623535,0.8847618120833333,1.107336970483969
2024-12-27 23:00:00,0.0,0.30147305,1.1503164,0.58669263,99611.65,6.4262e-06,-0.57724,-1.8081665,1.1891651,75.31429,91.374245,23,4,362,12,0,-0.2588190451025215,0.965925826289068,-2.4492935982947064e-16,1.0,winter,0.0,0.0064262,58.669262,2024,,0.0,0.0,0.0,36.1607475812375,62.31491965313455,1.0489669,0.89613473,4.95321,1.0098868712500002,0.11281102117818516,-0.40771484,0.87005615,2.6330566,0.8226267520833334,1.1371363518396274
2024-12-28 00:00:00,0.0,0.39002308,1.1911584,0.5533377,99579.54,6.0783523e-06,-0.7776184,-2.0198975,1.253386,71.86991,91.28411,0,5,363,12,1,0.0,1.0,-2.4492935982947064e-16,1.0,winter,0.0,0.006078352,55.33377,2024,,0.0,0.0,0.0,36.1607475812375,62.31491965313455,1.1891651,0.9528729,5.0335913,1.02209647,0.1157825660655463,-0.57724,0.661499,2.6235046,0.7623227458333334,1.17234285164093
2024-12-28 01:00:00,0.0,0.4785605,1.2074211,0.5233737,99554.23,5.557814e-06,-0.9390259,-2.2236023,1.2988017,68.37913,90.98815,1,5,363,12,1,0.2588190451025207,0.9659258262890684,-2.4492935982947064e-16,1.0,winter,0.0,0.0055578137,52.33737,2024,,0.0,0.0,0.0,36.1607475812375,62.31491965313455,1.253386,1.0150806,5.1259246,1.0346178491666667,0.12393353153361614,-0.7776184,0.47763062,2.6237183,0.7023595208333333,1.2137953001567385
2024-12-28 02:00:00,0.0,0.5500916,1.1872482,0.49670085,99542.766,6.394129e-06,-1.1282654,-2.3915405,1.308495,65.140144,91.11826,2,5,363,12,1,0.4999999999999999,0.8660254037844387,-2.4492935982947064e-16,1.0,winter,0.0,0.006394129,49.670086,2024,,0.0,0.0,0.0,36.1607475812375,62.31491965313455,1.2988017,1.0338547,5.19547,1.0464395616666666,0.13502436159333472,-0.9390259,0.28622437,2.6706238,0.6433321658333334,1.2588106747042047
2024-12-28 03:00:00,0.0,0.59322673,1.1719519,0.48243064,99527.71,7.5063967e-06,-1.2611694,-2.5332031,1.3135407,63.152065,91.04983,3,5,363,12,1,0.7071067811865476,0.7071067811865476,-2.4492935982947064e-16,1.0,winter,0.0,0.0075063966,48.243065,2024,,0.0,0.0,0.0,36.1607475812375,62.31491965313455,1.308495,0.9714034,5.2250857,1.0578829075,0.1451682935242467,-1.1282654,0.1244812,2.6885986,0.5843950920833333,1.3083937266202041
2024-12-28 04:00:00,0.0,0.6531346,1.1404042,0.49122664,99483.03,7.2773173e-06,-1.3932495,-2.669403,1.3141943,60.199284,91.01265,4,5,363,12,1,0.8660254037844386,0.5000000000000001,-2.4492935982947064e-16,1.0,winter,0.0,0.0072773173,49.122665,2024,,0.0,0.0,0.0,36.1607475812375,62.31491965313455,1.3135407,0.897346,5.285722,1.0721386283333334,0.15289993275542882,-1.2611694,-0.03338623,2.7124023,0.5266596504166666,1.3591581740128764
2024-12-28 05:00:00,0.0,0.6541773,1.1097785,0.49527836,99465.25,7.294234e-06,-1.5357971,-2.8451843,1.2882377,59.482075,90.778145,5,5,363,12,1,0.9659258262890684,0.2588190451025207,-2.4492935982947064e-16,1.0,winter,0.0,0.007294234,49.527836,2024,,0.0,0.0,0.0,36.1607475812375,62.31491965313455,1.3141943,0.8873032,5.351504,1.0895073075000001,0.15582896671122293,-1.3932495,-0.19467163,2.7531738,0.46999868083333335,1.4108816277340095
2024-12-28 06:00:00,0.0,0.63641995,1.1622945,0.50138336,99456.555,6.499153e-06,-1.6510925,-2.9467773,1.325126,61.29688,90.862274,6,5,363,12,1,1.0,6.123233995736766e-17,-2.4492935982947064e-16,1.0,winter,0.0,0.006499153,50.138336,2024,,0.0,0.0,0.0,36.1607475812375,62.31491965313455,1.2882377,0.93529224,5.4588084,1.1062129116666666,0.15469616120194254,-1.5357971,-0.35055542,2.7937927,0.41411845291666666,1.463913574714304
2024-12-28 07:00:00,15.420547,0.6252078,1.2320292,0.5018859,99464.445,6.499858e-06,-1.7678223,-3.060852,1.3815863,63.09395,90.8718,7,5,363,12,1,0.9659258262890684,-0.2588190451025206,-2.4492935982947064e-16,1.0,winter,0.004283485,0.006499858,50.18859,2024,,0.0,0.0047039497,0.009315923,36.1607475812375,62.31491965313455,1.325126,1.0041488,5.565457,1.122455985,0.1564258010761681,-1.6510925,-0.45864868,2.90448,0.3599294079166666,1.5165734150312005
2024-12-28 08:00:00,37390.617,0.6204251,1.3054694,0.5072848,99476.6,4.8603556e-06,-1.6288757,-2.96286,1.4453988,64.58057,90.60551,8,5,363,12,1,0.8660254037844387,-0.4999999999999998,-2.4492935982947064e-16,1.0,winter,10.386283,0.0048603555,50.72848,2024,,0.004283485,9.910526,7.893097,36.160730061875,62.31493026014386,1.3815863,1.1168511,5.668318,1.1381825475,0.1628554779777321,-1.7678223,-0.32717896,3.1769714,0.30538050708333336,1.5699034378457568
2024-12-28 09:00:00,237853.8,0.6355068,1.3799182,0.4832842,99486.12,5.1119905e-06,-0.733551,-2.3286743,1.5192245,65.27206,88.938614,9,5,363,12,1,0.7071067811865476,-0.7071067811865475,-2.4492935982947064e-16,1.0,winter,66.070496,0.0051119905,48.32842,2024,,10.386283,62.30708,41.80249,36.180553270208335,62.306291727637166,1.4453988,1.1696203,5.8129854,1.151872035,0.17438500630907702,-1.6288757,0.5196533,3.7434387,0.2511431429166667,1.6145579754600514
2024-12-28 10:00:00,466495.66,0.79056805,1.279641,0.53401357,99477.92,5.0439717e-06,0.21218872,-1.612793,1.504154,58.292034,87.52901,10,5,363,12,1,0.4999999999999999,-0.8660254037844387,-2.4492935982947064e-16,1.0,winter,129.58212,0.005043972,53.401356,2024,,66.070496,124.16537,77.64418,36.33736227020834,62.37959702793889,1.5192245,1.17385,5.628512,1.1664388766666667,0.18984813191283764,-0.733551,1.2952576,4.3144226,0.19892629708333331,1.6257229557780177
2024-12-28 11:00:00,628312.75,0.8330623,1.3023287,0.4536448,99431.766,4.6925993e-06,1.1296082,-1.118866,1.5459795,57.39412,84.945465,11,5,363,12,1,0.258819045102521,-0.9659258262890682,-2.4492935982947064e-16,1.0,winter,174.53133,0.004692599,45.364483,2024,,129.58212,167.04836,94.28295,36.563060186875,62.720057202647645,1.504154,1.1194644,5.98124,1.1802015433333333,0.20199267306089844,0.21218872,2.140564,4.8115845,0.15379842708333333,1.6089124728292954
2024-12-28 12:00:00,676831.4,0.9334299,1.2963113,0.40665817,99369.32,5.030932e-06,1.8933411,-0.7362366,1.5974087,54.243614,82.70238,12,5,363,12,1,1.2246467991473532e-16,-1.0,-2.4492935982947064e-16,1.0,winter,188.00871,0.005030932,40.665817,2024,,174.53133,181.60504,97.20605,36.87485060354167,63.4117068899913,1.5459795,1.0281355,6.158697,1.1979730058333333,0.2147747693074157,1.1296082,2.8268738,5.179474,0.11167526875,1.5673318169278554
2024-12-28 13:00:00,612275.94,0.95766246,1.2997001,0.39026546,99327.67,4.5082784e-06,2.3115234,-0.4798584,1.6144156,53.61597,81.78691,13,5,363,12,1,-0.2588190451025208,-0.9659258262890684,-2.4492935982947064e-16,1.0,winter,170.07664,0.0045082783,39.026546,2024,,188.00871,160.60164,76.23588,37.141670186875004,64.05735617225577,1.5974087,0.94010115,6.2465544,1.2216927225,0.22632697889010922,1.8933411,3.1678162,5.3807373,0.07277807291666666,1.5074580652620393
2024-12-28 14:00:00,425416.94,0.96546644,1.319793,0.38376182,99304.93,3.7928467e-06,2.2075195,-0.27557373,1.6352305,53.813457,83.629524,14,5,363,12,1,-0.4999999999999997,-0.8660254037844388,-2.4492935982947064e-16,1.0,winter,118.17137,0.0037928466,38.376183,2024,,170.07664,111.16127,46.251205,37.536461853541674,64.8753097125352,1.6144156,0.8478229,6.3029428,1.2497891579166667,0.23164265432895698,2.3115234,3.04187,5.399536,0.037099206249999996,1.4396263691129099
2024-12-28 15:00:00,176246.6,0.97679615,1.5852702,0.3768388,99304.914,4.416647e-06,1.449646,-0.5660095,1.8620452,58.35986,86.43801,15,5,363,12,1,-0.7071067811865471,-0.7071067811865479,-2.4492935982947064e-16,1.0,winter,48.957386,0.004416647,37.68388,2024,,118.17137,47.423107,16.64063,37.82854935354167,65.23598037341068,1.6352305,0.83994234,6.345864,1.2825978079166667,0.2279679343710954,2.2075195,2.4227295,5.249176,0.0023346020833333405,1.3724165416063514
2024-12-28 16:00:00,13541.983,1.0515777,1.6955218,0.36575413,99286.54,5.101065e-06,0.5241394,-0.9820862,1.9951466,58.192444,89.62743,16,5,363,12,1,-0.8660254037844384,-0.5000000000000004,-2.4492935982947064e-16,1.0,winter,3.761662,0.005101065,36.575413,2024,,48.957386,3.630845,0.8524661,37.89247764520834,65.24654230261436,1.8620452,0.8553838,6.420645,1.3251854270833332,0.23697204099416355,1.449646,1.5657349,5.0970154,-0.03821054374999999,1.310792488017319
2024-12-28 17:00:00,0.0,1.1877947,1.7417793,0.3578494,99279.55,5.151815e-06,0.046142578,-1.2600098,2.1082342,55.70823,90.91382,17,5,363,12,1,-0.9659258262890684,-0.2588190451025206,-2.4492935982947064e-16,1.0,winter,0.0,0.005151815,35.78494,2024,,3.761662,0.0,0.0,37.897928353541666,65.24356103106338,1.9951466,0.95013225,6.55548,1.37267554375,0.2524307175684707,0.5241394,1.0224915,5.0445557,-0.08161035624999997,1.2720483514888667
2024-12-28 18:00:00,0.0,1.2931798,1.7776816,0.35658228,99277.9,4.766257e-06,-0.3040161,-1.5241699,2.198287,53.96587,91.4652,18,5,363,12,1,-1.0,-1.8369701987210292e-16,-2.4492935982947064e-16,1.0,winter,0.0,0.004766257,35.65823,2024,,0.0,0.0,0.0,37.897928353541666,65.24356103106338,2.1082342,1.0587279,6.6272054,1.4209297916666668,0.27758347808575423,0.046142578,0.6769104,5.0837097,-0.12229156133333331,1.250635004770049
2024-12-28 19:00:00,0.0,1.4395708,1.771818,0.3552818,99284.29,6.3176517e-06,-0.5531616,-1.7362976,2.2829156,50.906754,91.69798,19,5,363,12,1,-0.9659258262890684,0.2588190451025203,-2.4492935982947064e-16,1.0,winter,0.0,0.006317652,35.52818,2024,,0.0,0.0,0.0,37.897928353541666,65.24356103106338,2.198287,1.1337861,6.717911,1.4684114208333332,0.3086573592374808,-0.3040161,0.39248657,5.1207886,-0.16316349883333334,1.2393587001374198
2024-12-28 20:00:00,0.0,1.575835,1.7410063,0.3583276,99270.17,7.72878e-06,-0.7531433,-1.9326477,2.348267,47.850845,91.7094,20,5,363,12,1,-0.8660254037844386,0.5000000000000001,-2.4492935982947064e-16,1.0,winter,0.0,0.0077287797,35.83276,2024,,0.0,0.0,0.0,37.897928353541666,65.24356103106338,2.2829156,1.1794517,6.778913,1.5162918166666666,0.3418375905803498,-0.5531616,0.13012695,5.169342,-0.20256550591666667,1.2359527358166347
2024-12-28 21:00:00,0.0,1.7083097,1.6594481,0.37015736,99256.88,7.5800544e-06,-0.90441895,-2.0958862,2.381615,44.168774,91.618515,21,5,363,12,1,-0.7071067811865477,0.7071067811865474,-2.4492935982947064e-16,1.0,winter,0.0,0.0075800545,37.015736,2024,,0.0,0.0,0.0,37.897928353541666,65.24356103106338,2.348267,1.181612,6.840711,1.5649924541666664,0.3735503558938513,-0.7531433,-0.10720825,5.2630615,-0.239368433,1.2387628033028917
2024-12-28 22:00:00,0.0,1.5350087,1.5883331,0.39925283,99232.484,7.885963e-06,-1.011383,-2.2442017,2.208858,45.978107,91.33186,22,5,363,12,1,-0.5000000000000004,0.8660254037844384,-2.4492935982947064e-16,1.0,winter,0.0,0.007885963,39.92528,2024,,0.0,0.0,0.0,37.897928353541666,65.24356103106338,2.381615,1.0489669,6.4419966,1.6149925791666668,0.399418516621333,-0.90441895,-0.40771484,5.4020996,-0.27258554549999997,1.2457337691734562
2024-12-28 23:00:00,0.0,1.6499044,1.6454185,0.4146971,99220.484,7.696356e-06,-1.0982056,-2.337677,2.3301473,44.922,91.28098,23,5,363,12,1,-0.2588190451025215,0.965925826289068,-2.4492935982947064e-16,1.0,winter,0.0,0.007696356,41.46971,2024,,0.0,0.0,0.0,37.897928353541666,65.24356103106338,2.208858,1.1891651,6.51748,1.663321375,0.398122955176478,-1.011383,-0.57724,5.5437317,-0.2977383855,1.2546433431901403
2024-12-29 00:00:00,0.0,1.8113147,1.6517519,0.43144143,99194.69,9.758774e-06,-1.1955261,-2.4542236,2.4513557,42.361927,91.14443,0,6,364,12,1,0.0,1.0,-2.4492935982947064e-16,1.0,winter,0.0,0.009758773,43.144142,2024,,0.0,0.0,0.0,37.897928353541666,65.24356103106338,2.3301473,1.253386,6.605811,1.7108623000000003,0.4070643952378466,-1.0982056,-0.7776184,5.6468506,-0.3194452855,1.2641599064520304
2024-12-29 01:00:00,0.0,1.9666338,1.6118058,0.44020557,99162.42,1.0368477e-05,-1.2881165,-2.5343628,2.5427477,39.33722,91.22207,1,6,364,12,1,0.2588190451025207,0.9659258262890684,-2.4492935982947064e-16,1.0,winter,0.0,0.010368477,44.020557,2024,,0.0,0.0,0.0,37.897928353541666,65.24356103106338,2.4513557,1.2988017,6.643211,1.760777704166667,0.42171397022178836,-1.1955261,-0.9390259,5.675873,-0.3368581063333333,1.2735882931041955
2024-12-29 02:00:00,0.0,2.1045806,1.5711088,0.44891253,99151.65,1.1906479e-05,-1.3396912,-2.5831604,2.6263363,36.742027,91.23728,2,6,364,12,1,0.4999999999999999,0.8660254037844387,-2.4492935982947064e-16,1.0,winter,0.0,0.011906479,44.891254,2024,,0.0,0.0,0.0,37.897928353541666,65.24356103106338,2.5427477,1.308495,6.568463,1.8126087875,0.4385728658320326,-1.2881165,-1.1282654,5.6157227,-0.35140354799999995,1.2827252413525847
2024-12-29 03:00:00,0.0,2.2313166,1.5636646,0.454688,99144.375,1.2839712e-05,-1.383606,-2.5989075,2.724669,35.02205,91.424995,3,6,364,12,1,0.7071067811865476,0.7071067811865476,-2.4492935982947064e-16,1.0,winter,0.0,0.012839712,45.4688,2024,,0.0,0.0,0.0,37.897928353541666,65.24356103106338,2.6263363,1.3135407,6.531386,1.8675188416666666,0.45490661561996465,-1.3396912,-1.2611694,5.5376587,-0.36021295633333333,1.2890031308402659
2024-12-29 04:00:00,0.0,2.3348978,1.5338585,0.4725073,99120.28,1.1757049e-05,-1.4190674,-2.5948486,2.793648,33.30201,91.690895,4,6,364,12,1,0.8660254037844386,0.5000000000000001,-2.4492935982947064e-16,1.0,winter,0.0,0.011757049,47.25073,2024,,0.0,0.0,0.0,37.897928353541666,65.24356103106338,2.724669,1.3141943,6.387237,1.9263158541666667,0.4710979382017629,-1.383606,-1.3932495,5.433777,-0.36531448133333333,1.2929601163244688
2024-12-29 05:00:00,0.0,2.3981721,1.5335481,0.4936347,99125.82,1.1779604e-05,-1.4307556,-2.5567627,2.846577,32.597507,92.02906,5,6,364,12,1,0.9659258262890684,0.2588190451025207,-2.4492935982947064e-16,1.0,winter,0.0,0.0117796045,49.363472,2024,,0.0,0.0,0.0,37.897928353541666,65.24356103106338,2.793648,1.2882377,6.244716,1.9879597583333333,0.484132487333589,-1.4190674,-1.5357971,5.2805786,-0.36639022716666664,1.2938629702465794
2024-12-29 06:00:00,0.0,2.4680426,1.5570138,0.5233484,99125.2,1.2560941e-05,-1.4368896,-2.530182,2.9181373,32.246593,92.252045,6,6,364,12,1,1.0,6.123233995736766e-17,-2.4492935982947064e-16,1.0,winter,0.0,0.012560941,52.33484,2024,,0.0,0.0,0.0,37.897928353541666,65.24356103106338,2.846577,1.325126,6.0895376,2.0528905625,0.4906635474612597,-1.4307556,-1.6510925,5.099579,-0.36201349800000004,1.289906861270158
2024-12-29 07:00:00,14.805617,2.5523734,1.5820017,0.5423324,99156.945,1.7463235e-05,-1.4187927,-2.5031128,3.0028887,31.791292,92.31451,7,6,364,12,1,0.9659258262890684,-0.2588190451025206,-2.4492935982947064e-16,1.0,winter,0.0041126716,0.017463235,54.233242,2024,,0.0,0.004283485,0.0069245296,37.897928353541666,65.24356103106338,2.9181373,1.3815863,5.8991723,2.1192660333333335,0.49565680052310757,-1.4368896,-1.7678223,4.843109,-0.35308837716666663,1.28131209112379
2024-12-29 08:00:00,37275.152,2.6950078,1.5885836,0.56420213,99182.5,1.06402e-05,-1.1417847,-2.2745361,3.1283646,30.5174,92.001434,8,6,364,12,1,0.8660254037844387,-0.4999999999999998,-2.4492935982947064e-16,1.0,winter,10.354209,0.0106402,56.42021,2024,,0.0041126716,10.386283,4.5386024,37.89792123631667,65.24356534450325,3.0028887,1.4453988,5.752714,2.1868203,0.5011999515601672,-1.4187927,-1.6288757,4.6632385,-0.33854547716666666,1.266451276985546
2024-12-29 09:00:00,213174.92,2.8997397,1.5738977,0.5888632,99224.914,8.99964e-06,-0.4184265,-1.7368469,3.29934,28.49187,90.79858,9,6,364,12,1,0.7071067811865476,-0.7071067811865475,-2.4492935982947064e-16,1.0,winter,59.215256,0.00899964,58.88632,2024,,10.354209,66.070496,32.807777,37.89658481965,65.24415370653446,3.1283646,1.5192245,5.7919807,2.256943875,0.5106013612659009,-1.1417847,-0.733551,4.595703,-0.3182500188333333,1.248651945805134
2024-12-29 10:00:00,403319.34,2.8073378,1.541539,0.6536762,99233.195,9.109599e-06,0.3720703,-1.0823364,3.2027314,28.771656,89.955864,10,6,364,12,1,0.4999999999999999,-0.8660254037844387,-2.4492935982947064e-16,1.0,winter,112.03315,0.009109599,65.36762,2024,,59.215256,129.58212,70.819664,37.610949819649996,65.13035390978013,3.29934,1.504154,5.279778,2.3311153541666667,0.527782162670143,-0.4184265,0.21218872,4.5917053,-0.3051198313333333,1.2457484472710323
2024-12-29 11:00:00,527676.4,2.945152,1.5421163,0.6634975,99215.195,8.20456e-06,1.0601501,-0.61053467,3.3244612,27.637081,88.60216,11,6,364,12,1,0.258819045102521,-0.9659258262890682,-2.4492935982947064e-16,1.0,winter,146.57677,0.00820456,66.349754,2024,,112.03315,174.53133,102.13981,36.879742736316665,64.1439565805852,3.2027314,1.5459795,5.4894495,2.4018894125,0.5259515803648925,0.3720703,1.1296082,4.5127563,-0.29845809883333335,1.249058161829798
2024-12-29 12:00:00,550106.44,3.098751,1.5478776,0.66913533,99152.12,8.688446e-06,1.5719299,-0.30264282,3.4638393,26.542889,87.343,12,6,364,12,1,1.2246467991473532e-16,-1.0,-2.4492935982947064e-16,1.0,winter,152.80734,0.008688445,66.913536,2024,,146.57677,188.00871,118.88409,35.714969402983336,61.74463624017351,3.3244612,1.5974087,5.644326,2.475992816666667,0.525404269565607,1.0601501,1.8933411,4.379822,-0.3013521863333333,1.2456813496833965
2024-12-29 13:00:00,481894.75,3.1427574,1.5564849,0.6643144,99151.22,1.12865555e-05,1.7740784,-0.13549805,3.5070744,26.347416,87.14072,13,6,364,12,1,-0.2588190451025208,-0.9659258262890684,-2.4492935982947064e-16,1.0,winter,133.85965,0.011286556,66.43144,2024,,152.80734,170.07664,108.90087,34.248245652983336,58.29117747529934,3.4638393,1.6144156,5.7786217,2.553760758333333,0.5278308370128252,1.5719299,2.3115234,4.1749268,-0.31474431966666666,1.222574072550691
2024-12-29 14:00:00,327332.38,3.0833154,1.5901983,0.6634481,99146.68,1.2101373e-05,1.697113,-0.040252686,3.4692311,27.2821,88.23001,14,6,364,12,1,-0.4999999999999997,-0.8660254037844388,-2.4492935982947064e-16,1.0,winter,90.92566,0.012101373,66.34481,2024,,133.85965,118.17137,76.050575,32.73920440298333,54.99772239424144,3.5070744,1.6352305,5.595006,2.632621541666667,0.5227479667434316,1.7740784,2.2075195,3.864563,-0.33713786133333334,1.1764292374719634
2024-12-29 15:00:00,133450.27,3.0297794,1.6688405,0.6656486,99168.234,1.1443034e-05,1.33078,-0.107910156,3.4589872,28.846523,90.13338,15,6,364,12,1,-0.7071067811865471,-0.7071067811865479,-2.4492935982947064e-16,1.0,winter,37.06952,0.011443034,66.56486,2024,,90.92566,48.957386,30.927656,31.60396648631667,53.41605202071438,3.4692311,1.8620452,5.24827,2.709038233333333,0.5043326821963845,1.697113,1.449646,3.4210205,-0.35840479883333337,1.1322104767651482
2024-12-29 16:00:00,10053.724,3.0605266,1.8000661,0.65909433,99184.42,1.0953862e-05,0.9344177,-0.2609558,3.5506425,30.462154,91.713036,16,6,364,12,1,-0.8660254037844384,-0.5000000000000004,-2.4492935982947064e-16,1.0,winter,2.792701,0.010953862,65.90943,2024,,37.06952,3.761662,1.8053708,31.108638736316667,53.30313590028891,3.4589872,1.9951466,5.0648484,2.775577483333333,0.4929437034943175,1.33078,0.5241394,2.9924011,-0.3633575488333333,1.1241890187054393
2024-12-29 17:00:00,0.0,3.1593075,1.9130358,0.66828066,99206.016,1.1142412e-05,0.7774048,-0.29968262,3.693363,31.1959,92.49571,17,6,364,12,1,-0.9659258262890684,-0.2588190451025206,-2.4492935982947064e-16,1.0,winter,0.0,0.011142412,66.828064,2024,,2.792701,0.0,0.0,31.068265361316666,53.3251123236355,3.5506425,2.1082342,4.995963,2.8403898125,0.488105854736711,0.9344177,0.046142578,2.692566,-0.34626261966666666,1.1412612765043364
2024-12-29 18:00:00,0.0,3.2596545,1.9506125,0.6787645,99204.484,1.2614158e-05,0.7058716,-0.33764648,3.798715,30.896759,92.71772,18,6,364,12,1,-1.0,-1.8369701987210292e-16,-2.4492935982947064e-16,1.0,winter,0.0,0.012614158,67.87645,2024,,0.0,0.0,0.0,31.068265361316666,53.3251123236355,3.693363,2.198287,4.9311743,2.9064368458333334,0.491957352686688,0.7774048,-0.3040161,2.4743958,-0.3157933604166666,1.1617704544162566
2024-12-29 19:00:00,0.0,3.349934,2.0000434,0.6869537,99220.01,1.7513634e-05,0.6317749,-0.39007568,3.901568,30.838873,92.859825,19,6,364,12,1,-0.9659258262890684,0.2588190451025203,-2.4492935982947064e-16,1.0,winter,0.0,0.017513635,68.69537,2024,,0.0,0.0,0.0,31.068265361316666,53.3251123236355,3.798715,2.2829156,4.8523607,2.973121345833333,0.5001941886873075,0.7058716,-0.5531616,2.3248596,-0.27371470625,1.1803556835632398
2024-12-29 20:00:00,0.0,3.436762,2.010937,0.6831303,99218.234,8.87488e-06,0.6081543,-0.41119385,3.981859,30.332989,92.87541,20,6,364,12,1,-0.8660254037844386,0.5000000000000001,-2.4492935982947064e-16,1.0,winter,0.0,0.00887488,68.313034,2024,,0.0,0.0,0.0,31.068265361316666,53.3251123236355,3.901568,2.348267,4.772437,3.040565195833333,0.5120686212296582,0.6317749,-0.7531433,2.1756592,-0.2243423520833333,1.192874263019694
2024-12-29 21:00:00,0.0,3.4763165,2.0689673,0.6929743,99219.984,9.2713635e-06,0.6021118,-0.42230225,4.0454173,30.759449,92.84081,21,6,364,12,1,-0.7071067811865477,0.7071067811865474,-2.4492935982947064e-16,1.0,winter,0.0,0.009271364,69.29743,2024,,0.0,0.0,0.0,31.068265361316666,53.3251123236355,3.981859,2.381615,4.689101,3.1086315291666664,0.5244663081030609,0.6081543,-0.90441895,2.0827637,-0.16762161875,1.1989856873475304
2024-12-29 22:00:00,0.0,3.3083375,2.1939816,0.7681251,99221.24,1.1243912e-05,0.57632446,-0.4192505,3.9697168,33.55104,93.03454,22,6,364,12,1,-0.5000000000000004,0.8660254037844384,-2.4492935982947064e-16,1.0,winter,0.0,0.011243912,76.812515,2024,,0.0,0.0,0.0,31.068265361316666,53.3251123236355,4.0454173,2.208858,4.3014603,3.177956625,0.5340641625908927,0.6021118,-1.011383,1.9978943,-0.10484950416666665,1.1981704297807103
2024-12-29 23:00:00,0.0,3.4879315,2.2917187,0.7667791,99220.95,1.0389623e-05,0.5642395,-0.45062256,4.1734447,33.306606,92.90329,23,6,364,12,1,-0.2588190451025215,0.965925826289068,-2.4492935982947064e-16,1.0,winter,0.0,0.010389622,76.67791,2024,,0.0,0.0,0.0,31.068265361316666,53.3251123236355,3.9697168,2.3301473,4.188799,3.251325741666667,0.5157815327703089,0.57632446,-1.0982056,1.9499817,-0.03869502666666665,1.1897432266884553
2024-12-30 00:00:00,0.0,3.6183286,2.3422778,0.7716883,99206.53,1.4522916e-05,0.5395508,-0.49447632,4.310286,32.916473,92.77227,0,0,365,12,0,0.0,1.0,-2.4492935982947064e-16,1.0,winter,0.0,0.014522916,77.16883,2024,,0.0,0.0,0.0,31.068265361316666,53.3251123236355,4.1734447,2.4513557,4.135331,3.3281297999999997,0.5098535378129843,0.5642395,-1.1955261,1.9248657,0.030573519166666677,1.1736612721330357
2024-12-30 01:00:00,0.0,3.7038457,2.2685091,0.77230126,99185.71,1.8162456e-05,0.53204346,-0.51153564,4.3433404,31.486387,92.707275,1,0,365,12,0,0.2588190451025207,0.9659258262890684,-2.4492935982947064e-16,1.0,winter,0.0,0.018162457,77.230125,2024,,0.0,0.0,0.0,31.068265361316666,53.3251123236355,4.310286,2.5427477,4.0692425,3.405585229166667,0.5120622510160713,0.5395508,-1.2881165,1.9637451,0.10286838999999999,1.148010725884002
2024-12-30 02:00:00,0.0,3.7848399,2.2277162,0.7853207,99192.96,1.808175e-05,0.5371399,-0.5510559,4.3917804,30.48061,92.40662,2,0,365,12,0,0.4999999999999999,0.8660254037844387,-2.4492935982947064e-16,1.0,winter,0.0,0.018081749,78.53207,2024,,0.0,0.0,0.0,31.068265361316666,53.3251123236355,4.3433404,2.6263363,4.1046243,3.480609925,0.512054067462349,0.53204346,-1.3396912,2.0177917,0.17870838833333336,1.1116706926239903
2024-12-30 03:00:00,0.0,3.8113368,2.2023907,0.77517587,99180.04,1.6199776e-05,0.50701904,-0.6276245,4.40191,30.02158,92.09231,3,0,365,12,0,0.7071067811865476,0.7071067811865476,-2.4492935982947064e-16,1.0,winter,0.0,0.016199775,77.517586,2024,,0.0,0.0,0.0,31.068265361316666,53.3251123236355,4.3917804,2.724669,4.10007,3.5541700958333338,0.5108035997395113,0.5371399,-1.383606,2.037445,0.25690968416666665,1.0652583882903204
2024-12-30 04:00:00,0.0,3.7680151,2.2155833,0.76363504,99165.6,1.6688948e-05,0.50231934,-0.6522522,4.3711267,30.45542,91.95824,4,0,365,12,0,0.8660254037844386,0.5000000000000001,-2.4492935982947064e-16,1.0,winter,0.0,0.016688948,76.3635,2024,,0.0,0.0,0.0,31.068265361316666,53.3251123236355,4.40191,2.793648,4.1041884,3.6240551374999996,0.5071036307182373,0.50701904,-1.4190674,2.0368042,0.33568572750000003,1.0069791673016606
2024-12-30 05:00:00,0.0,3.739288,2.2375,0.77368546,99157.71,1.763381e-05,0.47543335,-0.69696045,4.3576007,30.895285,91.83702,5,0,365,12,0,0.9659258262890684,0.2588190451025207,-2.4492935982947064e-16,1.0,winter,0.0,0.01763381,77.368546,2024,,0.0,0.0,0.0,31.068265361316666,53.3251123236355,4.3711267,2.846577,4.0839925,3.6897834166666663,0.49692091347519296,0.50231934,-1.4307556,2.0402832,0.41574350833333334,0.9352272047022451
2024-12-30 06:00:00,0.0,3.6753542,2.3049529,0.7563485,99164.22,1.8334442e-05,0.43847656,-0.72613525,4.338322,32.093372,91.88683,6,0,365,12,0,1.0,6.123233995736766e-17,-2.4492935982947064e-16,1.0,winter,0.0,0.018334443,75.63485,2024,,0.0,0.0,0.0,31.068265361316666,53.3251123236355,4.3576007,2.9181373,4.1236935,3.7527427375,0.4809071547662419,0.47543335,-1.4368896,2.0332336,0.4951680479166667,0.8485167109615078
2024-12-30 07:00:00,14.474501,3.6473122,2.380414,0.76521784,99199.26,2.2762719e-05,0.4232483,-0.76260376,4.355371,33.13043,91.743454,7,0,365,12,0,0.9659258262890684,-0.2588190451025206,-2.4492935982947064e-16,1.0,winter,0.0040206946,0.02276272,76.52178,2024,,0.0,0.0041126716,0.0038630206,31.068265361316666,53.3251123236355,4.338322,3.0028887,4.179259,3.8119171,0.460696411247435,0.43847656,-1.4187927,2.0625,0.5733083045833333,0.7425976609410191
2024-12-30 08:00:00,30964.174,3.6162128,2.503607,0.7542121,99205.13,1.1708062e-05,0.5203247,-0.70214844,4.3983,34.695957,91.504906,8,0,365,12,0,0.8660254037844387,-0.4999999999999998,-2.4492935982947064e-16,1.0,winter,8.601159,0.011708062,75.42121,2024,,0.0040206946,10.354209,6.732338,31.068261528941665,53.32511465322684,4.355371,3.1283646,4.239176,3.868270529166667,0.43967109202124766,0.4232483,-1.1417847,2.1844482,0.6500600129166667,0.6113439001495995
2024-12-30 09:00:00,177108.86,3.665691,2.590921,0.7474561,99228.85,1.0426627e-05,0.87994385,-0.45339966,4.488893,35.25278,90.793015,9,0,365,12,0,0.7071067811865476,-0.7071067811865475,-2.4492935982947064e-16,1.0,winter,49.196907,0.0104266275,74.745605,2024,,8.601159,59.215256,44.63394,30.995217778941665,53.355913770462394,4.3983,3.29934,4.4990993,3.9211845041666664,0.42284844219779316,0.5203247,-0.4184265,2.519165,0.71931457125,0.4794501606943675
2024-12-30 10:00:00,349100.2,3.3239188,2.667894,0.7775631,99237.34,8.960168e-06,1.3209534,-0.11364746,4.2621703,38.75175,90.1594,10,0,365,12,0,0.4999999999999999,-0.8660254037844387,-2.4492935982947064e-16,1.0,winter,96.972275,0.008960168,77.75631,2024,,49.196907,112.03315,93.85513,30.577786570608335,53.16438013583618,4.488893,3.2027314,4.195393,3.9707492125,0.41645820386227267,0.87994385,0.3720703,2.999817,0.7734133358333333,0.4143183658075188
2024-12-30 11:00:00,485617.06,3.4491072,2.8364751,0.74924123,99195.54,9.45357e-06,1.7451477,0.1126709,4.465639,39.433178,88.90817,11,0,365,12,0,0.258819045102521,-0.9659258262890682,-2.4492935982947064e-16,1.0,winter,134.89363,0.00945357,74.924126,2024,,96.972275,146.57677,124.66968,29.950250112275,52.24198747154251,4.2621703,3.3244612,4.6358128,4.0148925,0.3865886923348803,1.3209534,1.0601501,3.3967896,0.8129501316666667,0.4195951144546655
2024-12-30 12:00:00,536088.44,3.6018808,2.889803,0.7134648,99127.484,9.503615e-06,2.0690918,0.26715088,4.6178465,38.740208,87.851944,12,0,365,12,0,1.2246467991473532e-16,-1.0,-2.4492935982947064e-16,1.0,winter,148.91345,0.009503615,71.34648,2024,,134.89363,152.80734,137.35164,29.463452612274995,51.15103865759159,4.465639,3.4638393,4.941467,4.062441575,0.3676945725906044,1.7451477,1.5719299,3.6697388,0.8414916983333334,0.4586234108770639
2024-12-30 13:00:00,498123.8,3.53468,2.822314,0.6632902,99094.21,1.0135874e-05,2.1937256,0.3635254,4.523209,38.606102,87.6841,13,0,365,12,0,-0.2588190451025208,-0.9659258262890684,-2.4492935982947064e-16,1.0,winter,138.36772,0.010135874,66.32902,2024,,148.91345,133.85965,120.307106,29.30120719560833,50.747378144511124,4.6178465,3.5070744,5.052056,4.110525208333333,0.3614129854022723,2.0690918,1.7740784,3.7867737,0.8622067775,0.5022072261590005
2024-12-30 14:00:00,359404.0,3.6586266,2.7916484,0.63249356,99076.68,1.1519512e-05,2.11557,0.35046387,4.6020484,37.344784,88.09079,14,0,365,12,0,-0.4999999999999997,-0.8660254037844388,-2.4492935982947064e-16,1.0,winter,99.83444,0.011519511,63.249355,2024,,138.36772,90.92566,82.87591,29.48904344560833,51.157899815449404,4.523209,3.4692311,4.983945,4.15286415,0.34687285784195243,2.1937256,1.697113,3.7554016,0.8796920775,0.5411329948121624
2024-12-30 15:00:00,159059.53,3.5888762,2.7161348,0.61683106,99071.75,9.776043e-06,1.7958984,0.18164062,4.5008245,37.11918,89.02998,15,0,365,12,0,-0.7071067811865471,-0.7071067811865479,-2.4492935982947064e-16,1.0,winter,44.183205,0.009776043,61.683105,2024,,99.83444,37.06952,32.38482,29.860242612274998,51.65298780960641,4.6020484,3.4589872,4.7241488,4.200064870833333,0.32626479502915195,2.11557,1.33078,3.5334778,0.8971277858333333,0.574338723580411
2024-12-30 16:00:00,13199.231,3.5758803,2.76229,0.5860099,99067.07,8.934441e-06,1.4194031,-0.045776367,4.5185356,37.685307,89.967026,16,0,365,12,0,-0.8660254037844384,-0.5000000000000004,-2.4492935982947064e-16,1.0,winter,3.6664531,0.008934441,58.60099,2024,,44.183205,2.792701,2.09515,30.156646153941665,51.7165272934828,4.5008245,3.5506425,4.633224,4.243474758333334,0.2907527471384659,1.7958984,0.9344177,3.323578,0.9165077191666667,0.5970075633759434
2024-12-30 17:00:00,0.0,3.6474175,2.7902477,0.5751373,99057.86,1.0228915e-05,1.2118225,-0.21725464,4.592291,37.415726,90.18725,17,0,365,12,0,-0.9659258262890684,-0.2588190451025206,-2.4492935982947064e-16,1.0,winter,0.0,0.010228915,57.513733,2024,,3.6664531,0.0,0.0,30.193052491441666,51.69673041354912,4.5185356,3.693363,4.6227503,4.283803637499999,0.2554588849614327,1.4194031,0.7774048,3.2158813,0.9367154441666666,0.6057836194192711
2024-12-30 18:00:00,0.0,3.7522447,2.7265022,0.57228357,99053.57,9.463438e-06,1.0583496,-0.3779602,4.6382275,36.003365,90.12807,18,0,365,12,0,-1.0,-1.8369701987210292e-16,-2.4492935982947064e-16,1.0,winter,0.0,0.009463438,57.228355,2024,,0.0,0.0,0.0,30.193052491441666,51.69673041354912,4.592291,3.798715,4.596206,4.321258970833333,0.22972925675012182,1.2118225,0.7058716,3.102417,0.9548161816666667,0.6073047362653112
2024-12-30 19:00:00,0.0,3.804406,2.6289995,0.5641593,99061.266,1.3732769e-05,0.9456787,-0.52371216,4.6244073,34.64605,89.90243,19,0,365,12,0,-0.9659258262890684,0.2588190451025203,-2.4492935982947064e-16,1.0,winter,0.0,0.013732769,56.415928,2024,,0.0,0.0,0.0,30.193052491441666,51.69673041354912,4.6382275,3.901568,4.4288216,4.356238658333333,0.20975018106285012,1.0583496,0.6317749,3.0075989,0.9695027650000001,0.605281359237437
2024-12-30 20:00:00,0.0,3.837054,2.5258489,0.56895113,99070.74,5.741077e-06,0.8812561,-0.6446228,4.5937886,33.356037,89.52775,20,0,365,12,0,-0.8660254037844386,0.5000000000000001,-2.4492935982947064e-16,1.0,winter,0.0,0.005741077,56.89511,2024,,0.0,0.0,0.0,30.193052491441666,51.69673041354912,4.6244073,3.981859,4.2252293,4.3863569625,0.19283993175336228,0.9456787,0.6081543,2.9309692,0.9825820900000001,0.6010428934192313
2024-12-30 21:00:00,0.0,3.8122828,2.443897,0.57889456,99088.96,6.1654023e-06,0.8128052,-0.7620239,4.52837,32.662254,89.20282,21,0,365,12,0,-0.7071067811865477,0.7071067811865474,-2.4492935982947064e-16,1.0,winter,0.0,0.0061654025,57.889454,2024,,0.0,0.0,0.0,30.193052491441666,51.69673041354912,4.5937886,4.0454173,3.9780383,4.411854029166666,0.17682137586836197,0.8812561,0.6021118,2.8155823,0.9939613316666667,0.5962116624710116
2024-12-30 22:00:00,0.0,3.4591186,2.5284421,0.6602155,99098.93,9.90186e-06,0.7512512,-0.8390503,4.284684,36.16493,89.09688,22,0,365,12,0,-0.5000000000000004,0.8660254037844384,-2.4492935982947064e-16,1.0,winter,0.0,0.00990186,66.02155,2024,,0.0,0.0,0.0,30.193052491441666,51.69673041354912,4.52837,3.9697168,3.5572534,4.4319770583333336,0.15998573304329664,0.8128052,0.57632446,2.727417,1.0027402233333333,0.5917253256283016
2024-12-30 23:00:00,0.0,3.4887934,2.4572654,0.6736078,99109.97,1.1969917e-05,0.6594238,-0.9328308,4.267298,35.158222,89.076385,23,0,365,12,0,-0.2588190451025215,0.965925826289068,-2.4492935982947064e-16,1.0,winter,0.0,0.011969917,67.36078,2024,,0.0,0.0,0.0,30.193052491441666,51.69673041354912,4.284684,4.1734447,3.4910831,4.445100691666666,0.13064591782740495,0.7512512,0.5642395,2.6237488,1.0100288375,0.5873053851532848
2024-12-31 00:00:00,0.0,3.4398823,2.469692,0.67069155,99106.086,1.055456e-05,0.54711914,-1.0188599,4.234639,35.67677,89.23832,0,1,366,12,0,0.0,1.0,-2.4492935982947064e-16,1.0,winter,0.0,0.0105545595,67.06915,2024,,0.0,0.0,0.0,30.193052491441666,51.69673041354912,4.267298,4.310286,3.3874054,4.449011245833334,0.12336266530144249,0.6594238,0.5395508,2.4826355,1.0139948499999998,0.5844787128068211
2024-12-31 01:00:00,0.0,3.360367,2.4711506,0.673834,99082.38,9.356299e-06,0.40618896,-1.1198425,4.171169,36.330063,89.488014,1,1,366,12,0,0.2588190451025207,0.9659258262890684,-2.4492935982947064e-16,1.0,winter,0.0,0.009356299,67.3834,2024,,0.0,0.0,0.0,30.193052491441666,51.69673041354912,4.234639,4.3433404,3.260621,4.4458592875,0.12794263577638576,0.54711914,0.53204346,2.35495,1.0143101975000002,0.5842135850127684
2024-12-31 02:00:00,0.0,3.2877634,2.5219402,0.66568416,99088.79,1.23301e-05,0.27236938,-1.2367249,4.143618,37.490685,89.588234,2,1,366,12,0,0.4999999999999999,0.8660254037844387,-2.4492935982947064e-16,1.0,winter,0.0,0.0123301,66.56841,2024,,0.0,0.0,0.0,30.193052491441666,51.69673041354912,4.171169,4.3917804,3.0610952,4.438685479166666,0.13834484674252776,0.40618896,0.5371399,2.2206726,1.00906626,0.5892735784984766
2024-12-31 03:00:00,0.0,3.1992111,2.6089952,0.66467816,99092.4,1.3274963e-05,0.14279175,-1.3491821,4.1281724,39.19766,89.690346,3,1,366,12,0,0.7071067811865476,0.7071067811865476,-2.4492935982947064e-16,1.0,winter,0.0,0.013274963,66.46782,2024,,0.0,0.0,0.0,30.193052491441666,51.69673041354912,4.143618,4.40191,2.9645276,4.428345379166666,0.15072326052315346,0.27236938,0.50701904,2.1032104,0.998034155,0.6008574990156975
2024-12-31 04:00:00,0.0,3.1334207,2.6927097,0.6663394,99060.98,1.2770989e-05,0.0028381348,-1.4697571,4.131466,40.67416,89.80684,4,1,366,12,0,0.8660254037844386,0.5000000000000001,-2.4492935982947064e-16,1.0,winter,0.0,0.012770989,66.63394,2024,,0.0,0.0,0.0,30.193052491441666,51.69673041354912,4.1281724,4.3711267,2.8709419,4.416939645833333,0.1626927404280824,0.14279175,0.50231934,2.0341492,0.9828580179166667,0.6181494138259305
2024-12-31 05:00:00,0.0,3.0866177,2.7788882,0.65431285,99061.31,1.2525698e-05,-0.15307617,-1.6385803,4.153243,41.996773,89.7092,5,1,366,12,0,0.9659258262890684,0.2588190451025207,-2.4492935982947064e-16,1.0,winter,0.0,0.012525698,65.43128,2024,,0.0,0.0,0.0,30.193052491441666,51.69673041354912,4.131466,4.3576007,2.7356637,4.406953783333333,0.17267568203031208,0.0028381348,0.47543335,1.971405,0.9620463010333332,0.6429425066799314
2024-12-31 06:00:00,0.0,3.053056,2.8691013,0.6550917,99062.08,1.3529065e-05,-0.28063965,-1.759613,4.189617,43.220844,89.7421,6,1,366,12,0,1.0,6.123233995736766e-17,-2.4492935982947064e-16,1.0,winter,0.0,0.013529065,65.50917,2024,,0.0,0.0,0.0,30.193052491441666,51.69673041354912,4.153243,4.338322,2.5565915,4.398438879166666,0.18009440100661778,-0.15307617,0.43847656,1.8993835,0.9358584043666666,0.6755954911918224
2024-12-31 07:00:00,14.332594,3.0140114,2.9719205,0.6549179,99060.44,1.7714518e-05,-0.42349243,-1.9093628,4.2327976,44.59712,89.68504,7,1,366,12,0,0.9659258262890684,-0.2588190451025206,-2.4492935982947064e-16,1.0,winter,0.003981276,0.017714517,65.49179,2024,,0.0,0.0040206946,0.0048616244,30.193052491441666,51.69673041354912,4.189617,4.355371,2.4407997,4.3922428375,0.1847504781405069,-0.28063965,0.4232483,1.8233643,0.90589522895,0.7134973559427151
2024-12-31 08:00:00,34554.75,2.9907513,3.149192,0.6476467,99061.66,1.1285851e-05,-0.34048462,-1.8927612,4.343041,46.478188,89.2539,8,1,366,12,0,0.8660254037844387,-0.4999999999999998,-2.4492935982947064e-16,1.0,winter,9.598541,0.011285851,64.76467,2024,,0.003981276,8.601159,6.436988,30.193050849,51.69673141437778,4.2327976,4.3983,2.3395386,4.3871356125,0.18748799873595862,-0.42349243,0.5203247,1.9076538,0.8706143651999999,0.7579507473665981
2024-12-31 09:00:00,207991.81,3.0096383,3.2970076,0.62842584,99079.68,1.3184036e-05,0.1836853,-1.5342712,4.464099,47.608936,88.21771,9,1,366,12,0,0.7071067811865476,-0.7071067811865475,-2.4492935982947064e-16,1.0,winter,57.775505,0.013184036,62.842583,2024,,9.598541,49.196907,43.241455,30.234608432333335,51.679017476574145,4.343041,4.488893,2.393038,4.3848331541666665,0.1876841359222841,-0.34048462,0.87994385,2.327118,0.8347473102,0.7947227551070283
2024-12-31 10:00:00,411493.28,2.799831,3.3840077,0.6807141,99063.96,1.33063295e-05,0.8115845,-1.1500549,4.3921022,50.396618,86.7144,10,1,366,12,0,0.4999999999999999,-0.8660254037844387,-2.4492935982947064e-16,1.0,winter,114.30369,0.013306329,68.0714,2024,,57.775505,96.972275,88.037605,30.59205001566667,51.845273717779044,4.464099,4.2621703,2.4307938,4.383800070833334,0.18715393695416713,0.1836853,1.3209534,2.8518372,0.8057365372833334,0.8056344498857457
2024-12-31 11:00:00,579905.0,2.9404645,3.5656679,0.6255694,99012.31,1.3243597e-05,1.4048767,-0.8450012,4.6217227,50.488953,84.96803,11,1,366,12,0,0.258819045102521,-0.9659258262890682,-2.4492935982947064e-16,1.0,winter,161.08472,0.013243597,62.556942,2024,,114.30369,134.89363,112.09955,31.314192307333332,52.919641299103425,4.3921022,4.465639,2.5265045,4.3892139,0.18535317707450055,0.8115845,1.7451477,3.321045,0.7845128331166666,0.7981460317940245
2024-12-31 12:00:00,638516.4,3.047021,3.7195258,0.56975216,98937.27,1.2069654e-05,1.8740234,-0.7327881,4.8082438,50.675797,82.83747,12,1,366,12,0,1.2246467991473532e-16,-1.0,-2.4492935982947064e-16,1.0,winter,177.36566,0.012069654,56.975216,2024,,161.08472,148.91345,112.10011,32.405487724000004,55.3621836630393,4.6217227,4.6178465,2.5217562,4.3957173875,0.1908092450092033,1.4048767,2.0690918,3.6524353,0.7703348747833333,0.7832224587472097
2024-12-31 13:00:00,571084.0,3.1094375,3.7797346,0.54341644,98872.46,1.2448516e-05,2.0861816,-0.6106262,4.894384,50.557228,82.322655,13,1,366,12,0,-0.2588190451025208,-0.9659258262890684,-2.4492935982947064e-16,1.0,winter,158.63445,0.012448516,54.341644,2024,,177.36566,138.36772,98.81157,33.590996474,58.1975487558248,4.8082438,4.523209,2.4130933,4.403650608333334,0.20395162449929258,1.8740234,2.1937256,3.7747192,0.7622070247833334,0.7700602455420937
2024-12-31 14:00:00,403021.9,2.9999862,3.8092709,0.5341639,98820.266,1.3749685e-05,1.9832153,-0.5523987,4.8487587,51.777843,83.28266,14,1,366,12,0,-0.4999999999999997,-0.8660254037844388,-2.4492935982947064e-16,1.0,winter,111.95053,0.013749685,53.41639,2024,,158.63445,99.83444,65.06412,34.435443557333336,59.9059215201562,4.894384,4.6020484,2.2379458,4.419116233333334,0.22626443719924558,2.0861816,2.11557,3.756073,0.7577260247833334,0.7616348354903558
2024-12-31 15:00:00,168466.17,2.9493945,3.8991725,0.53918505,98799.125,1.2511248e-05,1.5386047,-0.6661682,4.8890157,52.895573,85.26341,15,1,366,12,0,-0.7071067811865471,-0.7071067811865479,-2.4492935982947064e-16,1.0,winter,46.796158,0.012511249,53.918503,2024,,111.95053,44.183205,26.02802,34.940280640666664,60.52882540111479,4.8487587,4.5008245,2.2410583,4.429395829166666,0.24011691779262076,1.9832153,1.7958984,3.47464,0.7522112456166666,0.751791168859909
2024-12-31 16:00:00,14404.872,3.1842232,4.125419,0.5511102,98769.086,1.2540852e-05,1.0409851,-0.8901062,5.211368,52.337082,86.9316,16,1,366,12,0,-0.8660254037844384,-0.5000000000000004,-2.4492935982947064e-16,1.0,winter,4.0013533,0.012540853,55.11102,2024,,46.796158,3.6664531,1.5297562,35.04915368233333,60.54852021284253,4.8890157,4.5185356,2.258753,4.4455704625,0.2575773929419604,1.5386047,1.4194031,3.1513367,0.7414906747833333,0.7379684973180324
2024-12-31 17:00:00,0.0,3.4368303,4.263925,0.56714237,98742.51,1.14018e-05,0.8569946,-1.0297546,5.4765735,51.130318,87.195755,17,1,366,12,0,-0.9659258262890684,-0.2588190451025206,-2.4492935982947064e-16,1.0,winter,0.0,0.0114018,56.714237,2024,,4.0013533,0.0,0.0,35.06310785733333,60.5410113382296,5.211368,4.592291,2.3305862,4.474438479166667,0.30123527328537014,1.0409851,1.2118225,2.9184265,0.7257232581166666,0.7268128025831034
2024-12-31 18:00:00,0.0,3.68751,4.3792853,0.5770624,98707.38,1.3333819e-05,0.78118896,-1.1479492,5.7250214,49.90146,86.91804,18,1,366,12,0,-1.0,-1.8369701987210292e-16,-2.4492935982947064e-16,1.0,winter,0.0,0.013333819,57.70624,2024,,0.0,0.0,0.0,35.06310785733333,60.5410113382296,5.4765735,4.6382275,2.383416,4.511283583333333,0.36384933393590274,0.8569946,1.0583496,2.8061218,0.7109387622833333,0.7200724990854536
2024-12-31 19:00:00,0.0,3.875435,4.512763,0.5955709,98684.945,2.0101876e-05,0.7654114,-1.2489319,5.948447,49.344933,86.37538,19,1,366,12,0,-0.9659258262890684,0.2588190451025203,-2.4492935982947064e-16,1.0,winter,0.0,0.020101875,59.55709,2024,,0.0,0.0,0.0,35.06310785733333,60.5410113382296,5.7250214,4.6244073,2.4467242,4.5565666625,0.43999590536362526,0.78118896,0.9456787,2.7183228,0.6993904022833334,0.7164720735438216
2024-12-31 20:00:00,0.0,4.0831175,4.6051726,0.6096555,98652.984,2.9303106e-05,0.8312378,-1.3266296,6.154629,48.438606,85.47797,20,1,366,12,0,-0.8660254037844386,0.5000000000000001,-2.4492935982947064e-16,1.0,winter,0.0,0.029303106,60.96555,2024,,0.0,0.0,0.0,35.06310785733333,60.5410113382296,5.948447,4.5937886,2.4495547,4.611734983333333,0.5238818569023103,0.7654114,0.8812561,2.661621,0.6918792647833333,0.7147206256852559
2024-12-31 21:00:00,0.0,4.2657604,4.690604,0.6506239,98602.27,3.9202147e-05,0.88674927,-1.3809204,6.340227,47.715782,84.79823,21,1,366,12,0,-0.7071067811865477,0.7071067811865474,-2.4492935982947064e-16,1.0,winter,0.0,0.039202146,65.06239,2024,,0.0,0.0,0.0,35.06310785733333,60.5410113382296,6.154629,4.52837,2.4511757,4.67677,0.6111674926040291,0.8312378,0.8128052,2.6226807,0.68979516895,0.7142171496190353
2024-12-31 22:00:00,0.0,3.921005,4.6133456,0.69273823,98552.77,5.8652382e-05,0.9640198,-1.2781677,6.054522,49.637905,84.96576,22,1,366,12,0,-0.5000000000000004,0.8660254037844384,-2.4492935982947064e-16,1.0,winter,0.0,0.058652382,69.27383,2024,,0.0,0.0,0.0,35.06310785733333,60.5410113382296,6.340227,4.284684,2.6503873,4.752264041666666,0.6978031806525468,0.88674927,0.7512512,2.5661926,0.6928761718666667,0.7149299988510539
2024-12-31 23:00:00,0.0,4.235159,4.9120293,0.6692181,98511.24,7.5594726e-05,1.0869446,-1.2199402,6.485723,49.232037,84.577805,23,1,366,12,0,-0.2588190451025215,0.965925826289068,-2.4492935982947064e-16,1.0,winter,0.0,0.07559472,66.921814,2024,,0.0,0.0,0.0,35.06310785733333,60.5410113382296,6.054522,4.267298,2.6007564,4.8260072916666665,0.7385680771055726,0.9640198,0.6594238,2.480774,0.7017415302000001,0.7170015380555275
