time,solar_radiation,wind_u,wind_v,cloud_cover,pressure,precipitation,temperature_celsius,dewpoint_celsius,wind_speed,wind_direction,relative_humidity,hour,day_of_week,day_of_year,month,is_weekend,hour_sin,hour_cos,month_sin,month_cos,season,solar_radiation_wm2,precipitation_mm,cloud_cover_pct,year,country,solar_radiation_wm2_lag_1h,solar_radiation_wm2_lag_24h,solar_radiation_wm2_lag_168h,solar_radiation_wm2_rolling_mean_24h,solar_radiation_wm2_rolling_std_24h,wind_speed_lag_1h,wind_speed_lag_24h,wind_speed_lag_168h,wind_speed_rolling_mean_24h,wind_speed_rolling_std_24h,temperature_celsius_lag_1h,temperature_celsius_lag_24h,temperature_celsius_lag_168h,temperature_celsius_rolling_mean_24h,temperature_celsius_rolling_std_24h
2024-12-11 04:00:00,0.0,-0.42848164,-0.83361685,0.6639896,96817.63,1.6879716e-06,20.917908,12.371155,0.93729055,-117.20329,58.06941,4,2,346,12,0,0.8660254037844386,0.5000000000000001,-2.4492935982947064e-16,1.0,dry_season,0.0,0.0016879715,66.398964,2024,,0.0,0.0,0.0,245.40433025000002,327.21503484265884,0.9077231,1.3227003,1.422337,1.555119279583333,0.6705687395993395,20.966125,19.705688,18.302887,26.565534125,5.1231772399825255
2024-12-11 05:00:00,0.0,-0.51916844,-0.8339,0.7374573,96856.53,1.7896787e-06,21.574799,12.654419,0.982306,-121.90552,56.821217,5,2,346,12,0,0.9659258262890684,0.2588190451025207,-2.4492935982947064e-16,1.0,dry_season,0.0,0.0017896787,73.74573,2024,,0.0,0.0,0.00026356342,245.40433025000002,327.21503484265884,0.93729055,1.3292475,1.4719267,1.5390605400000001,0.6809118105561077,20.917908,19.848938,18.450134,26.616043291666667,5.0581690256172385
2024-12-11 06:00:00,54954.42,-0.5848183,-0.87383837,0.8226672,96922.6,2.299126e-06,21.838531,12.414642,1.051478,-123.7925,55.0388,6,2,346,12,0,1.0,6.123233995736766e-17,-2.4492935982947064e-16,1.0,dry_season,15.265118,0.002299126,82.266716,2024,,0.0,16.376972,20.55402,245.40433025000002,327.21503484265884,0.982306,1.3641932,1.5655234,1.5246046441666667,0.6891923222538044,21.574799,19.948547,18.75647,26.687954166666668,4.969266507480871
2024-12-11 07:00:00,515799.9,-0.8040177,-0.95535153,0.870964,96969.945,3.251432e-06,24.348663,13.40744,1.2486557,-130.08376,50.453175,7,2,346,12,0,0.9659258262890684,-0.2588190451025206,-2.4492935982947064e-16,1.0,dry_season,143.27776,0.003251432,87.0964,2024,,15.265118,156.6116,171.89899,245.35800299999997,327.24894740600865,1.051478,1.577413,1.7655152,1.5115748441666668,0.6952860432856709,21.838531,22.49762,21.100952,26.766703499999995,4.871842265713439
2024-12-11 08:00:00,1247242.5,-0.94503444,-1.0367368,0.8956047,97027.6,3.7257607e-06,26.48346,12.9687805,1.4028233,-132.35065,43.180214,8,2,346,12,0,0.8660254037844387,-0.4999999999999998,-2.4492935982947064e-16,1.0,dry_season,346.45624,0.0037257608,89.56047,2024,,143.27776,375.87875,393.54807,244.80242633333333,327.41743972946523,1.2486557,1.6999015,1.9816678,1.4978766233333332,0.6971685002871387,24.348663,25.928284,24.896332,26.843830291666663,4.815647337169222
2024-12-11 09:00:00,1976616.9,-1.4347508,-1.1630952,0.92492354,97004.18,4.003745e-06,28.606812,12.866211,1.8469706,-140.9697,37.875717,9,2,346,12,0,0.7071067811865476,-0.7071067811865475,-2.4492935982947064e-16,1.0,dry_season,549.06024,0.004003745,92.492355,2024,,346.45624,585.8481,599.74756,243.5764884166667,326.9600800877918,1.4028233,2.0714128,2.2279918,1.485498365,0.696062025035186,26.48346,28.078766,26.325623,26.866962625,4.812390541121301
2024-12-11 10:00:00,2551311.0,-1.8760197,-1.3838909,0.9360566,96967.47,4.8892343e-06,31.984222,12.000427,2.3312237,-143.58476,29.476143,10,2,346,12,0,0.4999999999999999,-0.8660254037844387,-2.4492935982947064e-16,1.0,dry_season,708.6975,0.0048892344,93.60566,2024,,549.06024,748.12054,767.85333,242.04366091666668,325.36806170426985,1.8469706,2.4530723,2.3378115,1.4761466066666664,0.6893229635043057,28.606812,31.706665,29.76361,26.888964541666667,4.819373732407453
2024-12-11 11:00:00,2912028.8,-2.153791,-1.3694125,0.93534404,96890.05,5.8901132e-06,32.93518,11.57132,2.5522747,-147.55118,27.153938,11,2,346,12,0,0.258819045102521,-0.9659258262890682,-2.4492935982947064e-16,1.0,dry_season,808.89685,0.0058901133,93.5344,2024,,708.6975,841.72424,862.4452,240.40103424999998,322.7913499546238,2.3312237,2.6224802,2.2216349,1.4710695816666666,0.6822270373464676,31.984222,32.591583,30.58966,26.900529416666668,4.831754357412878
2024-12-11 12:00:00,2983676.5,-2.3060262,-1.3673991,0.9256813,96754.195,5.8447326e-06,33.636353,11.551849,2.6809583,-149.33342,26.071814,12,2,346,12,0,1.2246467991473532e-16,-1.0,-2.4492935982947064e-16,1.0,dry_season,828.799,0.0058447327,92.56813,2024,,808.89685,855.5516,880.04175,239.03322633333335,320.191577986831,2.5522747,2.6447601,1.9982932,1.4681443524999997,0.6772074542436747,32.93518,33.314087,31.20343,26.91484595833333,4.849825418518508
2024-12-11 13:00:00,2786419.8,-2.3443673,-1.3197758,0.93148535,96663.88,7.943409e-06,33.900208,11.29187,2.6903284,-150.6224,25.251213,13,2,346,12,0,-0.2588190451025208,-0.9659258262890684,-2.4492935982947064e-16,1.0,dry_season,774.0055,0.0079434095,93.14854,2024,,828.799,794.65533,820.8173,237.9185346666667,317.9909633618128,2.6809583,2.6710494,1.8160064,1.4696526108333332,0.6799765656979376,33.636353,33.565918,31.725006,26.928273708333336,4.868722693251689
2024-12-11 14:00:00,2328471.2,-2.2385142,-1.3185977,0.92130274,96592.55,1.4016641e-05,34.078064,11.081696,2.598008,-149.49976,24.655373,14,2,346,12,0,-0.4999999999999997,-0.8660254037844388,-2.4492935982947064e-16,1.0,dry_season,646.79755,0.014016641,92.13027,2024,,774.0055,668.3134,694.4353,237.0581250833333,316.44323769767067,2.6903284,2.6144097,1.6875762,1.4704559025000001,0.6814672992326753,33.900208,34.02234,32.086365,26.94220245833333,4.8889737744626265
2024-12-11 15:00:00,1684759.9,-1.99809,-1.2846276,0.8959994,96575.2,1.7045502e-05,33.47174,11.300995,2.3754225,-147.2619,25.880081,15,2,346,12,0,-0.7071067811865471,-0.7071067811865479,-2.4492935982947064e-16,1.0,dry_season,467.98886,0.017045502,89.59994,2024,,646.79755,487.43857,506.2368,236.1616313333333,315.19637889031105,2.598008,2.408338,1.6286119,1.4697724983333333,0.6802774009313446,34.078064,33.76172,31.495026,26.944524291666667,4.892494375819992
2024-12-11 16:00:00,940003.94,-1.2190597,-0.90938866,0.86974156,96589.52,4.2019137e-06,33.084595,11.340088,1.520886,-143.27795,26.517591,16,2,346,12,0,-0.8660254037844384,-0.5000000000000004,-2.4492935982947064e-16,1.0,dry_season,261.1122,0.0042019137,86.97416,2024,,467.98886,276.17233,284.90213,235.35122675,314.5465624631217,2.3754225,1.6837084,1.2655835,1.4684010191666668,0.6783333300366915,33.47174,33.07718,30.777466,26.932441791666665,4.875254338493266
2024-12-11 17:00:00,271251.78,-0.59932554,-0.71020824,0.85283136,96636.875,4.6406676e-06,30.285217,12.953766,0.9292937,-130.16011,34.574097,17,2,346,12,0,-0.9659258262890684,-0.2588190451025206,-2.4492935982947064e-16,1.0,dry_season,75.34772,0.0046406677,85.283134,2024,,261.1122,80.73449,79.86628,234.72372133333332,314.4765999436358,1.520886,1.1552984,1.0074606,1.4616167525000001,0.6768990428571147,33.084595,30.420868,27.978607,26.93275075,4.875660896356019
2024-12-11 18:00:00,7868.419,-0.47667852,-0.69661695,0.8342301,96707.86,2.1723342e-06,28.42096,13.737244,0.8440957,-124.382904,40.52614,18,2,346,12,0,-1.0,-1.8369701987210287e-16,-2.4492935982947064e-16,1.0,dry_season,2.185672,0.0021723341,83.42301,2024,,75.34772,2.278004,1.7690717,234.49927258333335,314.5931846023077,0.9292937,1.127368,1.0164427,1.4521998900000002,0.6828912915920051,30.285217,28.573822,26.460815,26.927098625,4.871518343548156
2024-12-11 19:00:00,0.0,-0.47213185,-0.7064274,0.8153403,96797.0,1.0432951e-06,27.345001,13.563324,0.8496753,-123.756294,42.669727,19,2,346,12,0,-0.9659258262890684,0.2588190451025203,-2.4492935982947064e-16,1.0,dry_season,0.0,0.0010432951,81.53403,2024,,2.185672,0.0,0.0,234.49542541666665,314.59614846293647,0.8440957,1.1035595,1.0322373,1.4403968774999998,0.6911478591469127,28.42096,26.902863,25.518219,26.920729375000004,4.869371188145942
2024-12-11 20:00:00,0.0,-0.455158,-0.71215004,0.80412203,96862.67,5.286028e-07,25.823486,13.490662,0.84517837,-122.583954,46.455914,20,2,346,12,0,-0.8660254037844386,0.5000000000000001,-2.4492935982947064e-16,1.0,dry_season,0.0,0.0005286028,80.4122,2024,,0.0,0.0,0.0,234.49542541666665,314.59614846293647,0.8496753,1.058389,1.0415493,1.4298183691666668,0.6984321012343006,27.345001,25.52826,23.858978,26.93915179166667,4.870136970740184
2024-12-11 21:00:00,0.0,-0.5001051,-0.6949879,0.8030288,96879.03,3.0375278e-07,25.068298,13.023773,0.85622036,-125.73835,47.132072,21,2,346,12,0,-0.7071067811865477,0.7071067811865474,-2.4492935982947064e-16,1.0,dry_season,0.0,0.00030375278,80.30288,2024,,0.0,0.0,0.0,234.49542541666665,314.59614846293647,0.84517837,1.0420887,1.0548692,1.4209345929166666,0.7046898867003989,25.823486,24.941895,22.740845,26.951452875,4.866790065812925
2024-12-11 22:00:00,0.0,-0.48461354,-0.63276917,0.76754844,96888.69,9.044171e-07,23.04889,12.15625,0.7970239,-127.447105,50.27021,22,2,346,12,0,-0.5000000000000004,0.8660254037844384,-2.4492935982947064e-16,1.0,dry_season,0.0,0.00090441713,76.754845,2024,,0.0,0.0,0.0,234.49542541666665,314.59614846293647,0.85622036,0.8939183,1.0937982,1.4131900787500002,0.7100354777387334,25.068298,23.373505,20.906555,26.956719666666668,4.864588687291171
2024-12-11 23:00:00,0.0,-0.47445732,-0.654904,0.7768362,96858.08,1.5205883e-06,22.758942,12.315674,0.8087082,-125.92215,51.7011,23,2,346,12,0,-0.2588190451025215,0.965925826289068,-2.4492935982947064e-16,1.0,dry_season,0.0,0.0015205883,77.683624,2024,,0.0,0.0,0.0,234.49542541666665,314.59614846293647,0.7970239,0.9195408,1.0776932,1.4091528120833334,0.7133840091269315,23.04889,22.866333,20.512848,26.94319404166667,4.875423932316458
2024-12-12 00:00:00,0.0,-0.47227687,-0.68453634,0.73617274,96852.945,2.9289797e-06,22.319519,12.258575,0.8316462,-124.60266,52.901806,0,3,347,12,0,0.0,1.0,-2.4492935982947064e-16,1.0,dry_season,0.0,0.0029289797,73.61727,2024,,0.0,0.0,0.0,234.49542541666665,314.59614846293647,0.8087082,0.8901621,1.0948805,1.4045347870833333,0.717040630256246,22.758942,22.485596,20.209229,26.938719416666668,4.879376005259602
2024-12-12 01:00:00,0.0,-0.5029125,-0.6771403,0.72328424,96813.836,4.214228e-06,21.788269,12.091949,0.843469,-126.601295,54.048615,1,3,347,12,0,0.2588190451025207,0.9659258262890684,-2.4492935982947064e-16,1.0,dry_season,0.0,0.0042142277,72.32842,2024,,0.0,0.0,0.0,234.49542541666665,314.59614846293647,0.8316462,0.88836026,1.1052084,1.4020966245833335,0.7189626133413481,22.319519,21.954376,19.96347,26.931799541666663,4.886079114975349
2024-12-12 02:00:00,0.0,-0.5763606,-0.6630286,0.71485656,96795.305,5.213055e-06,21.029083,11.641815,0.8785206,-130.99992,54.96692,2,3,347,12,0,0.4999999999999999,0.8660254037844387,-2.4492935982947064e-16,1.0,dry_season,0.0,0.005213055,71.48566,2024,,0.0,0.0,0.0,234.49542541666665,314.59614846293647,0.843469,0.87376815,1.1405786,1.4002261554166668,0.7204142017748604,21.788269,21.51184,19.18805,26.92487841666666,4.893548109865063
2024-12-12 03:00:00,0.0,-0.6843364,-0.61409473,0.7278886,96788.69,5.8962705e-06,20.748932,11.757477,0.919472,-138.09653,56.351955,3,3,347,12,0,0.7071067811865476,0.7071067811865476,-2.4492935982947064e-16,1.0,dry_season,0.0,0.0058962707,72.78886,2024,,0.0,0.0,0.0,234.49542541666665,314.59614846293647,0.8785206,0.9077231,1.149545,1.4004241741666668,0.7202638412338618,21.029083,20.966125,18.369812,26.904763541666664,4.917698337018959
2024-12-12 04:00:00,0.0,-0.7904504,-0.5592296,0.7154342,96818.52,7.643761e-06,20.5484,11.702454,0.96827143,-144.72127,56.846134,4,3,347,12,0,0.8660254037844386,0.5000000000000001,-2.4492935982947064e-16,1.0,dry_season,0.0,0.007643761,71.54342,2024,,0.0,0.0,0.0,234.49542541666665,314.59614846293647,0.919472,0.93729055,1.1349418,1.4009137116666668,0.7199183201425957,20.748932,20.917908,18.373016,26.895713833333335,4.929288149452453
2024-12-12 05:00:00,0.0,-0.8747572,-0.50341284,0.6792779,96846.46,8.453769e-06,20.588257,11.885529,1.0092694,-150.08006,57.396023,5,3,347,12,0,0.9659258262890684,0.2588190451025207,-2.4492935982947064e-16,1.0,dry_season,0.0,0.008453769,67.92779,2024,,0.0,0.0,0.000187045,234.49542541666665,314.59614846293647,0.96827143,0.982306,1.1570563,1.4022045816666668,0.7190781487472551,20.5484,21.574799,18.69934,26.880317666666667,4.949307459234037
2024-12-12 06:00:00,54595.215,-0.96225333,-0.47691655,0.60968256,96918.53,8.781922e-06,20.56427,11.691528,1.0739557,-153.63583,56.749523,6,3,347,12,0,1.0,6.123233995736766e-17,-2.4492935982947064e-16,1.0,dry_season,15.165338,0.008781922,60.968254,2024,,0.0,15.265118,19.645159,234.49542541666665,314.59614846293647,1.0092694,1.051478,1.2123839,1.4033280566666668,0.7184143402247471,20.588257,21.838531,19.119904,26.83921175,4.999133689716331
2024-12-12 07:00:00,517035.84,-1.1057419,-0.49546093,0.5810356,96972.016,1.51491e-05,22.603607,12.556305,1.211671,-155.86378,53.022606,7,3,347,12,0,0.9659258262890684,-0.2588190451025206,-2.4492935982947064e-16,1.0,dry_season,143.62106,0.015149101,58.10356,2024,,15.165338,143.27776,167.79771,234.49126791666666,314.59917227970817,1.0739557,1.2486557,1.3866258,1.4042646275,0.7179502045386923,20.56427,24.348663,21.777863,26.78611754166667,5.060938201471331
2024-12-12 08:00:00,1271841.1,-1.3069443,-0.5878121,0.5426131,97033.8,1.6789183e-05,26.000916,12.597046,1.4330479,-155.78366,43.36121,8,3,347,12,0,0.8660254037844387,-0.4999999999999998,-2.4492935982947064e-16,1.0,dry_season,353.2892,0.016789183,54.26131,2024,,143.62106,346.45624,390.90677,234.50557208333336,314.5948524502529,1.211671,1.4028233,1.5213145,1.402723598333333,0.7183383175644037,22.603607,26.48346,24.795471,26.713406875000004,5.109779717973479
2024-12-12 09:00:00,2012389.1,-1.7909577,-0.69356745,0.5312607,97027.484,1.5242142e-05,28.108795,11.985657,1.9205638,-158.83057,36.798553,9,3,347,12,0,0.7071067811865476,-0.7071067811865475,-2.4492935982947064e-16,1.0,dry_season,558.997,0.015242142,53.126072,2024,,353.2892,549.06024,598.7862,234.79027874999997,314.7036452831325,1.4330479,1.8469706,1.7192172,1.4039829566666668,0.7183649936638484,26.000916,28.606812,26.841095,26.693300875000002,5.111672861865636
2024-12-12 10:00:00,2608743.5,-2.05676,-1.0986799,0.5128105,96987.234,1.3028532e-05,31.186462,10.764832,2.3318145,-151.88976,28.420397,10,3,347,12,0,0.4999999999999999,-0.8660254037844387,-2.4492935982947064e-16,1.0,dry_season,724.651,0.013028531,51.28105,2024,,558.997,708.6975,761.47644,235.20431041666666,315.14131513253074,1.9205638,2.3312237,1.7980243,1.4070493400000001,0.7204920457995367,28.108795,31.984222,29.98816,26.672550166666667,5.1045731919770665
2024-12-12 11:00:00,2978841.8,-2.2735076,-1.1144624,0.493597,96899.16,9.563652e-06,32.120575,10.212341,2.531968,-153.88612,25.975939,11,3,347,12,0,0.258819045102521,-0.9659258262890682,-2.4492935982947064e-16,1.0,dry_season,827.45605,0.009563653,49.3597,2024,,724.651,808.89685,856.3388,235.86903958333332,316.1985323086368,2.3318145,2.5522747,1.713028,1.4070739566666666,0.7205250037695681,31.186462,32.93518,30.826263,26.639310166666665,5.070967563507978
2024-12-12 12:00:00,3065636.2,-2.319172,-1.1402717,0.48714966,96782.336,8.422071e-06,32.691162,10.132721,2.5843332,-153.81795,25.018028,12,3,347,12,0,1.2246467991473532e-16,-1.0,-2.4492935982947064e-16,1.0,dry_season,851.5656,0.008422071,48.714966,2024,,827.45605,828.799,872.95447,236.6423395833333,317.6800920079807,2.531968,2.6809583,1.4500194,1.4062278441666667,0.7191323016922977,32.120575,33.636353,31.280548,26.605368291666668,5.029551863031423
2024-12-12 13:00:00,2878257.8,-2.2710896,-1.1926728,0.48030406,96670.21,6.691683e-06,33.121857,10.053894,2.5652127,-152.2936,24.290068,13,3,347,12,0,-0.2588190451025208,-0.9659258262890684,-2.4492935982947064e-16,1.0,dry_season,799.51605,0.006691683,48.030407,2024,,851.5656,774.0055,815.1897,237.59094791666666,319.5536458247688,2.5843332,2.6903284,1.213955,1.4022017983333332,0.7119197752217131,32.691162,33.900208,32.1149,26.56598533333333,4.975513647772971
2024-12-12 14:00:00,2456821.8,-2.1436586,-1.2314554,0.4646439,96610.99,8.546126e-06,33.310608,9.796936,2.4721963,-150.12418,23.623608,14,3,347,12,0,-0.4999999999999997,-0.8660254037844388,-2.4492935982947064e-16,1.0,dry_season,682.4505,0.008546126,46.46439,2024,,799.51605,646.79755,688.8691,238.6538875,321.4523009695999,2.5652127,2.598008,1.0483114,1.3969886441666668,0.702472546086827,33.121857,34.078064,32.30014,26.533554041666665,4.927938618416611
2024-12-12 15:00:00,1796623.1,-1.9460346,-1.2466486,0.46325988,96572.54,1.0128741e-05,33.135773,9.911652,2.3111,-147.35597,24.040983,15,3,347,12,0,-0.7071067811865471,-0.7071067811865479,-2.4492935982947064e-16,1.0,dry_season,499.06198,0.010128741,46.32599,2024,,682.4505,467.98886,505.01358,240.13942708333335,323.4963612138627,2.4721963,2.3754225,0.9102156,1.39174649,0.6935328925424309,33.310608,33.47174,31.965332,26.50157670833333,4.879101869707977
2024-12-12 16:00:00,1019764.9,-1.2968197,-0.9787852,0.459689,96604.04,4.887866e-06,32.561127,9.595398,1.6247344,-142.95602,24.310783,16,3,347,12,0,-0.8660254037844384,-0.5000000000000004,-2.4492935982947064e-16,1.0,dry_season,283.26804,0.004887866,45.9689,2024,,499.06198,261.1122,283.5671,241.43414041666665,324.50851767970954,2.3111,1.520886,0.64294523,1.3890663858333332,0.6896798587050866,33.135773,33.084595,31.64795,26.487578083333336,4.858673496338641
2024-12-12 17:00:00,299312.9,-0.74187595,-0.833423,0.45897236,96632.87,1.016158e-06,28.883728,11.468262,1.1157839,-131.67404,33.995064,17,3,347,12,0,-0.9659258262890684,-0.2588190451025206,-2.4492935982947064e-16,1.0,dry_season,83.14247,0.0010161579,45.897236,2024,,283.26804,75.34772,78.789925,242.35730041666667,324.59843357425785,1.6247344,0.9292937,0.66744155,1.3933934025,0.6908675932114313,32.561127,30.285217,28.48059,26.465766916666666,4.8288545500577325
2024-12-12 18:00:00,8676.576,-0.6338721,-0.8642356,0.45787296,96716.54,4.891515e-07,27.320984,11.662842,1.0717728,-126.25812,37.721664,18,3,347,12,0,-1.0,-1.8369701987210287e-16,-2.4492935982947064e-16,1.0,dry_season,2.41016,0.0004891515,45.787296,2024,,83.14247,2.185672,1.849382,242.68208166666662,324.4279193407609,1.1157839,0.8440957,0.6979612,1.4011638274999998,0.686455423517126,28.883728,28.42096,26.254547,26.407371541666667,4.788967077949926
2024-12-12 19:00:00,0.0,-0.62015384,-0.9024839,0.4331287,96782.91,1.4679105e-06,26.275238,11.588562,1.0950196,-124.49542,39.921284,19,3,347,12,0,-0.9659258262890684,0.2588190451025203,-2.4492935982947064e-16,1.0,dry_season,0.0,0.0014679105,43.31287,2024,,2.41016,0.0,0.0,242.69143533333332,324.420687210823,1.0717728,0.8496753,0.6848385,1.4106503733333333,0.6799647623870756,27.320984,27.345001,25.501282,26.36153920833333,4.774098891858508
2024-12-12 20:00:00,0.0,-0.6016602,-0.9095626,0.44722232,96849.25,1.3481881e-06,24.930664,11.80249,1.09055,-123.483955,43.856903,20,3,347,12,0,-0.8660254037844386,0.5000000000000001,-2.4492935982947064e-16,1.0,dry_season,0.0,0.0013481881,44.722233,2024,,0.0,0.0,0.0,242.69143533333332,324.420687210823,1.0950196,0.84517837,0.65525866,1.4208730525,0.6729726227436255,26.275238,25.823486,24.406464,26.316965749999998,4.769509285847239
2024-12-12 21:00:00,0.0,-0.6019282,-0.9222461,0.4212085,96883.98,1.2907213e-06,23.892975,11.02301,1.1012971,-123.13153,44.323875,21,3,347,12,0,-0.7071067811865477,0.7071067811865474,-2.4492935982947064e-16,1.0,dry_season,0.0,0.0012907214,42.12085,2024,,0.0,0.0,0.0,242.69143533333332,324.420687210823,1.09055,0.85622036,0.635559,1.4310968704166667,0.6656706258524133,24.930664,25.068298,23.227295,26.27976483333333,4.777001649755255
2024-12-12 22:00:00,0.0,-0.5593327,-0.9548401,0.36499712,96890.99,4.6976783e-07,22.459503,9.965698,1.1066042,-120.361206,45.04827,22,3,347,12,0,-0.5000000000000004,0.8660254037844384,-2.4492935982947064e-16,1.0,dry_season,0.0,0.00046976784,36.49971,2024,,0.0,0.0,0.0,242.69143533333332,324.420687210823,1.1012971,0.7970239,0.64320606,1.44130840125,0.6583075159064149,23.892975,23.04889,21.439667,26.23079304166667,4.795947953028865
2024-12-12 23:00:00,0.0,-0.5373059,-1.0263371,0.3259704,96866.05,3.2017186e-07,22.025574,10.158783,1.1584755,-117.63286,46.856728,23,3,347,12,0,-0.2588190451025215,0.965925826289068,-2.4492935982947064e-16,1.0,dry_season,0.0,0.00032017185,32.597042,2024,,0.0,0.0,0.0,242.69143533333332,324.420687210823,1.1066042,0.8087082,0.6594038,1.4542075804166668,0.6480879274249554,22.459503,22.758942,21.092102,26.206235250000002,4.814422775624388
2024-12-13 00:00:00,0.0,-0.56919503,-1.0369561,0.29355103,96843.81,1.0127374e-06,21.668335,10.143524,1.1829035,-118.762794,47.842033,0,4,348,12,0,0.0,1.0,-2.4492935982947064e-16,1.0,dry_season,0.0,0.0010127374,29.355103,2024,,0.0,0.0,0.0,242.69143533333332,324.420687210823,1.1584755,0.8316462,0.681271,1.4687812179166668,0.6367752913988863,22.025574,22.319519,20.431702,26.17567825,4.839515882391492
2024-12-13 01:00:00,0.0,-0.6082047,-1.0732324,0.29434058,96798.04,1.5632323e-06,20.96698,9.620453,1.2335886,-119.54039,48.225174,1,4,348,12,0,0.2588190451025207,0.9659258262890684,-2.4492935982947064e-16,1.0,dry_season,0.0,0.0015632323,29.434057,2024,,0.0,0.0,0.0,242.69143533333332,324.420687210823,1.1829035,0.843469,0.71932083,1.4834169387499998,0.6254302131400454,21.668335,21.788269,19.954315,26.14854558333333,4.863839653838077
2024-12-13 02:00:00,0.0,-0.7016874,-1.02838,0.32738242,96769.96,2.9586251e-06,19.851135,9.633484,1.2449621,-124.30661,51.712013,2,4,348,12,0,0.4999999999999999,0.8660254037844387,-2.4492935982947064e-16,1.0,dry_season,0.0,0.002958625,32.738243,2024,,0.0,0.0,0.0,242.69143533333332,324.420687210823,1.2335886,0.8785206,0.7288958,1.4996719220833334,0.613021289495883,20.96698,21.029083,19.50708,26.114325208333337,4.898615764076501
2024-12-13 03:00:00,0.0,-0.8217833,-0.97375304,0.36549726,96781.57,4.6969944e-06,19.239227,9.412567,1.2741753,-130.16216,52.925926,3,4,348,12,0,0.7071067811865476,0.7071067811865476,-2.4492935982947064e-16,1.0,dry_season,0.0,0.0046969946,36.549725,2024,,0.0,0.0,0.0,242.69143533333332,324.420687210823,1.2449621,0.919472,0.7676128,1.5149403179166665,0.6013297036133521,19.851135,20.748932,19.056122,26.06524404166667,4.9573313538794155
2024-12-13 04:00:00,0.0,-0.94883156,-0.9056513,0.38273504,96800.36,7.252896e-06,19.823212,9.595825,1.3116728,-136.33385,51.67083,4,4,348,12,0,0.8660254037844386,0.5000000000000001,-2.4492935982947064e-16,1.0,dry_season,0.0,0.007252896,38.273506,2024,,0.0,0.0,0.0,242.69143533333332,324.420687210823,1.2741753,0.96827143,0.7872751,1.5297196220833333,0.5903161825794093,19.239227,20.5484,19.319092,26.002339666666668,5.036667520506508
2024-12-13 05:00:00,0.0,-1.0241544,-0.82843405,0.39801058,96853.64,7.999051e-06,20.097107,9.60965,1.317268,-141.03075,50.848152,5,4,348,12,0,0.9659258262890684,0.2588190451025207,-2.4492935982947064e-16,1.0,dry_season,0.0,0.007999051,39.80106,2024,,0.0,0.0,9.35225e-05,242.69143533333332,324.420687210823,1.3116728,1.0092694,0.8062067,1.5440280125,0.5801907601554086,19.823212,20.588257,19.659119,25.9721235,5.072854876740173
2024-12-13 06:00:00,55382.16,-1.1298469,-0.8230093,0.4320422,96910.09,1.0709338e-05,20.422333,9.780243,1.3978192,-143.92944,50.409473,6,4,348,12,0,1.0,6.123233995736766e-17,-2.4492935982947064e-16,1.0,dry_season,15.383933,0.010709338,43.20422,2024,,0.0,15.165338,18.53609,242.69143533333332,324.420687210823,1.317268,1.0739557,0.87229306,1.5568612875,0.571184544030174,20.097107,20.56427,20.319946,25.95165891666667,5.096454227828515
2024-12-13 07:00:00,544749.56,-1.3071281,-0.86188275,0.4217147,96985.78,1.1786384e-05,21.475311,9.958923,1.5657029,-146.60028,47.81646,7,4,348,12,0,0.9659258262890684,-0.2588190451025206,-2.4492935982947064e-16,1.0,dry_season,151.31932,0.011786384,42.17147,2024,,15.383933,143.62106,159.26318,242.70054345833333,324.41402467513717,1.3978192,1.211671,0.96594256,1.5703556,0.563047502848767,20.422333,22.603607,21.357788,25.945744875,5.103055765476905
2024-12-13 08:00:00,1324426.6,-1.4723344,-0.9063264,0.3943078,97037.38,1.2199141e-05,25.629486,9.808472,1.7289292,-148.38475,36.84226,8,4,348,12,0,0.8660254037844387,-0.4999999999999998,-2.4492935982947064e-16,1.0,dry_season,367.89627,0.012199141,39.43078,2024,,151.31932,353.2892,375.25208,243.02130429166664,324.3155924735799,1.5657029,1.4330479,1.0967501,1.5851069291666668,0.5578554372862083,21.475311,26.000916,24.1987,25.898732541666664,5.140245921099027
2024-12-13 09:00:00,2072895.8,-1.8932875,-1.0064409,0.3675139,97034.65,1.2851571e-05,27.236603,9.49881,2.144169,-152.00562,32.817226,9,4,348,12,0,0.7071067811865476,-0.7071067811865475,-2.4492935982947064e-16,1.0,dry_season,575.8044,0.012851572,36.75139,2024,,367.89627,558.997,572.3686,243.62993220833334,324.54514919783145,1.7289292,1.9205638,1.3586588,1.5974353166666664,0.5576182659833835,25.629486,28.108795,26.059448,25.88325629166667,5.140484036053303
2024-12-13 10:00:00,2688036.0,-2.2621183,-1.1290653,0.36632162,97023.46,1.2068928e-05,30.636475,8.401306,2.528234,-153.47536,25.022089,10,4,348,12,0,0.4999999999999999,-0.8660254037844387,-2.4492935982947064e-16,1.0,dry_season,746.6767,0.012068928,36.632164,2024,,575.8044,724.651,732.55396,244.33024054166665,325.272558500076,2.144169,2.3318145,1.6438923,1.6067522,0.5650701919858035,27.236603,31.186462,29.889374,25.846914958333333,5.127131917229956
2024-12-13 11:00:00,3046680.8,-2.3594437,-1.0777881,0.35495618,96929.01,9.3743765e-06,31.38269,8.454712,2.5939548,-155.44919,24.065323,11,4,348,12,0,0.258819045102521,-0.9659258262890682,-2.4492935982947064e-16,1.0,dry_season,846.30023,0.009374376,35.495617,2024,,746.6767,827.45605,823.0627,245.24797804166667,326.71455283301054,2.528234,2.531968,1.6473296,1.6149363458333335,0.5773178329680593,30.636475,32.120575,30.789337,25.823998833333334,5.103402949249156
2024-12-13 12:00:00,3138382.2,-2.2903996,-1.0555375,0.35807246,96836.15,8.509639e-06,32.275757,7.895569,2.5219216,-155.25725,22.023293,12,4,348,12,0,1.2246467991473532e-16,-1.0,-2.4492935982947064e-16,1.0,dry_season,871.7728,0.008509639,35.807247,2024,,846.30023,851.5656,836.08276,246.03315220833335,328.19386849606724,2.5939548,2.5843332,1.4801359,1.6175191291666666,0.5817206570925691,31.38269,32.691162,31.268951,25.793253625000002,5.065905163426015
2024-12-13 13:00:00,2953909.5,-2.1416945,-1.100732,0.39647493,96726.68,8.915099e-06,32.764923,7.811371,2.4080005,-152.79892,21.300728,13,4,348,12,0,-0.2588190451025208,-0.9659258262890684,-2.4492935982947064e-16,1.0,dry_season,820.5304,0.008915099,39.64749,2024,,871.7728,799.51605,773.2737,246.875118875,329.8366855452904,2.5219216,2.5652127,1.370115,1.614918645833333,0.5773337256505433,32.275757,33.121857,31.794891,25.775945083333337,5.0419656616858655
2024-12-13 14:00:00,2494594.0,-1.9402071,-1.1859128,0.41695786,96666.98,1.0387798e-05,33.132416,7.897766,2.2739377,-148.56548,20.987669,14,4,348,12,0,-0.4999999999999997,-0.8660254037844388,-2.4492935982947064e-16,1.0,dry_season,692.94275,0.010387798,41.695786,2024,,820.5304,682.4505,647.435,247.7507167916667,331.39176098436855,2.4080005,2.4721963,1.2719898,1.6083681375,0.5668800013341162,32.764923,33.310608,31.839783,25.761072833333333,5.019833229058135
2024-12-13 15:00:00,1852884.6,-1.6828047,-1.2766564,0.43672013,96641.664,7.6239216e-06,32.7706,7.922394,2.1122696,-142.81429,21.455503,15,4,348,12,0,-0.7071067811865471,-0.7071067811865479,-2.4492935982947064e-16,1.0,dry_season,514.6902,0.0076239216,43.672012,2024,,692.94275,499.06198,469.94888,248.18789387500001,331.9965256923321,2.2739377,2.3111,1.2829322,1.6001073625000002,0.5550661341130184,33.132416,33.135773,31.406403,25.753648166666668,5.008300005450157
2024-12-13 16:00:00,1062036.1,-1.0955772,-1.0754764,0.40068373,96653.07,2.3698192e-06,32.122375,8.278351,1.5352325,-135.53046,22.800978,16,4,348,12,0,-0.8660254037844384,-0.5000000000000004,-2.4492935982947064e-16,1.0,dry_season,295.01004,0.0023698192,40.068375,2024,,514.6902,283.26804,262.324,248.83906970833334,332.52488864108597,2.1122696,1.6247344,1.0995458,1.5918227624999999,0.5453923956801111,32.7706,32.561127,30.606934,25.738432624999998,4.985399881030969
2024-12-13 17:00:00,315708.53,-0.50705427,-0.9945165,0.38201702,96699.22,1.2419202e-06,29.54596,10.302307,1.1163186,-117.014755,30.276752,17,4,348,12,0,-0.9659258262890684,-0.2588190451025206,-2.4492935982947064e-16,1.0,dry_season,87.696815,0.0012419203,38.201702,2024,,295.01004,83.14247,73.5277,249.32831970833334,332.58637947884483,1.5352325,1.1157839,0.8945156,1.5880935166666665,0.5454635606707111,32.122375,28.883728,27.91034,25.720151291666667,4.960033380577207
2024-12-13 18:00:00,9083.348,-0.42419016,-1.1161072,0.3373104,96754.11,8.565282e-07,27.14447,10.497772,1.1939986,-110.8099,35.277657,18,4,348,12,0,-1.0,-1.8369701987210287e-16,-2.4492935982947064e-16,1.0,dry_season,2.523152,0.0008565282,33.73104,2024,,87.696815,2.41016,1.7750912,249.51808408333332,332.4887208390965,1.1163186,1.0717728,1.0420464,1.5881157958333334,0.5454434412371149,29.54596,27.320984,26.864227,25.747744291666667,4.980198781844646
2024-12-13 19:00:00,0.0,-0.43794817,-1.1858267,0.3151168,96843.125,1.1789805e-07,26.02539,10.772858,1.2641137,-110.270134,38.38183,19,4,348,12,0,-0.9659258262890684,0.2588190451025203,-2.4492935982947064e-16,1.0,dry_season,0.0,0.000117898046,31.511679,2024,,2.523152,0.0,0.0,249.52279208333334,332.4850704695422,1.1939986,1.0950196,1.1436198,1.5932085375,0.5409650155375907,27.14447,26.275238,26.30188,25.74038954166667,4.9779042174737995
2024-12-13 20:00:00,0.0,-0.47571233,-1.240852,0.28482255,96896.75,6.841279e-08,24.26352,10.588196,1.3289154,-110.9756,42.11177,20,4,348,12,0,-0.8660254037844386,0.5000000000000001,-2.4492935982947064e-16,1.0,dry_season,0.0,6.841279e-05,28.482256,2024,,0.0,0.0,0.0,249.52279208333334,332.4850704695422,1.2641137,1.09055,1.2024348,1.6002541250000002,0.5352655672517583,26.02539,24.930664,24.98584,25.729979208333333,4.976998224653984
2024-12-13 21:00:00,0.0,-0.53362566,-1.2810975,0.25264007,96933.414,4.1959847e-08,23.662628,9.937286,1.3877922,-112.61357,41.803394,21,4,348,12,0,-0.7071067811865477,0.7071067811865474,-2.4492935982947064e-16,1.0,dry_season,0.0,4.1959847e-05,25.264008,2024,,0.0,0.0,0.0,249.52279208333334,332.4850704695422,1.3289154,1.1012971,1.2310506,1.6101860166666668,0.5275526440442456,24.26352,23.892975,23.818054,25.702181541666665,4.983515492665735
2024-12-13 22:00:00,0.0,-0.58853877,-1.4407923,0.22921145,96953.57,7.2061475e-08,22.110657,9.559204,1.5563612,-112.21916,44.77789,22,4,348,12,0,-0.5000000000000004,0.8660254037844384,-2.4492935982947064e-16,1.0,dry_season,0.0,7.206148e-05,22.921144,2024,,0.0,0.0,0.0,249.52279208333334,332.4850704695422,1.3877922,1.1066042,1.3172257,1.6221233125,0.5187041682172832,23.662628,22.459503,22.184357,25.69258375,4.987371673520094
2024-12-13 23:00:00,0.0,-0.65547323,-1.5014471,0.18439662,96933.49,4.7888953e-08,21.89386,9.2803955,1.6382883,-113.5842,44.531387,23,4,348,12,0,-0.2588190451025215,0.965925826289068,-2.4492935982947064e-16,1.0,dry_season,0.0,4.7888952e-05,18.439663,2024,,0.0,0.0,0.0,249.52279208333334,332.4850704695422,1.5563612,1.1584755,1.4013826,1.6408631875,0.5072679865894122,22.110657,22.025574,22.012817,25.6780485,4.997701516778478
2024-12-14 00:00:00,0.0,-0.7366515,-1.515043,0.15716375,96891.1,3.4571264e-07,21.54132,9.254425,1.6846397,-115.93016,45.422596,0,5,349,12,1,0.0,1.0,-2.4492935982947064e-16,1.0,dry_season,0.0,0.00034571264,15.716375,2024,,0.0,0.0,0.0,249.52279208333334,332.4850704695422,1.6382883,1.1829035,1.4631003,1.6608553874999998,0.49677634152861894,21.89386,21.668335,21.473999,25.672560416666666,5.001957269699104
2024-12-14 01:00:00,0.0,-0.8289399,-1.5162195,0.11841562,96844.77,6.718136e-07,20.604065,8.215454,1.7280228,-118.66609,44.8515,1,5,349,12,1,0.2588190451025207,0.9659258262890684,-2.4492935982947064e-16,1.0,dry_season,0.0,0.0006718136,11.841561,2024,,0.0,0.0,0.0,249.52279208333334,332.4850704695422,1.6846397,1.2335886,1.5616835,1.6817610625000003,0.4862336807759895,21.54132,20.96698,21.154266,25.667268125000003,5.006443301143542
2024-12-14 02:00:00,0.0,-0.94684094,-1.5114121,0.11874204,96806.336,1.1215137e-06,19.603638,7.854248,1.7835006,-122.065544,46.559917,2,5,349,12,1,0.4999999999999999,0.8660254037844387,-2.4492935982947064e-16,1.0,dry_season,0.0,0.0011215137,11.874204,2024,,0.0,0.0,0.0,249.52279208333334,332.4850704695422,1.7280228,1.2449621,1.6581377,1.7023624875,0.47680225444949287,20.604065,19.851135,20.526398,25.652146666666667,5.0217818756715635
2024-12-14 03:00:00,0.0,-1.0736625,-1.4789151,0.12640588,96794.625,6.5949934e-07,19.013977,7.9498596,1.8275505,-125.97889,48.61744,3,5,349,12,1,0.7071067811865476,0.7071067811865476,-2.4492935982947064e-16,1.0,dry_season,0.0,0.0006594993,12.640588,2024,,0.0,0.0,0.0,249.52279208333334,332.4850704695422,1.7835006,1.2741753,1.7397151,1.7248015916666668,0.4669099589122185,19.603638,19.239227,19.821716,25.641834291666665,5.034450499823589
2024-12-14 04:00:00,0.0,-1.198535,-1.3991338,0.14710031,96816.55,1.3839908e-06,19.032623,7.880188,1.8422979,-130.58423,48.331116,4,5,349,12,1,0.8660254037844386,0.5000000000000001,-2.4492935982947064e-16,1.0,dry_season,0.0,0.0013839909,14.7100315,2024,,0.0,0.0,0.0,249.52279208333334,332.4850704695422,1.8275505,1.3116728,1.8112714,1.7478588916666666,0.457252991967102,19.013977,19.823212,20.060791,25.632448874999998,5.04709951268308
2024-12-14 05:00:00,0.0,-1.2925849,-1.3575714,0.17849578,96856.17,1.7739437e-06,19.242706,7.597595,1.8745068,-133.59529,46.79182,5,5,349,12,1,0.9659258262890684,0.2588190451025207,-2.4492935982947064e-16,1.0,dry_season,0.0,0.0017739438,17.849579,2024,,0.0,0.0,5.9514317e-05,249.52279208333334,332.4850704695422,1.8422979,1.317268,1.8847399,1.7699682708333333,0.4479797888223479,19.032623,20.097107,19.994629,25.599507666666668,5.089069001064916
2024-12-14 06:00:00,54142.195,-1.3686681,-1.351566,0.19932887,96916.05,2.406762e-06,19.10434,8.146637,1.9235339,-135.36021,48.99522,6,5,349,12,1,1.0,6.123233995736766e-17,-2.4492935982947064e-16,1.0,dry_season,15.039498,0.002406762,19.932886,2024,,0.0,15.383933,17.695036,249.52279208333334,332.4850704695422,1.8745068,1.3978192,2.0328374,1.7931865541666667,0.4378220870534017,19.242706,20.422333,20.24179,25.563907625,5.132041010487121
2024-12-14 07:00:00,558672.8,-1.6307193,-1.386936,0.22915472,96969.98,3.674907e-06,21.616394,8.446655,2.1407561,-139.61864,42.812706,7,5,349,12,1,0.9659258262890684,-0.2588190451025206,-2.4492935982947064e-16,1.0,dry_season,155.18689,0.003674907,22.915472,2024,,15.039498,151.31932,160.10924,249.50844062500002,332.4956235662502,1.9235339,1.5657029,2.2396789,1.8150913333333332,0.43026723543217243,19.10434,21.475311,21.637482,25.508991249999998,5.196103382619752
2024-12-14 08:00:00,1359241.2,-1.8914682,-1.3993411,0.21815683,97028.016,3.5529042e-06,25.029572,8.120911,2.3528297,-143.50533,34.07086,8,5,349,12,1,0.8660254037844387,-0.4999999999999998,-2.4492935982947064e-16,1.0,dry_season,377.56702,0.0035529041,21.815683,2024,,155.18689,367.89627,381.8275,249.66958937500002,332.44689939738083,2.1407561,1.7289292,2.719401,1.8390518833333334,0.43178456373342106,21.616394,25.629486,24.228119,25.514869708333332,5.191419283139021
2024-12-14 09:00:00,2120497.2,-2.3646421,-1.4008473,0.23733602,97022.82,4.273063e-06,26.667603,7.745636,2.748437,-149.3569,30.137003,9,5,349,12,1,0.7071067811865476,-0.7071067811865475,-2.4492935982947064e-16,1.0,dry_season,589.02704,0.004273063,23.733603,2024,,377.56702,575.8044,589.2814,250.07253729166666,332.60225293203786,2.3528297,2.144169,3.0621936,1.8650477375,0.4434888230102975,25.029572,27.236603,26.244843,25.489873291666665,5.1922876220748355
2024-12-14 10:00:00,2710798.8,-2.5045848,-1.4066776,0.24050173,97003.59,4.588446e-06,30.546692,7.706299,2.872575,-150.67964,23.990171,10,5,349,12,1,0.4999999999999999,-0.8660254037844387,-2.4492935982947064e-16,1.0,dry_season,752.99963,0.0045884456,24.050173,2024,,589.02704,746.6767,750.0841,250.62348062499998,333.1757319750282,2.748437,2.528234,3.2948947,1.8902255708333333,0.4759862750137831,26.667603,30.636475,29.118927,25.466164958333334,5.185259457716716
2024-12-14 11:00:00,3058834.0,-2.5585654,-1.2409772,0.27330616,96927.92,4.236348e-06,31.24826,7.7254333,2.8436387,-154.12529,23.077497,11,5,349,12,1,0.258819045102521,-0.9659258262890682,-2.4492935982947064e-16,1.0,dry_season,849.6761,0.004236348,27.330616,2024,,752.99963,846.30023,843.2157,250.88693604166667,333.5872811848951,2.872575,2.5939548,3.3108308,1.9045731124999998,0.5006067049736732,30.546692,31.38269,29.979492,25.462424,5.181398053018795
2024-12-14 12:00:00,3155826.2,-2.477831,-1.1272392,0.31202498,96828.484,3.6133356e-06,32.02289,7.7503357,2.7221892,-155.53778,22.120983,12,5,349,12,1,1.2246467991473532e-16,-1.0,-2.4492935982947064e-16,1.0,dry_season,876.6184,0.0036133355,31.202497,2024,,849.6761,871.7728,861.58136,251.0275972916667,333.84986884038744,2.8436387,2.5219216,3.1876457,1.9149766083333333,0.5178535197305714,31.24826,32.275757,30.554565,25.456822749999997,5.174788249228479
2024-12-14 13:00:00,2958296.0,-2.3429682,-1.1080599,0.33250993,96751.55,6.800916e-06,32.345,8.046143,2.5917747,-154.68912,22.163109,13,5,349,12,1,-0.2588190451025208,-0.9659258262890684,-2.4492935982947064e-16,1.0,dry_season,821.7489,0.0068009156,33.25099,2024,,876.6184,820.5304,800.03265,251.22949729166666,334.2428283312648,2.7221892,2.4080005,3.0362942,1.9233210916666668,0.5295404479039152,32.02289,32.764923,30.937744,25.446286625,5.160538728817999
2024-12-14 14:00:00,2505032.2,-2.176053,-1.1120743,0.37280285,96698.94,1.4307851e-05,32.491455,8.378601,2.4437504,-152.93063,22.482315,14,5,349,12,1,-0.4999999999999997,-0.8660254037844388,-2.4492935982947064e-16,1.0,dry_season,695.8423,0.014307851,37.280285,2024,,821.7489,692.94275,674.8516,251.28026812500002,334.33314418199353,2.5917747,2.2739377,2.8963695,1.9309783500000002,0.5381130424447982,32.345,33.132416,31.221436,25.428789833333337,5.135296189261414
2024-12-14 15:00:00,1849019.1,-1.938049,-1.1636162,0.37457842,96661.56,2.165037e-06,31.999695,8.650726,2.260539,-149.01913,23.546843,15,5,349,12,1,-0.7071067811865471,-0.7071067811865479,-2.4492935982947064e-16,1.0,dry_season,513.6164,0.002165037,37.45784,2024,,695.8423,514.6902,489.25998,251.40108270833332,334.50016454464827,2.4437504,2.1122696,2.7364779,1.9380538791666666,0.5439038603158292,32.491455,32.7706,30.851685,25.402083125,5.094999274930183
2024-12-14 16:00:00,1054738.8,-1.3240886,-0.95471525,0.3902093,96666.48,9.459209e-07,31.454254,8.442474,1.6323884,-144.20705,23.947609,16,5,349,12,1,-0.8660254037844384,-0.5000000000000004,-2.4492935982947064e-16,1.0,dry_season,292.98297,0.0009459209,39.020927,2024,,513.6164,295.01004,275.71817,251.3563410416667,334.46348648074445,2.260539,1.5352325,2.2983646,1.9442317708333334,0.546803038882309,31.999695,32.122375,29.955383,25.369962083333334,5.048745364206634
2024-12-14 17:00:00,314328.1,-0.7999282,-0.9809749,0.39929932,96719.945,1.05355696e-07,28.745056,11.174255,1.2657791,-129.19525,33.60853,17,5,349,12,1,-0.9659258262890684,-0.2588190451025206,-2.4492935982947064e-16,1.0,dry_season,87.31336,0.0001053557,39.92993,2024,,292.98297,87.696815,79.42232,251.2718797916667,334.4522391808207,1.6323884,1.1163186,1.5694662,1.9482799333333334,0.5439958654786462,31.454254,29.54596,27.595764,25.342123708333332,5.011599644116324
2024-12-14 18:00:00,9897.564,-0.71398216,-1.0683484,0.41479146,96791.57,2.5312733e-08,26.318268,10.408142,1.2849665,-123.75499,36.816647,18,5,349,12,1,-1.0,-1.8369701987210287e-16,-2.4492935982947064e-16,1.0,dry_season,2.7493234,2.5312733e-05,41.479145,2024,,87.31336,2.523152,1.907859,251.25590250000002,334.46040221881833,1.2657791,1.1939986,1.5673237,1.9545074541666667,0.5348360779793727,28.745056,27.14447,26.222534,25.30875270833333,4.98498613004048
2024-12-14 19:00:00,0.0,-0.7230034,-1.1352508,0.4311594,96859.836,1.3682558e-09,25.599243,10.360016,1.3459303,-122.4917,38.296017,19,5,349,12,1,-0.9659258262890684,0.2588190451025203,-2.4492935982947064e-16,1.0,dry_season,0.0,1.3682559e-06,43.11594,2024,,2.7493234,0.0,0.0,251.26532630833333,334.45309228245975,1.2849665,1.2641137,1.6543971,1.9582977833333333,0.5295078958580376,26.318268,26.02539,25.72464,25.274327624999998,4.974599898967147
2024-12-14 20:00:00,0.0,-0.77521855,-1.1576028,0.42013448,96934.58,0.0,23.909393,9.615265,1.3932006,-123.809265,40.30667,20,5,349,12,1,-0.8660254037844386,0.5000000000000001,-2.4492935982947064e-16,1.0,dry_season,0.0,0.0,42.013447,2024,,0.0,0.0,0.0,251.26532630833333,334.45309228245975,1.3459303,1.3289154,1.7157279,1.9617068083333333,0.5250892905064067,25.599243,24.26352,24.273315,25.256571499999996,4.972562650274704
2024-12-14 21:00:00,0.0,-0.8550964,-1.1906093,0.4220485,96960.68,0.0,22.822876,9.153473,1.4658582,-125.68593,41.724552,21,5,349,12,1,-0.7071067811865477,0.7071067811865474,-2.4492935982947064e-16,1.0,dry_season,0.0,0.0,42.20485,2024,,0.0,0.0,0.0,251.26532630833333,334.45309228245975,1.3932006,1.3877922,1.7817155,1.964385358333333,0.5218751183466505,23.909393,23.662628,23.210236,25.241816208333333,4.976161597110849
2024-12-14 22:00:00,0.0,-0.9489389,-1.4752762,0.41828734,96938.945,0.0,21.115295,8.891205,1.7541167,-122.75026,45.497066,22,5,349,12,1,-0.5000000000000004,0.8660254037844384,-2.4492935982947064e-16,1.0,dry_season,0.0,0.0,41.828735,2024,,0.0,0.0,0.0,251.26532630833333,334.45309228245975,1.4658582,1.5563612,1.9544464,1.9676381083333334,0.518356492597442,22.822876,22.110657,21.069946,25.20682654166667,4.990679535609517
2024-12-14 23:00:00,0.0,-1.0317848,-1.4160502,0.42920163,96917.37,1.5962984e-09,20.809845,8.849579,1.7520782,-126.078415,46.229893,23,5,349,12,1,-0.2588190451025215,0.965925826289068,-2.4492935982947064e-16,1.0,dry_season,0.0,1.5962984e-06,42.920162,2024,,0.0,0.0,0.0,251.26532630833333,334.45309228245975,1.7541167,1.6382883,1.9526687,1.9758779208333335,0.5130794775648818,21.115295,21.89386,20.802673,25.165353125,5.021568154026385
2024-12-15 00:00:00,0.0,-1.0840764,-1.3765312,0.41827402,96890.17,1.5962986e-08,20.569641,8.92688,1.7521586,-128.22192,47.16516,0,6,350,12,1,0.0,1.0,-2.4492935982947064e-16,1.0,dry_season,0.0,1.5962985e-05,41.8274,2024,,0.0,0.0,0.0,251.26532630833333,334.45309228245975,1.7520782,1.6846397,1.913573,1.9806191666666668,0.51034271153213,20.809845,21.54132,20.278442,25.120185833333334,5.057023512018905
2024-12-15 01:00:00,0.0,-1.1420106,-1.35532,0.42605814,96846.88,1.2633562e-07,20.30133,8.733582,1.7723093,-130.11792,47.330986,1,6,350,12,1,0.2588190451025207,0.9659258262890684,-2.4492935982947064e-16,1.0,dry_season,0.0,0.00012633562,42.605816,2024,,0.0,0.0,0.0,251.26532630833333,334.45309228245975,1.7521586,1.7280228,1.9218875,1.9834324541666668,0.5088240128697966,20.569641,20.604065,20.1167,25.079699208333334,5.090699251744849
2024-12-15 02:00:00,0.0,-1.201503,-1.3103287,0.4423333,96802.54,2.818607e-07,19.63855,8.340027,1.7777995,-132.5192,48.01864,2,6,350,12,1,0.4999999999999999,0.8660254037844387,-2.4492935982947064e-16,1.0,dry_season,0.0,0.0002818607,44.23333,2024,,0.0,0.0,0.0,251.26532630833333,334.45309228245975,1.7723093,1.7835006,1.9309239,1.9852777249999998,0.5079370178294624,20.30133,19.603638,19.281311,25.06708525,5.1026324241475605
2024-12-15 03:00:00,0.0,-1.2487863,-1.270499,0.48318103,96799.38,6.4695695e-07,19.094757,8.228943,1.78147,-134.50621,49.299347,3,6,350,12,1,0.7071067811865476,0.7071067811865476,-2.4492935982947064e-16,1.0,dry_season,0.0,0.00064695696,48.318104,2024,,0.0,0.0,0.0,251.26532630833333,334.45309228245975,1.7777995,1.8275505,1.9447314,1.9850401791666668,0.5080368086321215,19.63855,19.013977,18.746948,25.06853991666667,5.1010118962416096
2024-12-15 04:00:00,0.0,-1.3013606,-1.2149255,0.4953922,96812.92,1.2613039e-06,18.82547,8.529175,1.7803323,-136.96735,51.166885,4,6,350,12,1,0.8660254037844386,0.5000000000000001,-2.4492935982947064e-16,1.0,dry_season,0.0,0.0012613039,49.53922,2024,,0.0,0.0,0.0,251.26532630833333,334.45309228245975,1.78147,1.8422979,1.9533273,1.9831201583333333,0.5087444698368151,19.094757,19.032623,18.812714,25.07190575,5.096868146396716
2024-12-15 05:00:00,0.0,-1.3212379,-1.1894441,0.5440053,96853.93,1.9125937e-06,18.712646,8.446075,1.7777646,-138.00488,51.239914,5,6,350,12,1,0.9659258262890684,0.2588190451025207,-2.4492935982947064e-16,1.0,dry_season,0.0,0.0019125937,54.400528,2024,,0.0,0.0,2.5506137e-05,251.26532630833333,334.45309228245975,1.7803323,1.8745068,1.9557136,1.9805382583333335,0.509646660916729,18.82547,19.242706,18.951477,25.063274375000002,5.1077040199288355
2024-12-15 06:00:00,51040.137,-1.3846964,-1.1787544,0.6107494,96915.016,3.2876908e-06,19.07898,7.970398,1.8184736,-139.59315,48.488285,6,6,350,12,1,1.0,6.123233995736766e-17,-2.4492935982947064e-16,1.0,dry_season,14.177815,0.0032876907,61.074944,2024,,0.0,15.039498,17.668026,251.26532630833333,334.45309228245975,1.7777646,1.9235339,2.0636084,1.9765073333333332,0.5109027841851509,18.712646,19.10434,19.227997,25.041188541666667,5.135039417748133
2024-12-15 07:00:00,520473.84,-1.5361608,-1.2120129,0.6365782,96995.63,3.2005785e-06,21.11795,9.161194,1.9567231,-141.72697,46.325905,7,6,350,12,1,0.9659258262890684,-0.2588190451025206,-2.4492935982947064e-16,1.0,dry_season,144.57607,0.0032005785,63.65782,2024,,14.177815,155.18689,162.00577,251.22942285,334.47959882408054,1.8184736,2.1407561,2.2382147,1.9721298208333333,0.5118256596810571,19.07898,21.616394,20.883026,25.040131875,5.136316643329865
2024-12-15 08:00:00,1298194.0,-1.81536,-1.253625,0.65272754,97056.625,4.566554e-06,24.142029,8.735901,2.2061522,-145.37238,37.459824,8,6,350,12,1,0.8660254037844387,-0.4999999999999998,-2.4492935982947064e-16,1.0,dry_season,360.60944,0.004566554,65.27275,2024,,144.57607,377.56702,381.36804,250.78730535,334.61905173336925,1.9567231,2.3528297,2.6720874,1.9644617791666665,0.5105665228637875,21.11795,25.029572,23.764374,25.019363375,5.1517468412781415
2024-12-15 09:00:00,2047218.2,-2.1830578,-1.2158624,0.6726409,97077.945,4.8221896e-06,25.77594,8.8341675,2.4988122,-150.8842,34.204777,9,6,350,12,1,0.7071067811865476,-0.7071067811865475,-2.4492935982947064e-16,1.0,dry_season,568.67175,0.0048221895,67.26409,2024,,360.60944,589.02704,589.3358,250.08073951666668,334.35751164007627,2.2061522,2.748437,2.899986,1.9583502166666669,0.50657787062129,24.142029,26.667603,25.31247,24.982382416666667,5.154854976583908
2024-12-15 10:00:00,2649163.0,-2.2799242,-1.3476465,0.6269586,97043.44,5.2219484e-06,29.484314,9.120697,2.6484346,-149.41298,28.068369,10,6,350,12,1,0.4999999999999999,-0.8660254037844387,-2.4492935982947064e-16,1.0,dry_season,735.8786,0.0052219485,62.69586,2024,,568.67175,752.99963,748.2807,249.23260243333334,333.4850313990686,2.4988122,2.872575,3.1523385,1.9479491833333336,0.4920035291247833,25.77594,30.546692,28.418518,24.945229791666666,5.145385537942595
2024-12-15 11:00:00,3008634.5,-2.1847327,-1.2090636,0.6373115,96977.32,4.5633615e-06,30.463654,9.193451,2.4969766,-151.0392,26.661068,11,6,350,12,1,0.258819045102521,-0.9659258262890682,-2.4492935982947064e-16,1.0,dry_season,835.7318,0.0045633614,63.73115,2024,,735.8786,849.6761,844.84326,248.51922618333333,332.37701334443227,2.6484346,2.8436387,3.1216564,1.93861,0.4755411334682749,29.484314,31.24826,29.49289,24.90096404166667,5.099465885516547
2024-12-15 12:00:00,3092916.8,-1.9716213,-1.1028259,0.6547042,96873.47,4.055966e-06,30.991394,9.05603,2.2590961,-150.77954,25.62952,12,6,350,12,1,1.2246467991473532e-16,-1.0,-2.4492935982947064e-16,1.0,dry_season,859.14355,0.004055966,65.47042,2024,,835.7318,876.6184,871.1222,247.93821368333332,331.2908832912325,2.4969766,2.7221892,2.961342,1.9241657458333334,0.4515140971344521,30.463654,32.02289,30.114899,24.868272125,5.059362421678297
2024-12-15 13:00:00,2906039.5,-1.7377303,-1.1088821,0.65005314,96799.63,4.0345303e-06,31.420776,9.2664795,2.0613892,-147.4572,25.366947,13,6,350,12,1,-0.2588190451025208,-0.9659258262890684,-2.4492935982947064e-16,1.0,dry_season,807.2332,0.0040345304,65.00532,2024,,859.14355,821.7489,813.18066,247.21009493333335,329.8652160716706,2.2590961,2.5917747,2.8127556,1.9048702000000002,0.42504709777716254,30.991394,32.345,30.68341,24.825293124999998,4.999974515203443
2024-12-15 14:00:00,2463198.5,-1.4836195,-1.1595266,0.65723944,96736.27,3.5602018e-06,31.58722,9.538788,1.8829839,-141.9905,25.592413,14,6,350,12,1,-0.4999999999999997,-0.8660254037844388,-2.4492935982947064e-16,1.0,dry_season,684.2218,0.0035602017,65.723946,2024,,807.2332,695.8423,682.6493,246.60527409999997,328.7774890531083,2.0613892,2.4437504,2.6430867,1.8827708041666666,0.4008813669628515,31.420776,32.491455,30.970428,24.786783791666664,4.942772282003792
2024-12-15 15:00:00,1798240.9,-1.2664051,-1.2382423,0.65151256,96695.586,2.389887e-06,30.932251,9.924042,1.7711651,-135.64421,27.261478,15,6,350,12,1,-0.7071067811865471,-0.7071067811865479,-2.4492935982947064e-16,1.0,dry_season,499.51135,0.0023898869,65.15125,2024,,684.2218,513.6164,499.37442,246.1210866,328.09498557622123,1.8829839,2.260539,2.4455354,1.8594055333333335,0.3826926622497719,31.58722,31.999695,30.664978,24.74910733333333,4.884593596876695
2024-12-15 16:00:00,1023320.7,-0.82005596,-1.1073897,0.6574971,96694.695,1.8115708e-06,30.53424,9.64679,1.3779708,-126.52109,27.375582,16,6,350,12,1,-0.8660254037844384,-0.5000000000000004,-2.4492935982947064e-16,1.0,dry_season,284.25574,0.0018115707,65.74971,2024,,499.51135,292.98297,281.6343,245.53337618333333,327.6072637550177,1.7711651,1.6323884,1.85017,1.8390149541666665,0.3733126789889916,30.932251,31.454254,30.14682,24.704630499999997,4.820137213970891
2024-12-15 17:00:00,306065.62,-0.41463345,-1.0739843,0.6189639,96747.12,7.178782e-07,28.01828,11.148895,1.1512442,-111.11009,35.001842,17,6,350,12,1,-0.9659258262890684,-0.2588190451025206,-2.4492935982947064e-16,1.0,dry_season,85.01823,0.0007178782,61.89639,2024,,284.25574,87.31336,80.11631,245.16974160000004,327.5571458327129,1.3779708,1.2657791,1.2872474,1.8284142208333334,0.38292378404064314,30.53424,28.745056,27.794067,24.666296583333335,4.7674954016319955
2024-12-15 18:00:00,10085.494,-0.38626108,-1.1680096,0.6009566,96825.25,4.642948e-07,26.786865,11.514923,1.2302212,-108.29906,38.54587,18,6,350,12,1,-1.0,-1.8369701987210287e-16,-2.4492935982947064e-16,1.0,dry_season,2.801526,0.0004642948,60.09566,2024,,85.01823,2.7493234,2.0677147,245.07411118333334,327.6055672571597,1.1512442,1.2849665,1.2051574,1.8236419333333334,0.39087186409697444,28.01828,26.318268,26.329163,24.636014250000002,4.742705113617448
2024-12-15 19:00:00,0.0,-0.41564718,-1.1919781,0.5881931,96894.26,2.3944477e-07,25.588013,11.450348,1.2623686,-109.22385,41.20245,19,6,350,12,1,-0.9659258262890684,0.2588190451025203,-2.4492935982947064e-16,1.0,dry_season,0.0,0.00023944478,58.819313,2024,,2.801526,0.0,0.0,245.07628629166666,327.6038885801356,1.2302212,1.3459303,1.1835276,1.821360879166667,0.3942968861899538,26.786865,25.599243,25.53772,24.655539125000004,4.750889268018548
2024-12-15 20:00:00,0.0,-0.45424867,-1.1861967,0.58828866,96985.195,7.4113856e-08,24.671143,11.177124,1.2701986,-110.95411,42.736813,20,6,350,12,1,-0.8660254037844386,0.5000000000000001,-2.4492935982947064e-16,1.0,dry_season,0.0,7.411386e-05,58.828865,2024,,0.0,0.0,0.0,245.07628629166666,327.6038885801356,1.2623686,1.3932006,1.1477413,1.8178791416666664,0.3990182509292069,25.588013,23.909393,24.561584,24.655071208333336,4.750792833236232
2024-12-15 21:00:00,0.0,-0.540419,-1.1449789,0.5825533,97024.82,5.6782618e-08,24.009094,10.963593,1.2661079,-115.26685,43.84197,21,6,350,12,1,-0.7071067811865477,0.7071067811865474,-2.4492935982947064e-16,1.0,dry_season,0.0,5.6782617e-05,58.255333,2024,,0.0,0.0,0.0,245.07628629166666,327.6038885801356,1.2701986,1.4658582,1.140562,1.8127540583333335,0.40544820618581956,24.671143,22.822876,23.398865,24.68681079166667,4.748138276822694
2024-12-15 22:00:00,0.0,-0.5201614,-1.3325218,0.5738438,97030.83,7.228952e-08,22.397827,10.471893,1.4304483,-111.323616,46.77369,22,6,350,12,1,-0.5000000000000004,0.8660254037844384,-2.4492935982947064e-16,1.0,dry_season,0.0,7.228952e-05,57.384377,2024,,0.0,0.0,0.0,245.07628629166666,327.6038885801356,1.2661079,1.7541167,1.5593973,1.8044311291666666,0.41482067786169935,24.009094,21.115295,21.693695,24.736236541666667,4.734045106560659
2024-12-15 23:00:00,0.0,-0.64786124,-1.265133,0.59116083,97016.76,3.8265554e-07,22.133423,10.414856,1.4213676,-117.1165,47.352615,23,6,350,12,1,-0.2588190451025215,0.965925826289068,-2.4492935982947064e-16,1.0,dry_season,0.0,0.00038265553,59.116085,2024,,0.0,0.0,0.0,245.07628629166666,327.6038885801356,1.4304483,1.7520782,1.5251883,1.7909449458333333,0.4217313715029894,22.397827,20.809845,21.475342,24.789675375,4.698499367996543
2024-12-16 00:00:00,0.0,-0.7439416,-1.2695999,0.6020696,96985.266,2.9075437e-07,21.644989,10.455811,1.4715071,-120.36882,48.920326,0,0,351,12,0,0.0,1.0,-2.4492935982947064e-16,1.0,dry_season,0.0,0.00029075437,60.206963,2024,,0.0,0.0,0.0,245.07628629166666,327.6038885801356,1.4213676,1.7521586,1.5018765,1.7771653374999998,0.4284064897920657,22.133423,20.569641,21.081482,24.844824458333335,4.657342253423138
2024-12-16 01:00:00,0.0,-0.84187645,-1.2386748,0.6129117,96933.836,8.547038e-07,21.019897,10.277985,1.4976885,-124.20234,50.232826,1,0,351,12,0,0.2588190451025207,0.9659258262890684,-2.4492935982947064e-16,1.0,dry_season,0.0,0.0008547038,61.29117,2024,,0.0,0.0,0.0,245.07628629166666,327.6038885801356,1.4715071,1.7723093,1.5030288,1.765471525,0.4329252624836028,21.644989,20.30133,20.612915,24.889630625,4.619442931986594
2024-12-16 02:00:00,0.0,-0.90482897,-1.2348539,0.600622,96897.59,7.2175493e-07,19.83316,9.953461,1.5308754,-126.23178,52.892624,2,0,351,12,0,0.4999999999999999,0.8660254037844387,-2.4492935982947064e-16,1.0,dry_season,0.0,0.0007217549,60.0622,2024,,0.0,0.0,0.0,245.07628629166666,327.6038885801356,1.4976885,1.7777995,1.4897388,1.7540289916666667,0.4363523278405319,21.019897,19.63855,19.480438,24.919570916666668,4.590650425833775
2024-12-16 03:00:00,0.0,-0.9350156,-1.2261522,0.6037057,96894.336,7.840106e-07,19.159271,9.965424,1.5419804,-127.32773,55.201252,3,0,351,12,0,0.7071067811865476,0.7071067811865476,-2.4492935982947064e-16,1.0,dry_season,0.0,0.00078401057,60.37057,2024,,0.0,0.0,0.0,245.07628629166666,327.6038885801356,1.5308754,1.78147,1.4660159,1.7437404875,0.4386723621906449,19.83316,19.094757,18.428436,24.927679666666663,4.581078554833896
2024-12-16 04:00:00,0.0,-0.929459,-1.2063459,0.6053377,96920.97,7.3475337e-07,19.11554,9.603241,1.5228803,-127.61334,54.02368,4,0,351,12,0,0.8660254037844386,0.5000000000000001,-2.4492935982947064e-16,1.0,dry_season,0.0,0.0007347534,60.533768,2024,,0.0,0.0,0.0,245.07628629166666,327.6038885801356,1.5419804,1.7803323,1.4455503,1.7337617541666666,0.4404969014838548,19.159271,18.82547,18.680817,24.930367750000002,4.5775246537422225
2024-12-16 05:00:00,0.0,-0.9285394,-1.229562,0.59915495,96965.41,1.0045278e-06,19.365814,9.630188,1.5407817,-127.05933,53.28384,5,0,351,12,0,0.9659258262890684,0.2588190451025207,-2.4492935982947064e-16,1.0,dry_season,0.0,0.0010045278,59.915497,2024,,0.0,0.0,1.7004091e-05,245.07628629166666,327.6038885801356,1.5228803,1.7777646,1.4247683,1.7230345875,0.44244397367977906,19.11554,18.712646,18.626617,24.942453999999998,4.561058107333584
2024-12-16 06:00:00,47137.637,-0.9544689,-1.2876465,0.5981249,97024.39,1.7103198e-06,19.75299,9.846558,1.602824,-126.54772,52.777058,6,0,351,12,0,1.0,6.123233995736766e-17,-2.4492935982947064e-16,1.0,dry_season,13.093788,0.0017103198,59.812492,2024,,0.0,14.177815,16.509766,245.07628629166666,327.6038885801356,1.5407817,1.8184736,1.466413,1.7131603,0.4438117555261837,19.365814,19.07898,18.92984,24.969669333333332,4.524068023807116
2024-12-16 07:00:00,487537.66,-1.097064,-1.4346981,0.56766057,97101.77,2.546096e-06,20.990875,10.0199585,1.8060753,-127.403885,49.46167,7,0,351,12,0,0.9659258262890684,-0.2588190451025206,-2.4492935982947064e-16,1.0,dry_season,135.42712,0.002546096,56.766056,2024,,13.093788,144.57607,154.86208,245.03111850000002,327.63718044313333,1.602824,1.9567231,1.6607785,1.7041749000000002,0.44376989826393964,19.75299,21.11795,20.638062,24.997753083333336,4.487858004851999
2024-12-16 08:00:00,1230658.9,-1.3141215,-1.486023,0.53973013,97174.16,3.1061688e-06,23.535797,9.745026,1.9837286,-131.487,41.584927,8,0,351,12,0,0.8660254037844387,-0.4999999999999998,-2.4492935982947064e-16,1.0,dry_season,341.8497,0.003106169,53.973015,2024,,135.42712,360.60944,370.8123,244.64991225000003,327.76443942469433,1.8060753,2.2061522,1.8299557,1.6978979083333332,0.4410997670413773,20.990875,24.142029,24.525116,24.992458291666665,4.492706771138757
2024-12-16 09:00:00,1959988.2,-1.6070958,-1.4923587,0.5289733,97198.72,3.3506305e-06,25.592072,9.597778,2.1931465,-137.12003,36.405804,9,0,351,12,0,0.7071067811865476,-0.7071067811865475,-2.4492935982947064e-16,1.0,dry_season,544.44116,0.0033506306,52.897327,2024,,341.8497,568.67175,578.41565,243.86825641666667,327.4981354931508,1.9837286,2.4988122,2.149047,1.6886302583333332,0.43220378236859347,23.535797,25.77594,26.26709,24.967198624999998,4.499395340744957
2024-12-16 10:00:00,2534209.8,-1.6892005,-1.6363541,0.53762263,97175.805,3.4302175e-06,28.910889,9.359802,2.351819,-135.91042,29.48634,10,0,351,12,0,0.4999999999999999,-0.8660254037844387,-2.4492935982947064e-16,1.0,dry_season,703.94714,0.0034302175,53.762264,2024,,544.44116,735.8786,738.8943,242.8586485,326.4890942191779,2.1931465,2.6484346,2.323181,1.6758941875,0.41128913969169395,25.592072,29.484314,29.985779,24.959537458333333,4.498114771396409
2024-12-16 11:00:00,2865584.0,-1.6485205,-1.506656,0.52427524,97094.984,3.101608e-06,29.90207,9.405029,2.2333007,-137.57442,27.9302,11,0,351,12,0,0.258819045102521,-0.9659258262890682,-2.4492935982947064e-16,1.0,dry_season,795.99554,0.003101608,52.427525,2024,,703.94714,835.7318,831.6345,241.52817100000001,324.4513361474543,2.351819,2.4969766,2.4371266,1.663535204166667,0.38436989820169337,28.910889,30.463654,30.682434,24.935644749999998,4.474496401105274
2024-12-16 12:00:00,2944247.8,-1.4861939,-1.3651183,0.54938996,96981.18,2.8304653e-06,30.459808,9.456787,2.017999,-137.43149,27.143856,12,0,351,12,0,1.2246467991473532e-16,-1.0,-2.4492935982947064e-16,1.0,dry_season,817.8466,0.0028304653,54.938995,2024,,795.99554,859.14355,852.1109,239.8724935,321.37406887074417,2.2333007,2.2590961,2.3880384,1.6525487083333334,0.36266743147306496,29.90207,30.991394,31.439972,24.912245416666664,4.445706613787665
2024-12-16 13:00:00,2773482.0,-1.3215314,-1.2812623,0.53339773,96883.76,3.5148212e-06,30.980316,9.467072,1.8406733,-135.88638,26.365583,13,0,351,12,0,-0.2588190451025208,-0.9659258262890684,-2.4492935982947064e-16,1.0,dry_season,770.4117,0.0035148212,53.339775,2024,,817.8466,807.2332,789.9686,238.15178724999998,318.00711543339963,2.017999,2.0613892,2.3188078,1.6425029958333333,0.34818588861908567,30.459808,31.420776,31.91037,24.890096,4.415322611695703
2024-12-16 14:00:00,2347232.2,-1.1853433,-1.2788099,0.52824765,96824.18,5.464358e-06,31.147064,9.309814,1.7436724,-132.82777,25.840988,14,0,351,12,0,-0.4999999999999997,-0.8660254037844388,-2.4492935982947064e-16,1.0,dry_season,652.009,0.005464358,52.824764,2024,,770.4117,684.2218,665.3822,236.61755808333336,315.2188027861232,1.8406733,1.8829839,2.1591885,1.6333064999999998,0.3394461284227377,30.980316,31.58722,32.326874,24.871743499999997,4.387827091471263
2024-12-16 15:00:00,1713739.4,-1.066707,-1.2296001,0.5430284,96775.07,3.0518947e-06,30.997253,9.253632,1.6278145,-130.9424,25.964466,15,0,351,12,0,-0.7071067811865471,-0.7071067811865479,-2.4492935982947064e-16,1.0,dry_season,476.03873,0.0030518947,54.30284,2024,,652.009,499.51135,487.10715,235.27535808333334,313.2927378183667,1.7436724,1.7711651,1.9384688,1.6275018541666666,0.3361662165358926,31.147064,30.932251,31.8042,24.853403666666665,4.359365539272478
2024-12-16 16:00:00,984311.5,-0.77482843,-1.039738,0.55732,96784.234,6.316781e-07,30.487122,8.691956,1.2966937,-126.69403,25.738808,16,0,351,12,0,-0.8660254037844384,-0.5000000000000004,-2.4492935982947064e-16,1.0,dry_season,273.41986,0.0006316781,55.732,2024,,476.03873,284.25574,276.0447,234.29733225000004,312.4675423218771,1.6278145,1.3779708,1.3389847,1.6215289124999999,0.33477327973691595,30.997253,30.53424,30.96347,24.856112083333333,4.363324846605656
2024-12-16 17:00:00,308116.44,-0.47484177,-0.8973322,0.5807712,96829.16,5.5642403e-08,27.85431,10.413452,1.015224,-117.88647,33.650818,17,0,351,12,0,-0.9659258262890684,-0.2588190451025206,-2.4492935982947064e-16,1.0,dry_season,85.5879,5.5642402e-05,58.07712,2024,,273.41986,85.01823,79.60855,233.84583725000002,312.40003844252516,1.2966937,1.1512442,1.11433,1.6181423666666666,0.33774215373917527,30.487122,28.01828,28.42508,24.85414883333333,4.360668721305203
2024-12-16 18:00:00,10693.05,-0.48223355,-0.9379897,0.58353823,96899.24,5.1765678e-08,25.649841,11.372437,1.0546914,-117.20833,40.84015,18,0,351,12,0,-1.0,-1.8369701987210287e-16,-2.4492935982947064e-16,1.0,dry_season,2.9702916,5.1765677e-05,58.353825,2024,,85.5879,2.801526,2.1594687,233.8695735,312.3882602447134,1.015224,1.2302212,1.1432102,1.6124748583333333,0.3469337926247576,27.85431,26.786865,27.02295,24.84731675,4.355621304254292
2024-12-16 19:00:00,0.0,-0.49127182,-0.9457741,0.5842715,96972.836,1.0991655e-07,24.657623,10.985657,1.0657563,-117.44912,42.231182,19,0,351,12,0,-0.9659258262890684,0.2588190451025203,-2.4492935982947064e-16,1.0,dry_season,0.0,0.000109916546,58.42715,2024,,2.9702916,0.0,0.0,233.8766054,312.3828345789452,1.0546914,1.2623686,1.1448967,1.6051611166666664,0.35704530501494974,25.649841,25.588013,26.313385,24.79994075,4.339762465291076
2024-12-16 20:00:00,0.0,-0.5365049,-0.95475876,0.6148842,97036.11,2.5996862e-08,23.657104,11.027435,1.095172,-119.33282,44.97129,20,0,351,12,0,-0.8660254037844386,0.5000000000000001,-2.4492935982947064e-16,1.0,dry_season,0.0,2.5996862e-05,61.48842,2024,,0.0,0.0,0.0,233.8766054,312.3828345789452,1.0657563,1.2701986,1.1593279,1.5969689375,0.36735903594834124,24.657623,24.671143,24.958618,24.7611745,4.3365710187129265
2024-12-16 21:00:00,0.0,-0.5514512,-0.96072656,0.6273012,97061.64,3.192597e-08,22.846588,10.895905,1.1077427,-119.85556,46.81923,21,0,351,12,0,-0.7071067811865477,0.7071067811865474,-2.4492935982947064e-16,1.0,dry_season,0.0,3.192597e-05,62.73012,2024,,0.0,0.0,0.0,233.8766054,312.3828345789452,1.095172,1.2661079,1.1669041,1.5896761625,0.37576912969548015,23.657104,24.009094,24.395813,24.718922875,4.342422334467318
2024-12-16 22:00:00,0.0,-0.45162413,-1.0586672,0.62284476,97020.14,5.974717e-08,21.542603,10.117828,1.1509737,-113.10294,48.128937,22,0,351,12,0,-0.5000000000000004,0.8660254037844384,-2.4492935982947064e-16,1.0,dry_season,0.0,5.9747174e-05,62.284477,2024,,0.0,0.0,0.0,233.8766054,312.3828345789452,1.1077427,1.4304483,1.2463406,1.5830776125000001,0.383018591569866,22.846588,22.397827,22.617615,24.670485125,4.357143068210239
2024-12-16 23:00:00,0.0,-0.53983915,-1.0233333,0.6278967,97013.91,1.0489961e-07,21.27008,10.392517,1.1569949,-117.81299,49.84645,23,0,351,12,0,-0.2588190451025215,0.965925826289068,-2.4492935982947064e-16,1.0,dry_season,0.0,0.00010489961,62.789673,2024,,0.0,0.0,0.0,233.8766054,312.3828345789452,1.1509737,1.4213676,1.2628362,1.5714328375,0.3920036723184309,21.542603,22.133423,22.252686,24.634850791666665,4.3799751725784475
2024-12-17 00:00:00,0.0,-0.57474506,-1.0750427,0.6273765,96962.81,2.1800876e-07,20.711304,10.351257,1.219036,-118.13008,51.447445,0,1,352,12,0,0.0,1.0,-2.4492935982947064e-16,1.0,dry_season,0.0,0.00021800876,62.737648,2024,,0.0,0.0,0.0,233.8766054,312.3828345789452,1.1569949,1.4715071,1.2788421,1.5604173083333333,0.40003615287174,21.27008,21.644989,21.973206,24.598878166666665,4.404887021967401
2024-12-17 01:00:00,0.0,-0.6434593,-1.074965,0.62378514,96918.35,6.024886e-07,20.619263,10.241577,1.2528327,-120.90415,51.36255,1,1,352,12,0,0.2588190451025207,0.9659258262890684,-2.4492935982947064e-16,1.0,dry_season,0.0,0.00060248864,62.378513,2024,,0.0,0.0,0.0,233.8766054,312.3828345789452,1.219036,1.4976885,1.2985352,1.5498976791666665,0.40575455812424854,20.711304,21.019897,21.639984,24.559974625,4.436122134369105
2024-12-17 02:00:00,0.0,-0.67857915,-1.1085204,0.60667694,96885.695,1.0022474e-06,19.753906,9.727509,1.2997258,-121.472824,52.354366,2,1,352,12,0,0.4999999999999999,0.8660254037844387,-2.4492935982947064e-16,1.0,dry_season,0.0,0.0010022473,60.667694,2024,,0.0,0.0,0.0,233.8766054,312.3828345789452,1.2528327,1.5308754,1.3143706,1.5396953541666667,0.4101786046874121,20.619263,19.83316,20.647156,24.543281541666662,4.4507522632234755
2024-12-17 03:00:00,0.0,-0.72877854,-1.130682,0.5981094,96887.29,1.518992e-06,18.92096,9.000824,1.3451989,-122.80371,52.510498,3,1,352,12,0,0.7071067811865476,0.7071067811865476,-2.4492935982947064e-16,1.0,dry_season,0.0,0.001518992,59.810944,2024,,0.0,0.0,0.0,233.8766054,312.3828345789452,1.2997258,1.5419804,1.3242537,1.5300641208333337,0.41309808066340287,19.753906,19.159271,19.732544,24.53997929166667,4.454426780683729
2024-12-17 04:00:00,0.0,-0.7909714,-1.1393423,0.5709656,96898.03,1.8722301e-06,19.02356,8.950684,1.3869884,-124.76974,51.9988,4,1,352,12,0,0.8660254037844386,0.5000000000000001,-2.4492935982947064e-16,1.0,dry_season,0.0,0.0018722301,57.096558,2024,,0.0,0.0,0.0,233.8766054,312.3828345789452,1.3451989,1.5228803,1.3227003,1.5218648916666668,0.41480064636911484,18.92096,19.11554,19.705688,24.530049666666667,4.467190063525069
2024-12-17 05:00:00,0.0,-0.8259842,-1.1607417,0.56235945,96948.28,2.1586516e-06,19.35025,9.194183,1.4246302,-125.43567,51.79398,5,1,352,12,0,0.9659258262890684,0.2588190451025207,-2.4492935982947064e-16,1.0,dry_season,0.0,0.0021586516,56.235947,2024,,0.0,0.0,0.0,233.8766054,312.3828345789452,1.3869884,1.5407817,1.3292475,1.5162027291666667,0.41571266457261175,19.02356,19.365814,19.848938,24.52621716666667,4.472074042075096
2024-12-17 06:00:00,40385.38,-0.87819517,-1.1979971,0.5492071,97004.164,2.4690175e-06,19.822083,9.352386,1.4854035,-126.24338,50.835567,6,1,352,12,0,1.0,6.123233995736766e-17,-2.4492935982947064e-16,1.0,dry_season,11.218161,0.0024690176,54.920708,2024,,0.0,13.093788,16.376972,233.8766054,312.3828345789452,1.4246302,1.602824,1.3641932,1.5113630833333334,0.4160900152583592,19.35025,19.75299,19.948547,24.52556866666667,4.472855952948695
2024-12-17 07:00:00,455044.88,-1.0697858,-1.2891674,0.52319384,97076.76,3.8427465e-06,21.04181,9.649872,1.6752297,-129.6868,48.098675,7,1,352,12,0,0.9659258262890684,-0.2588190451025206,-2.4492935982947064e-16,1.0,dry_season,126.40135,0.0038427466,52.31938,2024,,11.218161,135.42712,156.6116,233.798454275,312.4407002262815,1.4854035,1.8060753,1.577413,1.5064705624999999,0.4156579403053279,19.822083,20.990875,22.49762,24.528447541666665,4.4696717125872665
2024-12-17 08:00:00,1188209.0,-1.2276435,-1.319826,0.50025886,97148.81,3.66875e-06,23.735931,9.46344,1.8025119,-132.9276,40.316406,8,1,352,12,0,0.8660254037844387,-0.4999999999999998,-2.4492935982947064e-16,1.0,dry_season,330.05804,0.00366875,50.025887,2024,,126.40135,341.8497,375.87875,233.42238052500002,312.5696597752175,1.6752297,1.9837286,1.6999015,1.5010186625,0.4124027330605999,21.04181,23.535797,25.928284,24.530569833333335,4.467930723166966
2024-12-17 09:00:00,1926579.6,-1.5003012,-1.3598489,0.5004574,97157.664,3.0208807e-06,25.33548,8.7221985,2.0248687,-137.81134,34.84728,9,1,352,12,0,0.7071067811865476,-0.7071067811865475,-2.4492935982947064e-16,1.0,dry_season,535.161,0.0030208807,50.045742,2024,,330.05804,544.44116,585.8481,232.93106135833332,312.4010378595018,1.8025119,2.1931465,2.0714128,1.4934679666666666,0.40476881774017687,23.735931,25.592072,28.078766,24.53890875,4.466179783595814
2024-12-17 10:00:00,2526308.5,-1.7527683,-1.425992,0.5212762,97146.27,2.6106322e-06,28.762299,8.085632,2.2595685,-140.86938,27.285868,10,1,352,12,0,0.4999999999999999,-0.8660254037844387,-2.4492935982947064e-16,1.0,dry_season,701.7524,0.0026106322,52.127617,2024,,535.161,703.94714,748.12054,232.54438802500002,312.00419453327055,2.0248687,2.351819,2.4530723,1.4864563916666667,0.3934201261791116,25.33548,28.910889,31.706665,24.528217416666667,4.4638555784490785
2024-12-17 11:00:00,2883351.5,-1.6841129,-1.3182486,0.50474083,97073.26,1.8254814e-06,30.098267,8.192261,2.1386948,-141.94772,25.443176,11,1,352,12,0,0.258819045102521,-0.9659258262890682,-2.4492935982947064e-16,1.0,dry_season,800.93097,0.0018254814,50.474083,2024,,701.7524,795.99554,841.72424,232.452940525,311.8603089996075,2.2595685,2.2333007,2.6224802,1.4826126208333334,0.38495744536546433,28.762299,29.90207,32.591583,24.522026166666667,4.457611317198149
2024-12-17 12:00:00,2985466.2,-1.5024984,-1.2541825,0.52012014,96977.69,1.4660861e-06,30.971985,8.529236,1.9571599,-140.14719,24.760345,12,1,352,12,0,1.2246467991473532e-16,-1.0,-2.4492935982947064e-16,1.0,dry_season,829.2962,0.0014660861,52.012016,2024,,800.93097,817.8466,855.5516,232.65858344166668,312.24945415144435,2.1386948,2.017999,2.6447601,1.4786707083333333,0.377345401946301,30.098267,30.459808,33.314087,24.53020104166667,4.468074458172039
2024-12-17 13:00:00,2827834.0,-1.2961144,-1.2816,0.51956093,96884.33,1.1210576e-06,31.31546,8.565552,1.8227483,-135.32262,24.339739,13,1,352,12,0,-0.2588190451025208,-0.9659258262890684,-2.4492935982947064e-16,1.0,dry_season,785.50946,0.0011210577,51.956093,2024,,829.2962,770.4117,794.65533,233.13565010833335,313.1897303661951,1.9571599,1.8406733,2.6710494,1.4761357458333333,0.3737519742581595,30.971985,30.980316,33.565918,24.55154175,4.498745076382047
2024-12-17 14:00:00,2391207.8,-1.1484354,-1.30495,0.5144894,96840.914,1.0973412e-06,31.296295,8.779205,1.738332,-131.34975,24.721132,14,1,352,12,0,-0.4999999999999997,-0.8660254037844388,-2.4492935982947064e-16,1.0,dry_season,664.22437,0.0010973412,51.44894,2024,,785.50946,652.009,668.3134,233.76472344166666,314.3289152565581,1.8227483,1.7436724,2.6144097,1.4753888708333334,0.373009011815416,31.31546,31.147064,34.02234,24.565506083333336,4.520037700424436
2024-12-17 15:00:00,1754535.4,-1.0188824,-1.3472724,0.5146707,96785.7,7.2745604e-07,31.055054,9.020203,1.6891608,-127.0986,25.474886,15,1,352,12,0,-0.7071067811865471,-0.7071067811865479,-2.4492935982947064e-16,1.0,dry_season,487.37094,0.00072745606,51.46707,2024,,664.22437,476.03873,487.43857,234.27369719166666,315.04467284091,1.738332,1.6278145,2.408338,1.4751663541666666,0.3728435664167685,31.296295,30.997253,33.76172,24.57172404166667,4.529577797884769
2024-12-17 16:00:00,1003188.6,-0.7423848,-1.1176898,0.5457992,96822.83,3.8174338e-07,29.99472,8.694763,1.3417771,-123.59265,26.48195,16,1,352,12,0,-0.8660254037844384,-0.5000000000000004,-2.4492935982947064e-16,1.0,dry_season,278.6635,0.0003817434,54.579918,2024,,487.37094,273.41986,276.17233,234.74587260833334,315.43102931113,1.6891608,1.2966937,1.6837084,1.47772245,0.37414359222223154,31.055054,30.487122,33.07718,24.574132416666668,4.533156743330401
2024-12-17 17:00:00,310549.44,-0.38984743,-0.97690266,0.5551719,96862.33,3.4890522e-08,27.655823,9.982361,1.0518174,-111.7552,33.07658,17,1,352,12,0,-0.9659258262890684,-0.2588190451025206,-2.4492935982947064e-16,1.0,dry_season,86.26373,3.4890523e-05,55.51719,2024,,278.6635,85.5879,80.73449,234.96435760833333,315.460796354398,1.3417771,1.015224,1.1552984,1.479600925,0.37330741945376217,29.99472,27.85431,30.420868,24.55361566666667,4.506265941022703
2024-12-17 18:00:00,11056.727,-0.38918668,-1.0399183,0.5604746,96955.45,2.6909031e-08,26.14566,10.560059,1.1103586,-110.518234,37.57318,18,1,352,12,0,-1.0,-1.8369701987210287e-16,-2.4492935982947064e-16,1.0,dry_season,3.071313,2.690903e-05,56.04746,2024,,86.26373,2.9702916,2.278004,234.99251719166668,315.44691239249744,1.0518174,1.0546914,1.127368,1.48112565,0.3713981162626587,27.655823,25.649841,28.573822,24.545345375,4.500122793153607
2024-12-17 19:00:00,0.0,-0.4326363,-1.1133078,0.5709449,97037.21,1.8380237e-07,25.306976,10.577423,1.1944156,-111.23634,39.53685,19,1,352,12,0,-0.9659258262890684,0.2588190451025203,-2.4492935982947064e-16,1.0,dry_season,0.0,0.00018380237,57.09449,2024,,3.071313,0.0,0.0,234.9967264166667,315.44368240781523,1.1103586,1.0657563,1.1035595,1.483445116666667,0.36878377163773957,26.14566,24.657623,26.902863,24.566004499999995,4.506547274009233
2024-12-17 20:00:00,0.0,-0.46973214,-1.171371,0.5845086,97104.21,5.7466746e-08,23.873108,10.480194,1.2620453,-111.8513,42.8022,20,1,352,12,0,-0.8660254037844386,0.5000000000000001,-2.4492935982947064e-16,1.0,dry_season,0.0,5.7466747e-05,58.45086,2024,,0.0,0.0,0.0,234.9967264166667,315.44368240781523,1.1944156,1.095172,1.058389,1.4888059208333333,0.3633430653254311,25.306976,23.657104,25.52826,24.593060875000003,4.509069832412834
2024-12-17 21:00:00,0.0,-0.4912834,-1.2183151,0.6032324,97141.61,3.1925969e-09,23.248169,10.094269,1.3136405,-111.96166,43.315475,21,1,352,12,0,-0.7071067811865477,0.7071067811865474,-2.4492935982947064e-16,1.0,dry_season,0.0,3.1925968e-06,60.32324,2024,,0.0,0.0,0.0,234.9967264166667,315.44368240781523,1.2620453,1.1077427,1.0420887,1.495758975,0.3570245788760991,23.873108,22.846588,24.941895,24.60206104166667,4.507335664035555
2024-12-17 22:00:00,0.0,-0.537267,-1.4267834,0.59306234,97128.445,4.5608526e-09,21.097626,9.241272,1.5245874,-110.63428,46.634743,22,1,352,12,0,-0.5000000000000004,0.8660254037844384,-2.4492935982947064e-16,1.0,dry_season,0.0,4.5608526e-06,59.306232,2024,,0.0,0.0,0.0,234.9967264166667,315.44368240781523,1.3136405,1.1509737,0.8939183,1.50433805,0.3496939497183348,23.248169,21.542603,23.373505,24.618793583333332,4.501276817508235
2024-12-17 23:00:00,0.0,-0.5652203,-1.4139113,0.5633499,97113.46,1.0946047e-08,20.882874,8.92511,1.5227013,-111.78938,46.25788,23,1,352,12,0,-0.2588190451025215,0.965925826289068,-2.4492935982947064e-16,1.0,dry_season,0.0,1.0946047e-05,56.33499,2024,,0.0,0.0,0.0,234.9967264166667,315.44368240781523,1.5245874,1.1569949,0.9195408,1.5199052874999996,0.34149939741014884,21.097626,21.27008,22.866333,24.600252875,4.51539280960818
2024-12-18 00:00:00,0.0,-0.610163,-1.4848804,0.5579384,97073.12,1.5324466e-07,20.662903,8.904449,1.6053563,-112.33861,46.823658,0,2,353,12,0,0.0,1.0,-2.4492935982947064e-16,1.0,dry_season,0.0,0.00015324466,55.79384,2024,,0.0,0.0,0.0,234.9967264166667,315.44368240781523,1.5227013,1.219036,0.8901621,1.5351430541666666,0.3326464112735659,20.882874,20.711304,22.485596,24.584119291666667,4.528481694300077
2024-12-18 01:00:00,0.0,-0.6272206,-1.5760975,0.5512894,97038.586,3.908651e-07,20.167938,8.797699,1.6963162,-111.70047,47.93048,1,2,353,12,0,0.2588190451025207,0.9659258262890684,-2.4492935982947064e-16,1.0,dry_season,0.0,0.00039086508,55.128937,2024,,0.0,0.0,0.0,234.9967264166667,315.44368240781523,1.6053563,1.2528327,0.88836026,1.5512397333333334,0.32596487939220836,20.662903,20.619263,21.954376,24.582102583333334,4.530291812229891
2024-12-18 02:00:00,0.0,-0.6760986,-1.5905375,0.49067414,97018.38,6.371511e-07,19.280975,8.651642,1.7282705,-113.02916,50.14671,2,2,353,12,0,0.4999999999999999,0.8660254037844387,-2.4492935982947064e-16,1.0,dry_season,0.0,0.0006371511,49.067413,2024,,0.0,0.0,0.0,234.9967264166667,315.44368240781523,1.6963162,1.2997258,0.87376815,1.5697182125,0.3208431069079029,20.167938,19.753906,21.51184,24.563297375,4.548357438517418
2024-12-18 03:00:00,0.0,-0.7587725,-1.6142217,0.44787714,97010.7,7.9358836e-07,18.608734,8.5329895,1.7836612,-115.17608,51.87896,3,2,353,12,0,0.7071067811865476,0.7071067811865476,-2.4492935982947064e-16,1.0,dry_season,0.0,0.00079358835,44.787712,2024,,0.0,0.0,0.0,234.9967264166667,315.44368240781523,1.7282705,1.3451989,0.9077231,1.5875742416666665,0.3170665614633748,19.280975,18.92096,20.966125,24.543591916666667,4.571067513456455
2024-12-18 04:00:00,0.0,-0.81032443,-1.6330377,0.39390975,97044.09,1.1110237e-06,18.38739,8.525787,1.8230299,-116.390915,52.578102,4,2,353,12,0,0.8660254037844386,0.5000000000000001,-2.4492935982947064e-16,1.0,dry_season,0.0,0.0011110237,39.390976,2024,,0.0,0.0,0.0,234.9967264166667,315.44368240781523,1.7836612,1.3869884,0.93729055,1.6058435041666665,0.31511982588299303,18.608734,19.02356,20.917908,24.530582499999998,4.588177746793072
2024-12-18 05:00:00,0.0,-0.8612081,-1.6521094,0.356685,97082.11,1.3899199e-06,18.492096,8.498383,1.8631009,-117.532036,52.13712,5,2,353,12,0,0.9659258262890684,0.2588190451025207,-2.4492935982947064e-16,1.0,dry_season,0.0,0.0013899199,35.668503,2024,,0.0,0.0,0.0,234.9967264166667,315.44368240781523,1.8230299,1.4246302,0.982306,1.6240119,0.3145225371497507,18.38739,19.35025,21.574799,24.504075416666666,4.623081412148835
2024-12-18 06:00:00,45251.305,-0.9521135,-1.7323571,0.33464938,97128.41,1.9536412e-06,18.580017,8.14975,1.9767603,-118.79344,50.63856,6,2,353,12,0,1.0,6.123233995736766e-17,-2.4492935982947064e-16,1.0,dry_season,12.569807,0.0019536412,33.46494,2024,,0.0,11.218161,15.265118,234.9967264166667,315.44368240781523,1.8631009,1.4854035,1.051478,1.6422815125,0.31517156159450993,18.492096,19.822083,21.838531,24.468319000000005,4.667778429161502
2024-12-18 07:00:00,507677.0,-1.1052423,-1.8661342,0.3009802,97190.15,1.6268561e-06,21.15451,8.449127,2.1688747,-120.63669,44.05005,7,2,353,12,0,0.9659258262890684,-0.2588190451025206,-2.4492935982947064e-16,1.0,dry_season,141.0214,0.0016268562,30.09802,2024,,12.569807,126.40135,143.27776,235.053045,315.40211033946457,1.9767603,1.6752297,1.2486557,1.6627547125,0.3204526219418262,18.580017,21.04181,24.348663,24.416566250000002,4.728028759248541
2024-12-18 08:00:00,1288187.8,-1.3867816,-2.1015313,0.28806326,97242.17,1.8838603e-06,23.39148,7.6917114,2.5178556,-123.420456,36.509365,8,2,353,12,0,0.8660254037844387,-0.4999999999999998,-2.4492935982947064e-16,1.0,dry_season,357.82993,0.0018838602,28.806326,2024,,141.0214,330.05804,346.45624,235.66221374999998,315.19718818466697,2.1688747,1.8025119,1.4028233,1.6833232541666667,0.3367178902801762,21.15451,23.735931,26.48346,24.421262083333332,4.724585966775075
2024-12-18 09:00:00,2057703.5,-1.7116957,-2.2234945,0.25423515,97240.336,1.3160341e-06,25.331268,7.7709656,2.8060346,-127.589874,32.67616,9,2,353,12,0,0.7071067811865476,-0.7071067811865475,-2.4492935982947064e-16,1.0,dry_season,571.5843,0.001316034,25.423515,2024,,357.82993,535.161,549.06024,236.8193758333333,315.60951337201743,2.5178556,2.0248687,1.8469706,1.7131292416666668,0.37698070202972694,23.39148,25.33548,28.606812,24.406909958333333,4.727280759236366
2024-12-18 10:00:00,2672664.0,-1.7797859,-2.3022733,0.22322859,97198.9,1.1673503e-06,29.293488,6.9450073,2.9099998,-127.706024,24.476334,10,2,353,12,0,0.4999999999999999,-0.8660254037844387,-2.4492935982947064e-16,1.0,dry_season,742.4067,0.0011673503,22.322859,2024,,571.5843,701.7524,708.6975,238.33701333333332,317.19010523708187,2.8060346,2.2595685,2.3312237,1.7456778208333332,0.43441450529361114,25.331268,28.762299,31.984222,24.406734458333332,4.72724486535037
2024-12-18 11:00:00,3046357.5,-1.7459294,-2.2314458,0.20040274,97123.805,6.1092624e-07,29.790588,6.9969482,2.8333054,-128.04036,23.868973,11,2,353,12,0,0.258819045102521,-0.9659258262890682,-2.4492935982947064e-16,1.0,dry_season,846.2104,0.00061092625,20.040274,2024,,742.4067,800.93097,808.89685,240.0309425,319.86977708323803,2.9099998,2.1386948,2.5522747,1.7727791249999998,0.485189413481489,29.293488,30.098267,32.93518,24.428867333333333,4.749714285920616
2024-12-18 12:00:00,3142161.5,-1.6557715,-2.172703,0.18498404,97020.6,7.653111e-07,30.35736,7.3778076,2.731706,-127.31027,23.714153,12,2,353,12,0,1.2246467991473532e-16,-1.0,-2.4492935982947064e-16,1.0,dry_season,872.82263,0.00076531107,18.498404,2024,,846.2104,829.2962,828.799,241.91758541666664,323.4355507623053,2.8333054,1.9571599,2.6809583,1.8017212333333334,0.5268907915668964,29.790588,30.971985,33.636353,24.416047375,4.734136369732733
2024-12-18 13:00:00,2980813.8,-1.5166072,-2.125384,0.18370575,96949.164,6.617797e-07,30.768127,7.4888,2.6110065,-125.51045,23.339,13,2,353,12,0,-0.2588190451025208,-0.9659258262890684,-2.4492935982947064e-16,1.0,dry_season,828.00385,0.0006617797,18.370575,2024,,872.82263,785.50946,774.0055,243.73118666666667,326.97502731740894,2.731706,1.8227483,2.6903284,1.8339939875000002,0.5595352728025333,30.35736,31.31546,33.900208,24.390438,4.698659486210502
2024-12-18 14:00:00,2538598.2,-1.3771391,-2.0799773,0.15527305,96883.22,5.327076e-07,31.079407,7.4623413,2.4945576,-123.50827,22.886198,14,2,353,12,0,-0.4999999999999997,-0.8660254037844388,-2.4492935982947064e-16,1.0,dry_season,705.1662,0.0005327076,15.527305,2024,,828.00385,664.22437,646.79755,245.50178625,330.13613676557196,2.6110065,1.738332,2.598008,1.8668380791666666,0.5815483810764672,30.768127,31.296295,34.078064,24.367632458333333,4.664792866942037
2024-12-18 15:00:00,1879019.4,-1.2710787,-2.0325882,0.14368749,96875.52,7.096687e-07,30.66391,7.743225,2.397302,-122.0198,23.889736,15,2,353,12,0,-0.7071067811865471,-0.7071067811865479,-2.4492935982947064e-16,1.0,dry_season,521.9498,0.00070966873,14.368749,2024,,705.1662,487.37094,467.98886,247.20769583333333,332.4912493409555,2.4945576,1.6891608,2.3754225,1.8983474791666666,0.5946228515616112,31.079407,31.055054,33.47174,24.35859545833333,4.65097614891522
2024-12-18 16:00:00,1096551.2,-1.0615046,-1.7699255,0.13258824,96889.62,1.6943568e-07,29.995392,7.3148193,2.0638382,-120.95303,24.108362,16,2,353,12,0,-0.8660254037844384,-0.5000000000000004,-2.4492935982947064e-16,1.0,dry_season,304.59756,0.00016943568,13.258823,2024,,521.9498,278.6635,261.1122,248.6484816666667,333.65009852504534,2.397302,1.3417771,1.520886,1.9278533625000003,0.6013231039990997,30.66391,29.99472,33.084595,24.342297791666667,4.627114698230991
2024-12-18 17:00:00,338782.75,-0.55869764,-1.3696703,0.123894565,96947.05,4.33281e-08,27.410095,8.510468,1.4792361,-112.19087,30.38895,17,2,353,12,0,-0.9659258262890684,-0.2588190451025206,-2.4492935982947064e-16,1.0,dry_season,94.10632,4.3328102e-05,12.389457,2024,,304.59756,86.26373,75.34772,249.7290675,333.7934992799492,2.0638382,1.0518174,0.9292937,1.9579392416666668,0.5886550839886225,29.995392,27.655823,30.285217,24.342325791666667,4.627150391705919
2024-12-18 18:00:00,11898.98,-0.51513195,-1.4339695,0.12211284,97014.95,2.417252e-08,26.064972,9.371307,1.5236894,-109.76006,34.863926,18,2,353,12,0,-1.0,-1.8369701987210287e-16,-2.4492935982947064e-16,1.0,dry_season,3.3052723,2.417252e-05,12.211284,2024,,94.10632,3.071313,2.185672,250.05584208333335,333.63031245429806,1.4792361,1.1103586,0.8440957,1.9757483541666667,0.566082208656215,27.410095,26.14566,28.42096,24.332087124999997,4.6197656887249146
2024-12-18 19:00:00,0.0,-0.5487413,-1.5142401,0.13257481,97086.52,3.0899778e-07,25.111115,9.443726,1.6106024,-109.91987,37.077286,19,2,353,12,0,-0.9659258262890684,0.2588190451025203,-2.4492935982947064e-16,1.0,dry_season,0.0,0.00030899778,13.257482,2024,,3.3052723,0.0,0.0,250.0655903875,333.6227854102976,1.5236894,1.1944156,0.8496753,1.9929704708333331,0.5444849173532637,26.064972,25.306976,27.345001,24.328725125000002,4.61841765474681
2024-12-18 20:00:00,0.0,-0.6200466,-1.6041495,0.14763393,97167.516,5.3133935e-08,23.685364,9.408356,1.719812,-111.13284,40.28991,20,2,353,12,0,-0.8660254037844386,0.5000000000000001,-2.4492935982947064e-16,1.0,dry_season,0.0,5.3133936e-05,14.763392,2024,,0.0,0.0,0.0,250.0655903875,333.6227854102976,1.6106024,1.2620453,0.84517837,2.0103115875,0.524195710887129,25.111115,23.873108,25.823486,24.32056425,4.616786659286895
2024-12-18 21:00:00,0.0,-0.67700636,-1.6483027,0.11899719,97196.4,7.2973645e-09,22.92926,9.122772,1.7819201,-112.3294,41.37055,21,2,353,12,0,-0.7071067811865477,0.7071067811865474,-2.4492935982947064e-16,1.0,dry_season,0.0,7.2973644e-06,11.899718,2024,,0.0,0.0,0.0,250.0655903875,333.6227854102976,1.719812,1.3136405,0.85622036,2.0293852,0.5037132813185492,23.685364,23.248169,25.068298,24.312741583333334,4.617736749999009
2024-12-18 22:00:00,0.0,-0.7418149,-1.9621089,0.1508795,97185.695,0.0,21.425201,7.8002625,2.097656,-110.71011,41.455498,22,2,353,12,0,-0.5000000000000004,0.8660254037844384,-2.4492935982947064e-16,1.0,dry_season,0.0,0.0,15.08795,2024,,0.0,0.0,0.0,250.0655903875,333.6227854102976,1.7819201,1.5245874,0.7970239,2.0488968499999998,0.48344480361827125,22.92926,21.097626,23.04889,24.299453708333335,4.621390722386175
2024-12-18 23:00:00,0.0,-0.7999469,-1.9686007,0.13493703,97167.0,2.6680988e-08,20.879822,7.820221,2.1249244,-112.11451,42.926235,23,2,353,12,0,-0.2588190451025215,0.965925826289068,-2.4492935982947064e-16,1.0,dry_season,0.0,2.6680988e-05,13.493703,2024,,0.0,0.0,0.0,250.0655903875,333.6227854102976,2.097656,1.5227013,0.8087082,2.0727747083333337,0.4703988872477446,21.425201,20.882874,22.758942,24.313102666666666,4.611997387278173
2024-12-19 00:00:00,0.0,-0.8741,-2.0065033,0.13949716,97147.43,2.5609188e-07,20.539032,7.6000366,2.1886313,-113.53955,43.184258,0,3,354,12,0,0.0,1.0,-2.4492935982947064e-16,1.0,dry_season,0.0,0.00025609188,13.949717,2024,,0.0,0.0,0.0,250.0655903875,333.6227854102976,2.1249244,1.6053563,0.8316462,2.0978673375,0.455610201278685,20.879822,20.662903,22.319519,24.312975500000004,4.61209612228902
2024-12-19 01:00:00,0.0,-0.9157608,-2.0717604,0.13833076,97107.13,4.6338263e-07,20.178345,7.4895325,2.2651289,-113.84642,43.825787,1,3,354,12,0,0.2588190451025207,0.9659258262890684,-2.4492935982947064e-16,1.0,dry_season,0.0,0.00046338263,13.833076,2024,,0.0,0.0,0.0,250.0655903875,333.6227854102976,2.1886313,1.6963162,0.843469,2.1221704625,0.44359453902952195,20.539032,20.167938,21.788269,24.30781420833333,4.616425709873408
2024-12-19 02:00:00,0.0,-1.0037559,-2.0814564,0.15649068,97078.62,8.683864e-07,19.315521,7.39682,2.310841,-115.74509,45.945652,2,3,354,12,0,0.4999999999999999,0.8660254037844387,-2.4492935982947064e-16,1.0,dry_season,0.0,0.0008683864,15.649069,2024,,0.0,0.0,0.0,250.0655903875,333.6227854102976,2.2651289,1.7282705,0.8785206,2.145870991666667,0.4349640038221583,20.178345,19.280975,21.029083,24.308247833333336,4.616020411517007
2024-12-19 03:00:00,0.0,-1.0873615,-2.0737498,0.16176152,97080.39,1.2676891e-06,18.225128,7.4075317,2.3415365,-117.670074,49.224773,3,3,354,12,0,0.7071067811865476,0.7071067811865476,-2.4492935982947064e-16,1.0,dry_season,0.0,0.001267689,16.176151,2024,,0.0,0.0,0.0,250.0655903875,333.6227854102976,2.310841,1.7836612,0.919472,2.1701447625,0.42682541469506313,19.315521,18.608734,20.748932,24.30968725,4.61438969291048
2024-12-19 04:00:00,0.0,-1.1712558,-2.0231283,0.170276,97125.37,2.3600132e-06,18.205444,7.508911,2.3377101,-120.067955,49.628227,4,3,354,12,0,0.8660254037844386,0.5000000000000001,-2.4492935982947064e-16,1.0,dry_season,0.0,0.0023600133,17.0276,2024,,0.0,0.0,0.0,250.0655903875,333.6227854102976,2.3415365,1.8230299,0.96827143,2.1933895666666667,0.4199987773265733,18.225128,18.38739,20.5484,24.29370366666667,4.63561113359764
2024-12-19 05:00:00,0.0,-1.243171,-1.9762625,0.17900373,97164.04,3.5925837e-06,17.951447,7.4207153,2.3347564,-122.172,50.124348,5,3,354,12,0,0.9659258262890684,0.2588190451025207,-2.4492935982947064e-16,1.0,dry_season,0.0,0.0035925836,17.900373,2024,,0.0,0.0,0.0,250.0655903875,333.6227854102976,2.3377101,1.8631009,1.0092694,2.214834575,0.41335326456202826,18.205444,18.492096,20.588257,24.286122583333334,4.645827808841941
2024-12-19 06:00:00,45021.047,-1.2894306,-1.9953647,0.16650248,97222.14,5.3770173e-06,17.869995,7.194702,2.3757339,-122.87107,49.609184,6,3,354,12,0,1.0,6.123233995736766e-17,-2.4492935982947064e-16,1.0,dry_season,12.505846,0.0053770174,16.650248,2024,,0.0,12.569807,15.165338,250.0655903875,333.6227854102976,2.3347564,1.9767603,1.0739557,2.2344868875,0.4070678148373245,17.951447,18.580017,20.56427,24.263595541666664,4.676354303494035
2024-12-19 07:00:00,519132.2,-1.4094491,-2.1176217,0.14099263,97280.49,4.155849e-06,19.043823,7.4718323,2.54379,-123.64698,46.97084,7,3,354,12,0,0.9659258262890684,-0.2588190451025206,-2.4492935982947064e-16,1.0,dry_season,144.20338,0.004155849,14.099262,2024,,12.505846,141.0214,143.62106,250.06292534583335,333.62476530621615,2.3757339,2.1688747,1.211671,2.2511107875,0.4042218483954159,17.869995,21.15451,22.603607,24.234011291666665,4.715952195475882
2024-12-19 08:00:00,1308897.2,-1.8818754,-2.414271,0.1365591,97334.414,5.843821e-06,21.81009,7.097687,3.0610716,-127.935684,38.592487,8,3,354,12,0,0.8660254037844387,-0.4999999999999998,-2.4492935982947064e-16,1.0,dry_season,363.58258,0.005843821,13.65591,2024,,144.20338,357.82993,353.2892,250.19550784583336,333.5801774298931,2.54379,2.5178556,1.4330479,2.266732258333333,0.40813113735890916,19.043823,23.39148,26.000916,24.146066,4.794896829121108
2024-12-19 09:00:00,2069721.9,-2.1860454,-2.436284,0.1287145,97319.26,5.7110997e-06,23.42868,7.454895,3.2732666,-131.90121,35.843353,9,3,354,12,0,0.7071067811865476,-0.7071067811865475,-2.4492935982947064e-16,1.0,dry_season,574.9227,0.0057110996,12.87145,2024,,363.58258,571.5843,558.997,250.43520159583332,333.6629372019039,3.0610716,2.8060346,1.9205638,2.289366258333333,0.4367244921760966,21.81009,25.331268,28.108795,24.08017475,4.816534036734033
2024-12-19 10:00:00,2671597.5,-2.2387557,-2.3368223,0.22969116,97276.3,6.145749e-06,26.573547,7.1502075,3.236165,-133.77219,29.096512,10,3,354,12,0,0.4999999999999999,-0.8660254037844387,-2.4492935982947064e-16,1.0,dry_season,742.1104,0.0061457492,22.969116,2024,,574.9227,742.4067,724.651,250.5743015958333,333.8033076837436,3.2732666,2.9099998,2.3318145,2.3088342583333334,0.46991063544521183,23.42868,29.293488,31.186462,24.00090025,4.810700876795735
2024-12-19 11:00:00,3032887.5,-2.1079416,-2.1640036,0.25373238,97187.016,5.0078165e-06,27.541718,7.459717,3.0209816,-134.24814,28.075066,11,3,354,12,0,0.258819045102521,-0.9659258262890682,-2.4492935982947064e-16,1.0,dry_season,842.46875,0.0050078165,25.373238,2024,,742.1104,846.2104,827.45605,250.56195576250002,333.7843311331637,3.236165,2.8333054,2.531968,2.322424475,0.4922387968658933,26.573547,29.790588,32.120575,23.887569374999998,4.711614512417941
2024-12-19 12:00:00,3145381.2,-1.9219266,-1.9810058,0.26048952,97095.86,4.2520833e-06,28.654083,7.9424133,2.760106,-134.13277,27.191696,12,3,354,12,0,1.2246467991473532e-16,-1.0,-2.4492935982947064e-16,1.0,dry_season,873.71704,0.004252083,26.048952,2024,,842.46875,872.82263,851.5656,250.4060536791667,333.494771091349,3.0209816,2.731706,2.5843332,2.3302443166666666,0.5020996307425021,27.541718,30.35736,32.691162,23.79386645833333,4.610388118254702
2024-12-19 13:00:00,2966156.5,-1.6748312,-1.8726823,0.2557837,96997.555,4.792544e-06,29.086853,8.015228,2.5123692,-131.80782,26.64937,13,3,354,12,0,-0.2588190451025208,-0.9659258262890684,-2.4492935982947064e-16,1.0,dry_season,823.9324,0.004792544,25.578371,2024,,873.71704,828.00385,799.51605,250.44332076249998,333.56739047940323,2.760106,2.6110065,2.5652127,2.3314276499999997,0.5031193513150721,28.654083,30.768127,33.121857,23.722896583333334,4.517126750425025
2024-12-19 14:00:00,2532688.0,-1.458225,-1.8058285,0.2623826,96937.15,3.5848302e-06,29.363495,7.889282,2.3210852,-128.92122,26.002481,14,3,354,12,0,-0.4999999999999997,-0.8660254037844388,-2.4492935982947064e-16,1.0,dry_season,703.5244,0.0035848303,26.23826,2024,,823.9324,705.1662,682.4505,250.2736770125,333.26178247698897,2.5123692,2.4945576,2.4721963,2.3273177625000003,0.5011351896618164,29.086853,31.079407,33.310608,23.6528435,4.414998952260782
2024-12-19 15:00:00,1881317.2,-1.2813691,-1.7800204,0.28800473,96904.516,3.5373973e-06,28.855743,7.5849304,2.1932576,-125.74868,26.228395,15,3,354,12,0,-0.7071067811865471,-0.7071067811865479,-2.4492935982947064e-16,1.0,dry_season,522.58813,0.0035373974,28.800472,2024,,703.5244,521.9498,499.06198,250.20526867916666,333.1645016243591,2.3210852,2.397302,2.3111,2.3200897458333336,0.4998675834001797,29.363495,30.66391,33.135773,23.58134716666667,4.301950901895068
2024-12-19 16:00:00,1094396.8,-1.0775084,-1.6821368,0.26378947,96929.64,1.4927671e-06,28.400269,7.207184,1.9976507,-122.641975,26.245304,16,3,354,12,0,-0.8660254037844384,-0.5000000000000004,-2.4492935982947064e-16,1.0,dry_season,303.99908,0.001492767,26.378948,2024,,522.58813,304.59756,283.26804,250.23186576249998,333.1871633664911,2.1932576,2.0638382,1.6247344,2.311587895833333,0.500232325487075,28.855743,29.995392,32.561127,23.506006875,4.1868131661135894
2024-12-19 17:00:00,340959.8,-0.58405966,-1.3029184,0.24499317,96982.83,3.3613486e-07,25.929016,8.709717,1.4278382,-114.14527,33.61166,17,3,354,12,0,-0.9659258262890684,-0.2588190451025206,-2.4492935982947064e-16,1.0,dry_season,94.71106,0.00033613486,24.499317,2024,,303.99908,94.10632,83.14247,250.20692909583332,333.18293994595217,1.9976507,1.4792361,1.1157839,2.308830083333333,0.5018374431963307,28.400269,27.410095,28.883728,23.439543416666666,4.090880463746574
2024-12-19 18:00:00,12429.223,-0.47377175,-1.3813013,0.25008094,97057.59,2.7912418e-07,24.475433,9.160553,1.4602921,-108.93143,37.785957,18,3,354,12,0,-1.0,-1.8369701987210287e-16,-2.4492935982947064e-16,1.0,dry_season,3.4525619,0.0002791242,25.008095,2024,,94.71106,3.3052723,2.41016,250.2321265958333,333.1706439480529,1.4278382,1.5236894,1.0717728,2.3066885041666665,0.5056270018373913,25.929016,26.064972,27.320984,23.37783179166667,4.039224862975732
2024-12-19 19:00:00,0.0,-0.49980208,-1.4753494,0.24250919,97152.08,3.0284062e-07,23.834412,9.06665,1.5577092,-108.71476,39.021236,19,3,354,12,0,-0.9659258262890684,0.2588190451025203,-2.4492935982947064e-16,1.0,dry_season,0.0,0.0003028406,24.25092,2024,,3.4525619,0.0,0.0,250.23826366249997,333.1658990729229,1.4602921,1.6106024,1.0950196,2.30404695,0.5100418185395953,24.475433,25.111115,26.275238,23.311601,4.006144692526864
2024-12-19 20:00:00,0.0,-0.54377246,-1.596916,0.24129526,97226.39,4.3464928e-07,22.781128,8.648285,1.6869586,-108.804436,40.4272,20,3,354,12,0,-0.8660254037844386,0.5000000000000001,-2.4492935982947064e-16,1.0,dry_season,0.0,0.0004346493,24.129526,2024,,0.0,0.0,0.0,250.23826366249997,333.1658990729229,1.5577092,1.719812,1.09055,2.3018430666666667,0.5132725026672738,23.834412,23.685364,24.930664,23.258405041666666,3.989653232765857
2024-12-19 21:00:00,0.0,-0.5873188,-1.6442326,0.25712222,97257.695,4.0363545e-08,21.737396,8.648712,1.7459794,-109.65669,43.082466,21,3,354,12,0,-0.7071067811865477,0.7071067811865474,-2.4492935982947064e-16,1.0,dry_season,0.0,4.0363546e-05,25.712221,2024,,0.0,0.0,0.0,250.23826366249997,333.1658990729229,1.6869586,1.7819201,1.1012971,2.300474175,0.5149333852192348,22.781128,22.92926,23.892975,23.220728541666663,3.9897155182570416
2024-12-19 22:00:00,0.0,-0.6077558,-1.9044946,0.2860713,97271.3,8.893663e-09,20.33014,8.405579,1.9991165,-107.69874,46.20893,22,3,354,12,0,-0.5000000000000004,0.8660254037844384,-2.4492935982947064e-16,1.0,dry_season,0.0,8.893663e-06,28.60713,2024,,0.0,0.0,0.0,250.23826366249997,333.1658990729229,1.7459794,2.097656,1.1066042,2.298976645833333,0.5165567144443522,21.737396,21.425201,22.459503,23.171067541666662,4.000903269983379
2024-12-19 23:00:00,0.0,-0.66226095,-1.9075549,0.31004226,97227.984,3.7855077e-08,19.979248,8.489899,2.0192463,-109.145874,47.494183,23,3,354,12,0,-0.2588190451025215,0.965925826289068,-2.4492935982947064e-16,1.0,dry_season,0.0,3.7855076e-05,31.004227,2024,,0.0,0.0,0.0,250.23826366249997,333.1658990729229,1.9991165,2.1249244,1.1584755,2.2948708333333334,0.5186139899173189,20.33014,20.879822,22.025574,23.12544,4.027832920506401
2024-12-20 00:00:00,0.0,-0.7491292,-1.9148259,0.3220285,97201.78,1.8676693e-07,19.30893,8.265503,2.05615,-111.366714,48.76634,0,4,355,12,0,0.0,1.0,-2.4492935982947064e-16,1.0,dry_season,0.0,0.00018676692,32.20285,2024,,0.0,0.0,0.0,250.23826366249997,333.1658990729229,2.0192463,2.1886313,1.1829035,2.2904675791666667,0.5205646010118095,19.979248,20.539032,21.668335,23.087916083333337,4.053774438996752
2024-12-20 01:00:00,0.0,-0.80410886,-1.9762356,0.33291832,97146.234,7.9883336e-07,19.017395,8.151947,2.1335647,-112.14087,49.279587,1,4,355,12,0,0.2588190451025207,0.9659258262890684,-2.4492935982947064e-16,1.0,dry_season,0.0,0.0007988334,33.291832,2024,,0.0,0.0,0.0,250.23826366249997,333.1658990729229,2.05615,2.2651289,1.2335886,2.2849475249999998,0.5223906327898516,19.30893,20.178345,20.96698,23.036661833333337,4.094969785121746
2024-12-20 02:00:00,0.0,-0.910347,-2.0367982,0.3386752,97127.43,1.074537e-06,18.43042,8.3974,2.2309816,-114.08226,51.982094,2,4,355,12,0,0.4999999999999999,0.8660254037844387,-2.4492935982947064e-16,1.0,dry_season,0.0,0.0010745369,33.86752,2024,,0.0,0.0,0.0,250.23826366249997,333.1658990729229,2.1335647,2.310841,1.2449621,2.2794656833333335,0.5232971618956953,19.017395,19.315521,19.851135,22.988288916666665,4.136845341165342
2024-12-20 03:00:00,0.0,-1.0322742,-2.0760162,0.3533479,97140.05,1.7789606e-06,18.01532,8.286591,2.318498,-116.43832,52.955723,3,4,355,12,0,0.7071067811865476,0.7071067811865476,-2.4492935982947064e-16,1.0,dry_season,0.0,0.0017789606,35.33479,2024,,0.0,0.0,0.0,250.23826366249997,333.1658990729229,2.2309816,2.3415365,1.2741753,2.2761382083333332,0.52334288027066,18.43042,18.225128,19.239227,22.951409708333333,4.174782257962873
2024-12-20 04:00:00,0.0,-1.1603733,-2.0992527,0.34823433,97176.305,1.9109973e-06,17.85669,8.355011,2.3986096,-118.93185,53.736053,4,4,355,12,0,0.8660254037844386,0.5000000000000001,-2.4492935982947064e-16,1.0,dry_season,0.0,0.0019109973,34.823433,2024,,0.0,0.0,0.0,250.23826366249997,333.1658990729229,2.318498,2.3377101,1.3116728,2.2751782708333335,0.5232388272334574,18.01532,18.205444,19.823212,22.94266770833333,4.1853157764243365
2024-12-20 05:00:00,0.0,-1.3048848,-2.06131,0.38240963,97185.47,3.0468777e-06,17.704987,8.230682,2.4396155,-122.33531,53.796474,5,4,355,12,0,0.9659258262890684,0.2588190451025207,-2.4492935982947064e-16,1.0,dry_season,0.0,0.0030468777,38.240963,2024,,0.0,0.0,0.0,250.23826366249997,333.1658990729229,2.3986096,2.3347564,1.317268,2.27771575,0.5237027263968027,17.85669,17.951447,20.097107,22.928136291666664,4.203046412296204
2024-12-20 06:00:00,41698.188,-1.4344115,-2.0741234,0.39845794,97227.2,4.0229e-06,17.950653,7.9397583,2.5218096,-124.66675,51.93296,6,4,355,12,0,1.0,6.123233995736766e-17,-2.4492935982947064e-16,1.0,dry_season,11.582829,0.0040229,39.845795,2024,,0.0,12.505846,15.383933,250.23826366249997,333.1658990729229,2.4396155,2.3757339,1.3978192,2.2820848791666664,0.5246358695804776,17.704987,17.869995,20.422333,22.917867125,4.216015539058997
2024-12-20 07:00:00,504111.4,-1.704402,-2.1568053,0.40541598,97285.59,8.683864e-07,18.88681,7.8560486,2.7489626,-128.31732,48.6932,7,4,355,12,0,0.9659258262890684,-0.2588190451025206,-2.4492935982947064e-16,1.0,dry_season,140.03094,0.0008683864,40.5416,2024,,11.582829,144.20338,151.31932,250.19980462083333,333.1945869389452,2.5218096,2.54379,1.5657029,2.2881713666666665,0.5266131743721898,17.950653,19.043823,21.475311,22.921227875,4.21184682042354
2024-12-20 08:00:00,1299183.8,-2.2036228,-2.3611674,0.39746028,97341.125,1.2122747e-06,21.648254,7.562195,3.229716,-133.02333,40.23441,8,4,355,12,0,0.8660254037844387,-0.4999999999999998,-2.4492935982947064e-16,1.0,dry_season,360.88437,0.0012122747,39.74603,2024,,140.03094,363.58258,367.89627,250.02595295416666,333.2533808770949,2.7489626,3.0610716,1.7289292,2.296720225,0.5325748242279338,18.88681,21.81009,25.629486,22.914685666666667,4.21824848003375
2024-12-20 09:00:00,2069532.4,-2.5574098,-2.3392582,0.3934042,97320.33,1.5981228e-06,23.992035,6.96402,3.4659016,-137.5509,33.502106,9,4,355,12,0,0.7071067811865476,-0.7071067811865475,-2.4492935982947064e-16,1.0,dry_season,574.8701,0.0015981229,39.34042,2024,,360.88437,574.9227,575.8044,249.91352753750002,333.21385890686025,3.229716,3.2732666,2.144169,2.303747075,0.5440863802516889,21.648254,23.42868,27.236603,22.9079425,4.220219919040169
2024-12-20 10:00:00,2682530.2,-2.5930095,-2.325557,0.4385277,97278.13,1.807922e-06,27.359222,6.9179077,3.4830897,-138.11244,27.343603,10,4,355,12,0,0.4999999999999999,-0.8660254037844387,-2.4492935982947064e-16,1.0,dry_season,745.1473,0.001807922,43.85277,2024,,574.8701,742.1104,746.6767,249.91133587083334,333.2116284273246,3.4659016,3.236165,2.528234,2.311773533333333,0.5601932354827521,23.992035,26.573547,30.636475,22.931415625,4.224806438060465
2024-12-20 11:00:00,3052211.8,-2.508863,-2.148437,0.4398976,97181.35,7.8218625e-07,28.044037,7.147949,3.3030555,-139.42526,26.68738,11,4,355,12,0,0.258819045102521,-0.9659258262890682,-2.4492935982947064e-16,1.0,dry_season,847.8366,0.0007821862,43.98976,2024,,745.1473,842.46875,846.30023,250.0378733708333,333.40718749568083,3.4830897,3.0209816,2.5939548,2.3220620625,0.5798320630757339,27.359222,27.541718,31.38269,22.96415208333333,4.257174942139781
2024-12-20 12:00:00,3153889.5,-2.2258162,-2.0130956,0.4236492,97061.78,7.43191e-07,28.774261,7.4301453,3.001135,-137.87285,26.075598,12,4,355,12,0,1.2246467991473532e-16,-1.0,-2.4492935982947064e-16,1.0,dry_season,876.08044,0.000743191,42.364918,2024,,847.8366,873.71704,871.7728,250.26153378749999,333.8234293036563,3.3030555,2.760106,2.5219216,2.333815141666667,0.597213255159056,28.044037,28.654083,32.275757,22.98508204166667,4.2818220052815965
2024-12-20 13:00:00,2975499.2,-1.9551829,-1.9414011,0.3876193,96952.88,4.717518e-06,29.160309,7.4167175,2.7553182,-135.20265,25.47527,13,4,355,12,0,-0.2588190451025208,-0.9659258262890684,-2.4492935982947064e-16,1.0,dry_season,826.5276,0.004717518,38.76193,2024,,876.08044,823.9324,820.5304,250.3600087875,334.01563275754506,3.001135,2.5123692,2.4080005,2.3438580166666667,0.6066456501865358,28.774261,29.086853,32.764923,22.990089458333333,4.288804496024303
2024-12-20 14:00:00,2539178.2,-1.7309296,-1.8657801,0.36235437,96870.13,6.3671787e-06,29.725769,7.393982,2.545045,-132.85283,24.618446,14,4,355,12,0,-0.4999999999999997,-0.8660254037844388,-2.4492935982947064e-16,1.0,dry_season,705.3273,0.0063671786,36.235435,2024,,826.5276,703.5244,692.94275,250.46814212083333,334.20975656942676,2.7553182,2.3210852,2.2739377,2.3539808916666662,0.6115866696615618,29.160309,29.363495,33.132416,22.993150125,4.293368348282384
2024-12-20 15:00:00,1889645.1,-1.5761281,-1.8490331,0.3060743,96831.92,5.1863735e-06,29.306976,7.634033,2.4296303,-130.44449,25.637674,15,4,355,12,0,-0.7071067811865471,-0.7071067811865479,-2.4492935982947064e-16,1.0,dry_season,524.9014,0.0051863734,30.60743,2024,,705.3273,522.58813,514.6902,250.5432629541667,334.31620395057496,2.545045,2.1932576,2.1122696,2.36331255,0.6127703770335595,29.725769,28.855743,32.7706,23.008244875,4.317309274037454
2024-12-20 16:00:00,1101625.6,-1.3222588,-1.6722751,0.26498634,96848.5,6.7363794e-07,28.792145,7.277649,2.1318705,-128.33324,25.778358,16,4,355,12,0,-0.8660254037844384,-0.5000000000000004,-2.4492935982947064e-16,1.0,dry_season,306.0071,0.00067363796,26.498634,2024,,524.9014,303.99908,295.01004,250.63964920416666,334.398370332262,2.4296303,1.9976507,1.5352325,2.3731614125,0.6118171316742016,29.306976,28.400269,32.122375,23.027046249999998,4.344776779772646
2024-12-20 17:00:00,344536.56,-0.80391365,-1.3166317,0.26116866,96904.195,7.11493e-08,26.475769,8.658478,1.5426588,-121.407555,32.429394,17,4,355,12,0,-0.9659258262890684,-0.2588190451025206,-2.4492935982947064e-16,1.0,dry_season,95.7046,7.1149305e-05,26.116865,2024,,306.0071,94.71106,87.696815,250.72331670416665,334.41255239643294,2.1318705,1.4278382,1.1163186,2.378753904166667,0.6088416316598381,28.792145,25.929016,29.54596,23.043374416666666,4.366529829921555
2024-12-20 18:00:00,13247.603,-0.7312126,-1.3826343,0.27613986,96967.375,0.0,25.00772,9.019196,1.5640811,-117.87233,36.25492,18,4,355,12,0,-1.0,-1.8369701987210287e-16,-2.4492935982947064e-16,1.0,dry_season,3.6798897,0.0,27.613985,2024,,95.7046,3.4525619,2.523152,250.76471420416667,334.39246056896513,1.5426588,1.4602921,1.1939986,2.3835380958333334,0.6014508570475349,26.475769,24.475433,27.14447,23.066155791666663,4.383632367270561
2024-12-20 19:00:00,0.0,-0.7827788,-1.4559866,0.28450665,97055.42,0.0,24.54895,9.130066,1.6530699,-118.26371,37.542694,19,4,355,12,0,-0.9659258262890684,0.2588190451025203,-2.4492935982947064e-16,1.0,dry_season,0.0,0.0,28.450665,2024,,3.6798897,0.0,0.0,250.77418619583332,334.38515377078255,1.5640811,1.5577092,1.2641137,2.3878626375,0.5948609566633781,25.00772,23.834412,26.02539,23.08833441666667,4.392410236410157
2024-12-20 20:00:00,0.0,-0.83547467,-1.5244392,0.28024235,97099.516,0.0,23.559967,9.105347,1.7383708,-118.725105,39.775658,20,4,355,12,0,-0.8660254037844386,0.5000000000000001,-2.4492935982947064e-16,1.0,dry_season,0.0,0.0,28.024235,2024,,0.0,0.0,0.0,250.77418619583332,334.38515377078255,1.6530699,1.6869586,1.3289154,2.391836,0.5893679947049074,24.54895,22.781128,24.26352,23.118106833333332,4.400102021307555
2024-12-20 21:00:00,0.0,-0.8745339,-1.543665,0.28709447,97137.86,0.0,22.647644,9.219147,1.7741791,-119.53289,42.357788,21,4,355,12,0,-0.7071067811865477,0.7071067811865474,-2.4492935982947064e-16,1.0,dry_season,0.0,0.0,28.709448,2024,,0.0,0.0,0.0,250.77418619583332,334.38515377078255,1.7383708,1.7459794,1.3877922,2.393978175,0.5867823479105969,23.559967,21.737396,23.662628,23.150558458333336,4.400380716896776
2024-12-20 22:00:00,0.0,-0.9809511,-1.767444,0.3270305,97137.22,0.0,20.993073,8.279602,2.0214162,-119.03076,43.98071,22,4,355,12,0,-0.5000000000000004,0.8660254037844384,-2.4492935982947064e-16,1.0,dry_season,0.0,0.0,32.703053,2024,,0.0,0.0,0.0,250.77418619583332,334.38515377078255,1.7741791,1.9991165,1.5563612,2.3951531624999998,0.5854550959100565,22.647644,20.33014,22.110657,23.188485458333332,4.391584997996854
2024-12-20 23:00:00,0.0,-1.0348014,-1.7724271,0.35422873,97115.93,0.0,20.763977,8.243256,2.0523918,-120.27778,44.495426,23,4,355,12,0,-0.2588190451025215,0.965925826289068,-2.4492935982947064e-16,1.0,dry_season,0.0,0.0,35.422874,2024,,0.0,0.0,0.0,250.77418619583332,334.38515377078255,2.0214162,2.0192463,1.6382883,2.3960823166666665,0.5848165804524283,20.993073,19.979248,21.89386,23.21610766666667,4.374877974477677
2024-12-21 00:00:00,0.0,-1.1388463,-1.7720374,0.39106122,97084.66,6.6132366e-09,20.313171,8.303955,2.1064394,-122.72788,45.939644,0,5,356,12,1,0.0,1.0,-2.4492935982947064e-16,1.0,dry_season,0.0,6.6132366e-06,39.10612,2024,,0.0,0.0,0.0,250.77418619583332,334.38515377078255,2.0523918,2.05615,1.6846397,2.3974633791666666,0.5839264383963608,20.763977,19.30893,21.54132,23.248804708333335,4.352509739239471
2024-12-21 01:00:00,0.0,-1.2264985,-1.8322922,0.42674276,97043.41,3.6714866e-08,19.88446,7.8301086,2.2049022,-123.79753,45.679966,1,5,356,12,1,0.2588190451025207,0.9659258262890684,-2.4492935982947064e-16,1.0,dry_season,0.0,3.6714864e-05,42.674274,2024,,0.0,0.0,0.0,250.77418619583332,334.38515377078255,2.1064394,2.1335647,1.7280228,2.3995587708333335,0.5827374202921821,20.313171,19.017395,20.604065,23.290648083333334,4.317674270360185
2024-12-21 02:00:00,0.0,-1.309407,-1.881437,0.4520138,96991.4,5.6554576e-08,18.818909,7.9336243,2.2922373,-124.83642,49.15927,2,5,356,12,1,0.4999999999999999,0.8660254037844387,-2.4492935982947064e-16,1.0,dry_season,0.0,5.6554578e-05,45.201378,2024,,0.0,0.0,0.0,250.77418619583332,334.38515377078255,2.2049022,2.2309816,1.7835006,2.4025311666666664,0.5815022903526788,19.88446,18.43042,19.603638,23.326775791666666,4.283858762777546
2024-12-21 03:00:00,0.0,-1.3946041,-1.9309827,0.46595657,96989.3,1.6715525e-07,18.168213,7.80954,2.3819351,-125.83776,50.77501,3,5,356,12,1,0.7071067811865476,0.7071067811865476,-2.4492935982947064e-16,1.0,dry_season,0.0,0.00016715525,46.595657,2024,,0.0,0.0,0.0,250.77418619583332,334.38515377078255,2.2922373,2.318498,1.8275505,2.4050834875000002,0.5808506563191143,18.818909,18.01532,19.013977,23.34296283333333,4.2652464640138
2024-12-21 04:00:00,0.0,-1.4426582,-1.9254378,0.46380216,97011.0,2.5312733e-07,18.045776,7.711548,2.4059453,-126.842834,50.826775,4,5,356,12,1,0.8660254037844386,0.5000000000000001,-2.4492935982947064e-16,1.0,dry_season,0.0,0.00025312733,46.380215,2024,,0.0,0.0,0.0,250.77418619583332,334.38515377078255,2.3819351,2.3986096,1.8422979,2.4077267,0.5805837870562215,18.168213,17.85669,19.032623,23.349333375,4.257049467284055
2024-12-21 05:00:00,0.0,-1.4999788,-1.9580244,0.45733553,97051.484,5.6873836e-07,18.072327,7.723694,2.466535,-127.454544,50.784008,5,5,356,12,1,0.9659258262890684,0.2588190451025207,-2.4492935982947064e-16,1.0,dry_season,0.0,0.0005687384,45.733555,2024,,0.0,0.0,0.0,250.77418619583332,334.38515377078255,2.4059453,2.4396155,1.8745068,2.4080323541666666,0.5805807095491918,18.045776,17.704987,19.242706,23.357211958333338,4.246604340114157
2024-12-21 06:00:00,41630.82,-1.5558623,-1.9966427,0.4599711,97104.79,9.117145e-07,18.223694,7.5542603,2.5312624,-127.92712,49.725094,6,5,356,12,1,1.0,6.123233995736766e-17,-2.4492935982947064e-16,1.0,dry_season,11.5641165,0.0009117145,45.99711,2024,,0.0,11.582829,15.039498,250.77418619583332,334.38515377078255,2.466535,2.5218096,1.9235339,2.409154,0.5806703755981774,18.072327,17.950653,19.10434,23.372517791666667,4.225958359495422
2024-12-21 07:00:00,502614.03,-1.7374529,-2.0933037,0.44431576,97167.93,3.8174338e-07,19.59613,7.569702,2.7204158,-129.69284,45.686672,7,5,356,12,1,0.9659258262890684,-0.2588190451025206,-2.4492935982947064e-16,1.0,dry_season,139.615,0.0003817434,44.431576,2024,,11.5641165,140.03094,155.18689,250.77340650833332,334.38573576460533,2.5312624,2.7489626,2.1407561,2.4095478666666668,0.5807533118150314,18.223694,18.88681,21.616394,23.3838945,4.211068828503461
2024-12-21 08:00:00,1291970.9,-2.1566792,-2.205514,0.45109352,97221.03,6.09786e-07,22.47638,7.993866,3.0847294,-134.3586,39.39402,8,5,356,12,1,0.8660254037844387,-0.4999999999999998,-2.4492935982947064e-16,1.0,dry_season,358.8808,0.000609786,45.109352,2024,,139.615,360.88437,377.56702,250.756075675,334.391735696309,2.7204158,3.229716,2.3528297,2.4083584166666667,0.5800567426147378,19.59613,21.648254,25.029572,23.413449500000002,4.180512463685948
2024-12-21 09:00:00,2057569.9,-2.5021439,-2.150468,0.42597675,97204.92,2.043262e-07,23.981415,7.305542,3.2992783,-139.32257,34.316944,9,5,356,12,1,0.7071067811865476,-0.7071067811865475,-2.4492935982947064e-16,1.0,dry_season,571.5472,0.00020432619,42.597675,2024,,358.8808,574.8701,589.02704,250.67259359166667,334.3632952787965,3.0847294,3.4659016,2.748437,2.4023173083333336,0.5718272586022697,22.47638,23.992035,26.667603,23.447954749999997,4.168710320625819
2024-12-21 10:00:00,2666223.2,-2.7296104,-2.0451226,0.44422704,97153.28,2.0341403e-07,27.533478,7.3361816,3.4107623,-143.15813,27.85245,10,5,356,12,1,0.4999999999999999,-0.8660254037844387,-2.4492935982947064e-16,1.0,dry_season,740.61755,0.00020341403,44.422703,2024,,571.5472,745.1473,752.99963,250.534139425,334.2238727774343,3.2992783,3.4830897,2.872575,2.395374670833333,0.5592253253802979,23.981415,27.359222,30.546692,23.44751225,4.168650619848007
2024-12-21 11:00:00,3043957.2,-2.581702,-1.8659954,0.46428403,97081.51,3.712534e-07,28.427765,7.3505554,3.185455,-144.14145,26.461622,11,5,356,12,1,0.258819045102521,-0.9659258262890682,-2.4492935982947064e-16,1.0,dry_season,845.5437,0.0003712534,46.428402,2024,,740.61755,847.8366,849.6761,250.34539984166668,333.93356862482045,3.4107623,3.3030555,2.8436387,2.3923610291666666,0.5532720169295403,27.533478,28.044037,31.24826,23.45477291666667,4.175905429055026
2024-12-21 12:00:00,3149201.5,-2.3675811,-1.7200636,0.46868747,96963.625,4.2347517e-07,29.460663,7.6854553,2.9264414,-144.00134,25.500307,12,5,356,12,1,1.2246467991473532e-16,-1.0,-2.4492935982947064e-16,1.0,dry_season,874.7782,0.00042347517,46.868748,2024,,845.5437,876.08044,876.6184,250.24986234166667,333.7554762970657,3.185455,3.001135,2.7221892,2.387461008333333,0.5453194377356402,28.427765,28.774261,32.02289,23.47076158333333,4.19493199219735
2024-12-21 13:00:00,2976955.8,-2.1183069,-1.6517415,0.49280983,96867.72,3.2427664e-07,29.799896,7.7351074,2.6861634,-142.05481,25.091019,13,5,356,12,1,-0.2588190451025208,-0.9659258262890684,-2.4492935982947064e-16,1.0,dry_season,826.9321,0.00032427665,49.280983,2024,,874.7782,826.5276,821.7489,250.19560234166667,333.64939779896287,2.9264414,2.7553182,2.5917747,2.384348775,0.5418670333291137,29.460663,29.160309,32.345,23.49936166666667,4.2348124202855075
2024-12-21 14:00:00,2542308.0,-1.8919659,-1.6614118,0.5121692,96790.805,2.1892093e-07,30.36499,8.044556,2.5179007,-138.71231,24.80619,14,5,356,12,1,-0.4999999999999997,-0.8660254037844388,-2.4492935982947064e-16,1.0,dry_season,706.19666,0.00021892093,51.21692,2024,,826.9321,705.3273,695.8423,250.2124565083333,333.6797856039391,2.6861634,2.545045,2.4437504,2.3814673249999996,0.5399892015460235,29.799896,29.725769,32.491455,23.526011125,4.273818153100458
2024-12-21 15:00:00,1891191.9,-1.7420473,-1.7039086,0.50471467,96758.266,5.609849e-08,29.950562,8.541382,2.4368079,-135.6341,26.275085,15,5,356,12,1,-0.7071067811865471,-0.7071067811865479,-2.4492935982947064e-16,1.0,dry_season,525.33105,5.6098488e-05,50.471466,2024,,706.19666,524.9014,513.6164,250.24867984166667,333.73138286797007,2.5179007,2.4296303,2.260539,2.3803363125000003,0.53966001691073,30.36499,29.306976,31.999695,23.552645333333334,4.315918996960784
2024-12-21 16:00:00,1104640.9,-1.4414184,-1.5689894,0.5014864,96774.05,1.8243411e-09,29.51233,8.545715,2.1305902,-132.57346,26.955074,16,5,356,12,1,-0.8660254037844384,-0.5000000000000004,-2.4492935982947064e-16,1.0,dry_season,306.8447,1.8243411e-06,50.148643,2024,,525.33105,306.0071,292.98297,250.266581925,333.74676757543483,2.4368079,2.1318705,1.6323884,2.380635379166667,0.5396905101439992,29.950562,28.792145,31.454254,23.57946141666667,4.355048863740166
2024-12-21 17:00:00,350629.47,-0.87576747,-1.2160313,0.46712935,96826.64,4.5608528e-10,27.03305,9.855255,1.4985663,-125.760864,34.01623,17,5,356,12,1,-0.9659258262890684,-0.2588190451025206,-2.4492935982947064e-16,1.0,dry_season,97.39707,4.5608527e-07,46.712936,2024,,306.8447,95.7046,87.31336,250.301481925,333.752893542225,2.1305902,1.5426588,1.2657791,2.3805820333333334,0.5397162311255024,29.51233,26.475769,28.745056,23.609469125000004,4.394827059533145
2024-12-21 18:00:00,13671.27,-0.8224456,-1.270162,0.4153529,96890.75,0.0,25.81961,10.242737,1.5131848,-122.92355,37.503323,18,5,356,12,1,-1.0,-1.8369701987210287e-16,-2.4492935982947064e-16,1.0,dry_season,3.7975748,0.0,41.53529,2024,,97.39707,3.6798897,2.7493234,250.37200150833334,333.7189851886254,1.4985663,1.5640811,1.2849665,2.3787448458333333,0.5427589919117831,27.03305,25.00772,26.318268,23.63268916666667,4.412067952785418
2024-12-21 19:00:00,0.0,-0.852372,-1.2985351,0.39281902,96983.414,5.4730234e-09,25.040405,10.515045,1.5532969,-123.2813,40.00337,19,5,356,12,1,-0.9659258262890684,0.2588190451025203,-2.4492935982947064e-16,1.0,dry_season,0.0,5.4730235e-06,39.281902,2024,,3.7975748,0.0,0.0,250.37690505416666,333.71520362712243,1.5131848,1.6530699,1.3459303,2.3766241666666668,0.5461691757087215,25.81961,24.54895,25.599243,23.666517916666663,4.4261591504359625
2024-12-21 20:00:00,0.0,-0.93925333,-1.2912229,0.36674005,97036.05,1.3682558e-09,23.376556,10.512238,1.5967008,-126.03265,44.197495,20,5,356,12,1,-0.8660254037844386,0.5000000000000001,-2.4492935982947064e-16,1.0,dry_season,0.0,1.3682559e-06,36.674004,2024,,0.0,0.0,0.0,250.37690505416666,333.71520362712243,1.5532969,1.7383708,1.3932006,2.3724669583333333,0.5522617491201282,25.040405,23.559967,23.909393,23.686995208333332,4.431552709748399
2024-12-21 21:00:00,0.0,-1.0130519,-1.292436,0.2692063,97039.32,0.0,22.593964,10.006989,1.6421525,-128.09045,44.805225,21,5,356,12,1,-0.7071067811865477,0.7071067811865474,-2.4492935982947064e-16,1.0,dry_season,0.0,0.0,26.920628,2024,,0.0,0.0,0.0,250.37690505416666,333.71520362712243,1.5967008,1.7741791,1.4658582,2.3665640416666665,0.5600364443749107,23.376556,22.647644,22.822876,23.67935308333333,4.431939419074523
2024-12-21 22:00:00,0.0,-1.1994035,-1.5104967,0.1990854,97048.484,9.1217056e-10,21.033997,9.704681,1.928774,-128.45119,48.29915,22,5,356,12,1,-0.5000000000000004,0.8660254037844384,-2.4492935982947064e-16,1.0,dry_season,0.0,9.1217055e-07,19.90854,2024,,0.0,0.0,0.0,250.37690505416666,333.71520362712243,1.6421525,2.0214162,1.7541167,2.3610629333333333,0.5667168876655715,22.593964,20.993073,21.115295,23.677116416666667,4.432496239951774
2024-12-21 23:00:00,0.0,-1.2487682,-1.5048815,0.15477024,97028.45,5.9291088e-09,20.873444,9.698486,1.9555281,-129.68626,48.758324,23,5,356,12,1,-0.2588190451025215,0.965925826289068,-2.4492935982947064e-16,1.0,dry_season,0.0,5.9291087e-06,15.477024,2024,,0.0,0.0,0.0,250.37690505416666,333.71520362712243,1.928774,2.0523918,1.7520782,2.3572028416666666,0.5694398818762076,21.033997,20.763977,20.809845,23.67882158333333,4.431426546743749
2024-12-22 00:00:00,0.0,-1.2479193,-1.5541298,0.13924332,96984.695,1.9383624e-08,20.302307,9.439728,1.9931437,-128.76341,49.63653,0,6,357,12,1,0.0,1.0,-2.4492935982947064e-16,1.0,dry_season,0.0,1.9383624e-05,13.924332,2024,,0.0,0.0,0.0,250.37690505416666,333.71520362712243,1.9555281,2.1064394,1.7521586,2.3531668541666666,0.5720315742625618,20.873444,20.313171,20.569641,23.683382708333337,4.428351217605033
2024-12-22 01:00:00,0.0,-1.2831361,-1.5799968,0.1354721,96949.914,6.088739e-08,19.947021,9.457214,2.0353937,-129.0805,50.800133,1,6,357,12,1,0.2588190451025207,0.9659258262890684,-2.4492935982947064e-16,1.0,dry_season,0.0,6.088739e-05,13.547211,2024,,0.0,0.0,0.0,250.37690505416666,333.71520362712243,1.9931437,2.2049022,1.7723093,2.3484462,0.5746178393545871,20.302307,19.88446,20.30133,23.682930041666665,4.42871124014452
2024-12-22 02:00:00,0.0,-1.3054997,-1.6423246,0.118413016,96915.95,1.6305049e-07,19.18695,9.155151,2.0979893,-128.48152,52.186268,2,6,357,12,1,0.4999999999999999,0.8660254037844387,-2.4492935982947064e-16,1.0,dry_season,0.0,0.00016305048,11.841302,2024,,0.0,0.0,0.0,250.37690505416666,333.71520362712243,2.0353937,2.2922373,1.7777995,2.3413833458333335,0.5774934588001094,19.947021,18.818909,19.63855,23.68553675,4.426396087059318
2024-12-22 03:00:00,0.0,-1.3549308,-1.6495196,0.11234386,96898.086,3.0945387e-07,18.412018,8.746826,2.134655,-129.4,53.288197,3,6,357,12,1,0.7071067811865476,0.7071067811865476,-2.4492935982947064e-16,1.0,dry_season,0.0,0.00030945387,11.234386,2024,,0.0,0.0,0.0,250.37690505416666,333.71520362712243,2.0979893,2.3819351,1.78147,2.3332896791666666,0.5795696729385558,19.18695,18.168213,19.094757,23.700871791666668,4.409407761255271
2024-12-22 04:00:00,0.0,-1.3840387,-1.626081,0.13675103,96942.08,7.2882426e-07,18.310913,8.667206,2.135346,-130.40276,53.33929,4,6,357,12,1,0.8660254037844386,0.5000000000000001,-2.4492935982947064e-16,1.0,dry_season,0.0,0.00072882423,13.675102,2024,,0.0,0.0,0.0,250.37690505416666,333.71520362712243,2.134655,2.4059453,1.7803323,2.3229863416666667,0.5808638500074002,18.412018,18.045776,18.82547,23.71103033333333,4.396368812597746
2024-12-22 05:00:00,0.0,-1.4107865,-1.615135,0.16303031,96972.3,1.0528729e-06,18.430481,8.604187,2.1445231,-131.13654,52.71532,5,6,357,12,1,0.9659258262890684,0.2588190451025207,-2.4492935982947064e-16,1.0,dry_season,0.0,0.0010528729,16.303032,2024,,0.0,0.0,0.0,250.37690505416666,333.71520362712243,2.135346,2.466535,1.7777646,2.3117113708333332,0.5818090375298576,18.310913,18.072327,18.712646,23.72207770833333,4.381823039415655
2024-12-22 06:00:00,40568.836,-1.4357369,-1.6187772,0.18357605,97041.375,7.0351155e-07,18.469696,8.454742,2.163742,-131.57068,52.0562,6,6,357,12,1,1.0,6.123233995736766e-17,-2.4492935982947064e-16,1.0,dry_season,11.269121,0.0007035115,18.357605,2024,,0.0,11.5641165,14.177815,250.37690505416666,333.71520362712243,2.1445231,2.5312624,1.8184736,2.2982942083333335,0.5817963735837364,18.430481,18.223694,19.07898,23.737000791666663,4.362311664387019
2024-12-22 07:00:00,498285.62,-1.6130689,-1.7070024,0.1891434,97119.125,1.0362257e-06,20.049316,8.421234,2.3485844,-133.37938,47.068863,7,6,357,12,1,0.9659258262890684,-0.2588190451025206,-2.4492935982947064e-16,1.0,dry_season,138.41267,0.0010362257,18.914341,2024,,11.269121,139.615,144.57607,250.364613575,333.7243873791051,2.163742,2.7204158,1.9567231,2.282980858333333,0.5802324727949048,18.469696,19.59613,21.11795,23.747250874999995,4.349062751429068
2024-12-22 08:00:00,1286275.2,-1.9759252,-1.7876462,0.1806545,97177.586,9.639363e-07,22.676758,8.038757,2.6645749,-137.86392,39.03621,8,6,357,12,1,0.8660254037844387,-0.4999999999999998,-2.4492935982947064e-16,1.0,dry_season,357.29868,0.00096393627,18.065449,2024,,138.41267,358.8808,360.60944,250.31451649166664,333.7418251958188,2.3485844,3.0847294,2.2061522,2.267487883333333,0.5729632107119407,20.049316,22.47638,24.142029,23.766133625,4.331202951625506
2024-12-22 09:00:00,2050944.4,-2.2910132,-1.7271094,0.17288277,97171.836,6.018045e-07,24.782867,7.890106,2.8690848,-142.98872,34.03799,9,6,357,12,1,0.7071067811865476,-0.7071067811865475,-2.4492935982947064e-16,1.0,dry_season,569.7068,0.0006018045,17.288277,2024,,357.29868,571.5472,568.67175,250.24859482499997,333.71960401475667,2.6645749,3.2992783,2.4988122,2.2499814458333334,0.5529775658953555,22.676758,23.981415,25.77594,23.774482708333334,4.328801114549234
2024-12-22 10:00:00,2660732.0,-2.3279166,-1.6509963,0.16809544,97131.125,9.3748326e-07,28.033417,8.4644165,2.853942,-144.6551,29.209677,10,6,357,12,1,0.4999999999999999,-0.8660254037844387,-2.4492935982947064e-16,1.0,dry_season,739.0922,0.0009374833,16.809544,2024,,569.7068,740.61755,735.8786,250.1719114916667,333.6427674614587,2.8690848,3.4107623,2.6484346,2.232056716666667,0.5236822097177236,24.782867,27.533478,29.484314,23.80787654166667,4.333555591098556
2024-12-22 11:00:00,3034072.5,-2.1859257,-1.4830304,0.1758519,97052.71,9.4409654e-07,29.0979,8.486145,2.6415243,-145.84526,27.497515,11,6,357,12,1,0.258819045102521,-0.9659258262890682,-2.4492935982947064e-16,1.0,dry_season,842.7979,0.00094409654,17.58519,2024,,739.0922,845.5437,835.7318,250.1083552416667,333.54541061428154,2.853942,3.185455,2.4969766,2.2088558708333332,0.47967679595696755,28.033417,28.427765,30.463654,23.82870733333333,4.35339879823938
2024-12-22 12:00:00,3141266.2,-1.9459652,-1.3461431,0.20739193,96935.66,9.602876e-07,30.04776,8.795166,2.3661957,-145.32602,26.58115,12,6,357,12,1,1.2246467991473532e-16,-1.0,-2.4492935982947064e-16,1.0,dry_season,872.574,0.0009602876,20.739193,2024,,842.7979,874.7782,859.14355,249.99394690833333,333.3326954181327,2.6415243,2.9264414,2.2590961,2.186192091666667,0.44297387510420033,29.0979,29.460663,30.991394,23.856629625,4.386204724954885
2024-12-22 13:00:00,2977222.8,-1.6962452,-1.3384379,0.23309746,96834.95,9.956342e-07,30.520264,9.202423,2.1607091,-141.72447,26.590773,13,6,357,12,1,-0.2588190451025208,-0.9659258262890684,-2.4492935982947064e-16,1.0,dry_season,827.00635,0.0009956342,23.309746,2024,,872.574,826.9321,807.2332,249.90210524166665,333.15332227965933,2.3661957,2.6861634,2.0613892,2.1628485208333337,0.416222597631213,30.04776,29.799896,31.420776,23.881092,4.420322420451387
2024-12-22 14:00:00,2542399.5,-1.4833984,-1.3764601,0.28512648,96782.42,8.170768e-07,30.773193,9.438232,2.0236387,-137.14145,26.62786,14,6,357,12,1,-0.4999999999999997,-0.8660254037844388,-2.4492935982947064e-16,1.0,dry_season,706.2221,0.00081707677,28.512648,2024,,827.00635,706.19666,684.2218,249.90519899166668,333.15891400710075,2.1607091,2.5179007,1.8829839,2.140954591666667,0.4010416124486142,30.520264,30.36499,31.58722,23.911107333333334,4.464485455948623
2024-12-22 15:00:00,1893743.9,-1.2982798,-1.4455712,0.2850179,96765.54,1.3397505e-06,30.329926,9.993256,1.9429891,-131.92728,28.34915,15,6,357,12,1,-0.7071067811865471,-0.7071067811865479,-2.4492935982947064e-16,1.0,dry_season,526.04,0.0013397505,28.501791,2024,,706.2221,525.33105,499.51135,249.90625899166665,333.16042893090406,2.0236387,2.4368079,1.7711651,2.1203603416666668,0.3934621310826446,30.773193,29.950562,30.932251,23.928115791666666,4.4908417638592715
2024-12-22 16:00:00,1112288.5,-1.026396,-1.3599994,0.29120484,96791.19,2.9873586e-08,29.880005,9.30011,1.7038448,-127.04196,27.768936,16,6,357,12,1,-0.8660254037844384,-0.5000000000000004,-2.4492935982947064e-16,1.0,dry_season,308.96902,2.9873587e-05,29.120483,2024,,526.04,306.8447,284.25574,249.935798575,333.18594161087844,1.9429891,2.1305902,1.3779708,2.0997845583333334,0.3890818126368967,30.329926,29.51233,30.53424,23.943922625,4.5135712905022105
2024-12-22 17:00:00,355519.28,-0.49791524,-1.0960541,0.27506033,96830.93,1.3682558e-09,27.673065,10.122772,1.2038497,-114.431335,33.355206,17,6,357,12,1,-0.9659258262890684,-0.2588190451025206,-2.4492935982947064e-16,1.0,dry_season,98.755356,1.3682559e-06,27.506033,2024,,308.96902,97.39707,85.01823,250.02431190833332,333.2019989855811,1.7038448,1.4985663,1.1512442,2.0820035,0.3972776068657433,29.880005,27.03305,28.01828,23.959242416666665,4.533871432541106
2024-12-22 18:00:00,14347.814,-0.44808215,-1.1873072,0.24090837,96923.93,0.0,26.40149,10.795532,1.2690454,-110.676186,37.594135,18,6,357,12,1,-1.0,-1.8369701987210287e-16,-2.4492935982947064e-16,1.0,dry_season,3.985504,0.0,24.090837,2024,,98.755356,3.7975748,2.801526,250.08090715833336,333.17506196933545,1.2038497,1.5131848,1.2302212,2.0697236416666667,0.42000074953889943,27.673065,25.81961,26.786865,23.985909708333335,4.554571957605407
2024-12-22 19:00:00,0.0,-0.4967693,-1.2141227,0.23116238,97007.625,3.2382054e-08,25.365906,10.895966,1.3118207,-112.252365,40.242733,19,6,357,12,1,-0.9659258262890684,0.2588190451025203,-2.4492935982947064e-16,1.0,dry_season,0.0,3.2382053e-05,23.116238,2024,,3.985504,0.0,0.0,250.08873754166666,333.1690242339335,1.2690454,1.5532969,1.2623686,2.0595511666666666,0.4366911725173941,26.40149,25.040405,25.588013,24.010154708333335,4.566291213153178
2024-12-22 20:00:00,0.0,-0.5673529,-1.1970106,0.1819087,97069.96,2.2576222e-08,24.222046,10.879669,1.3246598,-115.35977,43.04386,20,6,357,12,1,-0.8660254037844386,0.5000000000000001,-2.4492935982947064e-16,1.0,dry_season,0.0,2.2576221e-05,18.19087,2024,,0.0,0.0,0.0,250.08873754166666,333.1690242339335,1.3118207,1.5967008,1.2701986,2.0494896583333335,0.45139681747548466,25.365906,23.376556,24.671143,24.02371725,4.569966161404833
2024-12-22 21:00:00,0.0,-0.6474593,-1.1504377,0.1409458,97086.2,1.3910601e-08,23.52414,10.748627,1.3201176,-119.370544,44.50077,21,6,357,12,1,-0.7071067811865477,0.7071067811865474,-2.4492935982947064e-16,1.0,dry_season,0.0,1.39106005e-05,14.094581,2024,,0.0,0.0,0.0,250.08873754166666,333.1690242339335,1.3246598,1.6421525,1.2661079,2.0381546166666666,0.46642656229136187,24.222046,22.593964,24.009094,24.058946000000002,4.568018871937139
2024-12-22 22:00:00,0.0,-0.6486611,-1.2127194,0.093129955,97093.09,2.6680988e-08,21.853058,10.524994,1.3752998,-118.141495,48.525192,22,6,357,12,1,-0.5000000000000004,0.8660254037844384,-2.4492935982947064e-16,1.0,dry_season,0.0,2.6680988e-05,9.312996,2024,,0.0,0.0,0.0,250.08873754166666,333.1690242339335,1.3201176,1.928774,1.4304483,2.0247364958333334,0.48266354975147086,23.52414,21.033997,22.397827,24.09770333333333,4.558985926462064
2024-12-22 23:00:00,0.0,-0.66588044,-1.197784,0.0787849,97082.46,1.6875155e-08,21.486847,10.575439,1.3704318,-119.07086,49.79202,23,6,357,12,1,-0.2588190451025215,0.965925826289068,-2.4492935982947064e-16,1.0,dry_season,0.0,1.6875156e-05,7.87849,2024,,0.0,0.0,0.0,250.08873754166666,333.1690242339335,1.3752998,1.9555281,1.4213676,2.0016750708333335,0.5003463873847132,21.853058,20.873444,22.133423,24.131830875000002,4.5380722550811825
2024-12-23 00:00:00,0.0,-0.69946796,-1.1854286,0.06812895,97030.07,1.48227715e-08,21.041931,10.555298,1.376407,-120.54294,51.10184,0,0,358,12,0,0.0,1.0,-2.4492935982947064e-16,1.0,dry_season,0.0,1.4822772e-05,6.8128953,2024,,0.0,0.0,0.0,250.08873754166666,333.1690242339335,1.3704318,1.9931437,1.4715071,1.9772960583333334,0.5166802107236621,21.486847,20.302307,21.644989,24.15738933333333,4.520616888745176
2024-12-23 01:00:00,0.0,-0.7407514,-1.2096094,0.0739389,96982.06,5.8378916e-08,20.501678,10.392029,1.4184031,-121.482834,52.259064,1,0,358,12,0,0.2588190451025207,0.9659258262890684,-2.4492935982947064e-16,1.0,dry_season,0.0,5.8378915e-05,7.39389,2024,,0.0,0.0,0.0,250.08873754166666,333.1690242339335,1.376407,2.0353937,1.4976885,1.9515986958333336,0.5309962797569111,21.041931,19.947021,21.019897,24.188207000000002,4.495645717535319
2024-12-23 02:00:00,0.0,-0.8058489,-1.2150823,0.08522834,96940.16,6.1890773e-07,19.402527,9.93927,1.4580183,-123.55255,54.275723,2,0,358,12,0,0.4999999999999999,0.8660254037844387,-2.4492935982947064e-16,1.0,dry_season,0.0,0.00061890774,8.522834,2024,,0.0,0.0,0.0,250.08873754166666,333.1690242339335,1.4184031,2.0979893,1.5308754,1.9258907541666668,0.5415929207680557,20.501678,19.18695,19.83316,24.21131770833333,4.474270008323182
2024-12-23 03:00:00,0.0,-0.87556493,-1.2246256,0.073431,96948.695,5.124118e-07,18.593689,9.628754,1.5054307,-125.563446,55.910797,3,0,358,12,0,0.7071067811865476,0.7071067811865476,-2.4492935982947064e-16,1.0,dry_season,0.0,0.0005124118,7.3431,2024,,0.0,0.0,0.0,250.08873754166666,333.1690242339335,1.4580183,2.134655,1.5419804,1.8992252958333333,0.5484622025681004,19.402527,18.412018,19.159271,24.22030008333334,4.4639492131495375
2024-12-23 04:00:00,0.0,-0.9600921,-1.2202339,0.066733025,96978.0,1.5513741e-06,18.608673,9.564117,1.5526582,-128.19601,55.61636,4,0,358,12,0,0.8660254037844386,0.5000000000000001,-2.4492935982947064e-16,1.0,dry_season,0.0,0.0015513741,6.6733027,2024,,0.0,0.0,0.0,250.08873754166666,333.1690242339335,1.5054307,2.135346,1.5228803,1.8730076166666665,0.5517481448575744,18.593689,18.310913,19.11554,24.227869708333333,4.453814269699322
2024-12-23 05:00:00,0.0,-1.0450803,-1.2210827,0.065557055,97010.984,1.4419136e-06,18.823334,9.612488,1.6072447,-130.559,55.052845,5,0,358,12,0,0.9659258262890684,0.2588190451025207,-2.4492935982947064e-16,1.0,dry_season,0.0,0.0014419135,6.5557055,2024,,0.0,0.0,0.0,250.08873754166666,333.1690242339335,1.5526582,2.1445231,1.5407817,1.8487289583333333,0.5525220356225156,18.608673,18.430481,19.365814,24.240276375000004,4.4369981841235715
2024-12-23 06:00:00,38850.785,-1.0838029,-1.2539679,0.061989695,97042.66,1.0136496e-06,18.775055,9.602905,1.6574271,-130.83682,55.183792,6,0,358,12,0,1.0,6.123233995736766e-17,-2.4492935982947064e-16,1.0,dry_season,10.791884,0.0010136496,6.1989694,2024,,0.0,11.269121,13.093788,250.08873754166666,333.1690242339335,1.6072447,2.163742,1.602824,1.8263423583333331,0.5508983348433608,18.823334,18.469696,19.75299,24.256645250000002,4.415304550080491
2024-12-23 07:00:00,491066.84,-1.2992517,-1.3535875,0.04932137,97107.44,2.4505462e-06,20.582428,9.341614,1.876234,-133.82661,48.464214,7,0,358,12,0,0.9659258262890684,-0.2588190451025206,-2.4492935982947064e-16,1.0,dry_season,136.40746,0.0024505462,4.932137,2024,,10.791884,138.41267,135.42712,250.06885266666666,333.18391159073985,1.6574271,2.3485844,1.8060753,1.8052459041666669,0.5470974330950947,18.775055,20.049316,20.990875,24.26936854166667,4.398310906444972
2024-12-23 08:00:00,1275689.9,-1.5538307,-1.4226669,0.052405514,97142.85,2.3045989e-06,23.3497,8.655884,2.1067443,-137.5232,39.079144,8,0,358,12,0,0.8660254037844387,-0.4999999999999998,-2.4492935982947064e-16,1.0,dry_season,354.3583,0.002304599,5.2405515,2024,,136.40746,357.29868,341.8497,249.98530225000002,333.2133783789196,1.876234,2.6645749,1.9837286,1.7855646375,0.5350654151148101,20.582428,22.676758,23.535797,24.291581541666663,4.377367871870913
2024-12-23 09:00:00,2037173.4,-1.8339362,-1.3930788,0.06384321,97121.55,2.4665092e-06,25.237274,8.27652,2.3030393,-142.77928,34.009056,9,0,358,12,0,0.7071067811865476,-0.7071067811865475,-2.4492935982947064e-16,1.0,dry_season,565.8815,0.0024665091,6.384321,2024,,354.3583,569.7068,544.44116,249.8627864166667,333.1727439774749,2.1067443,2.8690848,2.1931465,1.7623216958333334,0.506579178511128,23.3497,24.782867,25.592072,24.319620791666665,4.36872110999793
2024-12-23 10:00:00,2652816.8,-1.9700977,-1.3420486,0.10052058,97051.11,2.3283153e-06,28.489868,8.106537,2.383774,-145.73694,27.760628,10,0,358,12,0,0.4999999999999999,-0.8660254037844387,-2.4492935982947064e-16,1.0,dry_season,736.89355,0.0023283153,10.052058,2024,,565.8815,739.0922,703.94714,249.70339891666663,333.01395735097475,2.3030393,2.853942,2.351819,1.7387364666666665,0.4642159036762969,25.237274,28.033417,28.910889,24.338554416666668,4.371799658976141
2024-12-23 11:00:00,3031090.2,-1.8472594,-1.256203,0.13882387,96954.37,1.7846617e-06,29.53479,8.169403,2.2339234,-145.78288,26.241693,11,0,358,12,0,0.258819045102521,-0.9659258262890682,-2.4492935982947064e-16,1.0,dry_season,841.96954,0.0017846617,13.882387,2024,,736.89355,842.7979,795.99554,249.61178850000002,332.8737485209137,2.383774,2.6415243,2.2333007,1.7191461333333333,0.42321731544807795,28.489868,29.0979,29.90207,24.357573208333335,4.389529318880311
2024-12-23 12:00:00,3142514.8,-1.6114312,-1.2148293,0.17269343,96856.7,9.0624144e-07,30.265533,8.561401,2.0180488,-142.98802,25.838715,12,0,358,12,0,1.2246467991473532e-16,-1.0,-2.4492935982947064e-16,1.0,dry_season,872.9208,0.0009062414,17.269342,2024,,841.96954,872.574,817.8466,249.57727350000002,332.8096048431858,2.2339234,2.3661957,2.017999,1.7021627625000002,0.39159030969510616,29.53479,30.04776,30.459808,24.375776958333333,4.410896479569026
2024-12-23 13:00:00,2969220.0,-1.3924644,-1.2437598,0.25198734,96756.516,1.3839908e-06,30.828278,8.77182,1.8670553,-138.22853,25.377728,13,0,358,12,0,-0.2588190451025208,-0.9659258262890684,-2.4492935982947064e-16,1.0,dry_season,824.7833,0.0013839909,25.198734,2024,,872.9208,827.00635,770.4117,249.59172350000003,332.83783664340746,2.0180488,2.1607091,1.8406733,1.6876566416666667,0.3718743541017064,30.265533,30.520264,30.980316,24.38485083333333,4.423278524835969
2024-12-23 14:00:00,2532669.2,-1.2022525,-1.2744852,0.30877286,96674.74,8.897768e-06,31.453827,8.70285,1.7520627,-133.32947,24.374178,14,0,358,12,0,-0.4999999999999997,-0.8660254037844388,-2.4492935982947064e-16,1.0,dry_season,703.5192,0.008897767,30.877287,2024,,824.7833,706.2221,652.009,249.49909641666667,332.67042571861117,1.8670553,2.0236387,1.7436724,1.6754210666666667,0.36028337504450375,30.828278,30.773193,31.147064,24.39768475,4.442260210018192
2024-12-23 15:00:00,1888306.5,-1.0747608,-1.3045249,0.36744142,96651.875,3.1442519e-06,30.895294,9.180878,1.6902355,-129.48413,25.988447,15,0,358,12,0,-0.7071067811865471,-0.7071067811865479,-2.4492935982947064e-16,1.0,dry_season,524.5296,0.0031442519,36.74414,2024,,703.5192,526.04,476.03873,249.38647558333332,332.5095047645899,1.7520627,1.9429891,1.6278145,1.6641053999999997,0.3530636039493141,31.453827,30.329926,30.997253,24.4260445,4.486682119664462
2024-12-23 16:00:00,1109416.1,-0.8368351,-1.1276032,0.3658269,96665.375,3.7494772e-06,30.30072,9.11615,1.4042015,-126.58044,26.771551,16,0,358,12,0,-0.8660254037844384,-0.5000000000000004,-2.4492935982947064e-16,1.0,dry_season,308.17114,0.0037494772,36.58269,2024,,524.5296,308.96902,273.41986,249.32354224999997,332.4550050457519,1.6902355,1.7038448,1.2966937,1.6535739999999999,0.34811821509815366,30.895294,29.880005,30.487122,24.4496015,4.520385382475793
2024-12-23 17:00:00,356404.88,-0.45494506,-0.8650687,0.34044978,96719.1,3.999868e-07,27.743866,10.665955,0.9774041,-117.74016,34.443768,17,0,358,12,0,-0.9659258262890684,-0.2588190451025206,-2.4492935982947064e-16,1.0,dry_season,99.00135,0.00039998678,34.04498,2024,,308.17114,98.755356,85.5879,249.29029725,332.44882109939806,1.4042015,1.2038497,1.015224,1.6410888625,0.35159284204849656,30.30072,27.673065,27.85431,24.467131291666664,4.54311836317709
2024-12-23 18:00:00,14838.39,-0.48067364,-0.9355728,0.30787385,96788.766,3.0876973e-07,26.233612,10.775787,1.0518287,-117.19294,37.919132,18,0,358,12,0,-1.0,-1.8369701987210287e-16,-2.4492935982947064e-16,1.0,dry_season,4.1217747,0.00030876973,30.787384,2024,,99.00135,3.985504,2.9702916,249.30054699999997,332.44398191507884,0.9774041,1.2690454,1.0546914,1.6316536291666666,0.36655659287907444,27.743866,26.40149,25.649841,24.47008133333333,4.545313081305108
2024-12-23 19:00:00,0.0,-0.58988243,-0.96993494,0.26505494,96863.516,2.332192e-06,25.46817,11.03891,1.1352247,-121.30659,40.38034,19,0,358,12,0,-0.9659258262890684,0.2588190451025203,-2.4492935982947064e-16,1.0,dry_season,0.0,0.002332192,26.505493,2024,,4.1217747,0.0,0.0,249.30622494583335,332.43961104801855,1.0518287,1.3118207,1.0657563,1.6226029333333332,0.378389733599687,26.233612,25.365906,24.657623,24.463086416666666,4.542339752598754
2024-12-23 20:00:00,0.0,-0.6830682,-0.9703308,0.22359318,96927.695,5.105875e-07,24.040619,11.19455,1.186644,-125.143776,44.435074,20,0,358,12,0,-0.8660254037844386,0.5000000000000001,-2.4492935982947064e-16,1.0,dry_season,0.0,0.0005105875,22.359318,2024,,0.0,0.0,0.0,249.30622494583335,332.43961104801855,1.1352247,1.3246598,1.095172,1.6152447666666667,0.38632970286849416,25.46817,24.222046,23.657104,24.467347416666666,4.543271345375953
2024-12-23 21:00:00,0.0,-0.7741049,-0.9681125,0.20342454,96944.39,3.4411633e-07,22.756866,10.558868,1.2395483,-128.64589,46.03032,21,0,358,12,0,-0.7071067811865477,0.7071067811865474,-2.4492935982947064e-16,1.0,dry_season,0.0,0.00034411633,20.342455,2024,,0.0,0.0,0.0,249.30622494583335,332.43961104801855,1.186644,1.3201176,1.1077427,1.6094941083333334,0.39183126453530503,24.040619,23.52414,22.846588,24.459787958333333,4.543848143006351
2024-12-23 22:00:00,0.0,-0.90311223,-1.2250268,0.20174943,96975.484,3.0147237e-07,21.250122,10.076019,1.5219404,-126.398315,48.862995,22,0,358,12,0,-0.5000000000000004,0.8660254037844384,-2.4492935982947064e-16,1.0,dry_season,0.0,0.00030147238,20.174942,2024,,0.0,0.0,0.0,249.30622494583335,332.43961104801855,1.2395483,1.3752998,1.1509737,1.6061370541666664,0.39475257407386477,22.756866,21.853058,21.542603,24.427818208333335,4.553406576210779
2024-12-23 23:00:00,0.0,-0.94401276,-1.1883781,0.21187268,96966.56,4.2507148e-07,20.816345,9.831482,1.5176965,-128.46259,49.368504,23,0,358,12,0,-0.2588190451025215,0.965925826289068,-2.4492935982947064e-16,1.0,dry_season,0.0,0.00042507148,21.187267,2024,,0.0,0.0,0.0,249.30622494583335,332.43961104801855,1.5219404,1.3704318,1.1569949,1.6122470791666668,0.3921505888604262,21.250122,21.486847,21.27008,24.402695875000003,4.569863375435134
2024-12-24 00:00:00,0.0,-0.9831005,-1.1106536,0.22456722,96932.75,8.232339e-07,20.30188,9.829376,1.4832525,-131.51381,50.95371,0,1,359,12,0,0.0,1.0,-2.4492935982947064e-16,1.0,dry_season,0.0,0.0008232339,22.456722,2024,,0.0,0.0,0.0,249.30622494583335,332.43961104801855,1.5176965,1.376407,1.219036,1.6183831083333333,0.38934446033156617,20.816345,21.041931,20.711304,24.374758291666666,4.590467367247478
2024-12-24 01:00:00,0.0,-1.0185169,-1.1066225,0.24209584,96891.42,3.7380748e-06,20.284973,9.610413,1.5039914,-132.62595,50.263042,1,1,359,12,0,0.2588190451025207,0.9659258262890684,-2.4492935982947064e-16,1.0,dry_season,0.0,0.0037380748,24.209585,2024,,0.0,0.0,0.0,249.30622494583335,332.43961104801855,1.4832525,1.4184031,1.2528327,1.6228350041666666,0.3870614871645265,20.30188,20.501678,20.619263,24.343922833333334,4.6162414833764425
2024-12-24 02:00:00,0.0,-1.0391957,-1.0462573,0.2802321,96873.4,5.432432e-06,19.285156,9.504303,1.4746463,-134.80598,53.1012,2,1,359,12,0,0.4999999999999999,0.8660254037844387,-2.4492935982947064e-16,1.0,dry_season,0.0,0.005432432,28.02321,2024,,0.0,0.0,0.0,249.30622494583335,332.43961104801855,1.5039914,1.4580183,1.2997258,1.6264011833333332,0.38548714843835513,20.284973,19.402527,19.753906,24.334893458333337,4.6242886016214415
2024-12-24 03:00:00,0.0,-1.100173,-1.0191163,0.29101783,96871.76,5.8894293e-06,18.477875,9.315582,1.4996595,-137.19034,55.144604,3,1,359,12,0,0.7071067811865476,0.7071067811865476,-2.4492935982947064e-16,1.0,dry_season,0.0,0.0058894292,29.101784,2024,,0.0,0.0,0.0,249.30622494583335,332.43961104801855,1.4746463,1.5054307,1.3451989,1.6270940166666668,0.3851861823021317,19.285156,18.593689,18.92096,24.330002999999994,4.629790455187755
2024-12-24 04:00:00,0.0,-1.1194302,-0.9572266,0.2654186,96889.36,4.673278e-06,18.784271,9.373108,1.4728906,-139.46619,54.30653,4,1,359,12,0,0.8660254037844386,0.5000000000000001,-2.4492935982947064e-16,1.0,dry_season,0.0,0.004673278,26.541859,2024,,0.0,0.0,0.0,249.30622494583335,332.43961104801855,1.4996595,1.5526582,1.3869884,1.62685355,0.3852672303216696,18.477875,18.608673,19.02356,24.325177416666666,4.636085385357458
2024-12-24 05:00:00,0.0,-1.1616408,-0.94557697,0.2756388,96905.93,4.248662e-06,18.628143,9.305115,1.4978402,-140.85437,54.58936,5,1,359,12,0,0.9659258262890684,0.2588190451025207,-2.4492935982947064e-16,1.0,dry_season,0.0,0.0042486624,27.563879,2024,,0.0,0.0,0.0,249.30622494583335,332.43961104801855,1.4728906,1.6072447,1.4246302,1.6235299,0.386277879922525,18.784271,18.823334,19.35025,24.332493999999997,4.6268007234907005
2024-12-24 06:00:00,37538.863,-1.1803774,-0.9759763,0.32438952,96969.04,3.6917822e-06,18.982239,9.525452,1.5316072,-140.41489,54.19109,6,1,359,12,0,1.0,6.123233995736766e-17,-2.4492935982947064e-16,1.0,dry_season,10.427462,0.0036917822,32.438953,2024,,0.0,10.791884,11.218161,249.30622494583335,332.43961104801855,1.4978402,1.6574271,1.4854035,1.618971379166667,0.3871230442612174,18.628143,18.775055,19.822083,24.324361041666666,4.637065894122078
2024-12-24 07:00:00,486260.2,-1.3897196,-1.0386404,0.33315948,97014.05,3.7364787e-06,20.229279,9.341461,1.7349623,-143.2265,49.53266,7,1,359,12,0,0.9659258262890684,-0.2588190451025206,-2.4492935982947064e-16,1.0,dry_season,135.07228,0.0037364787,33.31595,2024,,10.427462,136.40746,126.40135,249.29104069583335,332.450987029776,1.5316072,1.876234,1.6752297,1.613728883333333,0.3874314429783626,18.982239,20.582428,21.04181,24.332993708333333,4.626466509031942
2024-12-24 08:00:00,1262301.9,-1.5693053,-1.0271904,0.34038627,97072.32,4.043652e-06,23.746246,9.561798,1.8755904,-146.7932,40.558613,8,1,359,12,0,0.8660254037844387,-0.4999999999999998,-2.4492935982947064e-16,1.0,dry_season,350.6394,0.004043652,34.038628,2024,,135.07228,354.3583,330.05804,249.23540819583332,332.4708094474932,1.7349623,2.1067443,1.8025119,1.6078425625000001,0.38433052259064876,20.229279,23.3497,23.735931,24.318279166666667,4.639457235452631
2024-12-24 09:00:00,2037221.1,-1.8497957,-0.97202915,0.33439067,97065.414,5.657738e-06,25.57608,9.662903,2.0896375,-152.279,36.600124,9,1,359,12,0,0.7071067811865476,-0.7071067811865475,-2.4492935982947064e-16,1.0,dry_season,565.8948,0.0056577376,33.439068,2024,,350.6394,565.8815,535.161,249.08045402916665,332.4205476181286,1.8755904,2.3030393,2.0248687,1.59821115,0.37404303902114144,23.746246,25.237274,25.33548,24.334801916666667,4.636563023460099
2024-12-24 10:00:00,2640916.2,-1.97817,-1.0605285,0.33933356,97029.54,5.6472477e-06,29.4068,9.140961,2.2445216,-151.80353,28.232851,10,1,359,12,0,0.4999999999999999,-0.8660254037844387,-2.4492935982947064e-16,1.0,dry_season,733.5878,0.0056472477,33.933357,2024,,565.8948,736.89355,701.7524,249.08100819583333,332.42109871878404,2.0896375,2.383774,2.2595685,1.5893194083333333,0.35878467011317294,25.57608,28.489868,28.762299,24.348918833333332,4.639944789517864
2024-12-24 11:00:00,3032199.2,-1.8722641,-0.9136547,0.34658757,96938.086,4.78251e-06,30.137299,9.247314,2.0832999,-153.98787,27.263912,11,1,359,12,0,0.258819045102521,-0.9659258262890682,-2.4492935982947064e-16,1.0,dry_season,842.2776,0.00478251,34.658756,2024,,733.5878,841.96954,800.93097,248.9432686125,332.21080251777397,2.2445216,2.2339234,2.1386948,1.5835172249999998,0.3462866338792788,29.4068,29.53479,30.098267,24.387124333333333,4.679133541096278
2024-12-24 12:00:00,3136002.2,-1.6394303,-0.83860505,0.35731247,96804.82,4.161322e-06,30.897522,9.45929,1.8414642,-152.90924,26.476723,12,1,359,12,0,1.2246467991473532e-16,-1.0,-2.4492935982947064e-16,1.0,dry_season,871.11176,0.004161322,35.731247,2024,,842.2776,872.9208,829.2962,248.95610444583335,332.2347169522372,2.0832999,2.0180488,1.9571599,1.5772412458333331,0.3351729711969734,30.137299,30.265533,30.971985,24.412228875,4.709470602407277
2024-12-24 13:00:00,2976325.2,-1.4086617,-0.8750186,0.35931867,96706.69,4.86643e-06,31.53656,9.464142,1.6583079,-148.15268,25.537794,13,1,359,12,0,-0.2588190451025208,-0.9659258262890684,-2.4492935982947064e-16,1.0,dry_season,826.757,0.00486643,35.931866,2024,,871.11176,824.7833,785.50946,248.88072777916668,332.08717075178555,1.8414642,1.8670553,1.8227483,1.569883554166667,0.32691206030271613,30.897522,30.828278,31.31546,24.43856175,4.745253110093858
2024-12-24 14:00:00,2558788.0,-1.1937149,-0.9352269,0.3725771,96661.914,4.1248354e-06,32.346222,9.531738,1.5164447,-141.92274,24.502756,14,1,359,12,0,-0.4999999999999997,-0.8660254037844388,-2.4492935982947064e-16,1.0,dry_season,710.7744,0.0041248356,37.25771,2024,,826.757,703.5192,664.22437,248.96296527916664,332.23619789995456,1.6583079,1.7520627,1.738332,1.5611857458333331,0.3213921187908844,31.53656,31.453827,31.296295,24.4680735,4.788723282580021
2024-12-24 15:00:00,1911261.9,-1.0736953,-1.0389637,0.34156236,96629.61,5.10291e-06,32.163574,9.743317,1.4940773,-135.94183,25.111528,15,1,359,12,0,-0.7071067811865471,-0.7071067811865479,-2.4492935982947064e-16,1.0,dry_season,530.90607,0.00510291,34.156235,2024,,710.7744,524.5296,487.37094,249.26526527916667,332.6707952938893,1.5164447,1.6902355,1.6891608,1.5513683291666667,0.3188969543224226,32.346222,30.895294,31.055054,24.505256625,4.848416663847513
2024-12-24 16:00:00,1133529.0,-0.8042068,-0.9295425,0.30741847,96650.195,2.2904603e-06,31.62973,9.858154,1.2291452,-130.86517,26.083773,16,1,359,12,0,-0.8660254037844384,-0.5000000000000004,-2.4492935982947064e-16,1.0,dry_season,314.86917,0.0022904603,30.741846,2024,,530.90607,308.17114,278.6635,249.53095152916669,332.9026577745902,1.4940773,1.4042015,1.3417771,1.5431950708333335,0.3176945532778578,32.163574,30.30072,29.99472,24.558101625000003,4.927361673747397
2024-12-24 17:00:00,365135.03,-0.42137188,-0.817993,0.24991512,96699.76,1.3050881e-06,28.543213,11.528168,0.920145,-117.2543,34.811626,17,1,359,12,0,-0.9659258262890684,-0.2588190451025206,-2.4492935982947064e-16,1.0,dry_season,101.4264,0.001305088,24.991512,2024,,314.86917,99.00135,86.26373,249.8100361125,332.95675861693536,1.2291452,0.9774041,1.0518174,1.5359010583333335,0.3229899256062912,31.62973,27.743866,27.655823,24.61347704166667,5.001613687691439
2024-12-24 18:00:00,15464.065,-0.40477127,-0.933002,0.20580232,96780.34,1.3766934e-06,26.968475,11.52948,1.0170214,-113.453,38.172794,18,1,359,12,0,-1.0,-1.8369701987210287e-16,-2.4492935982947064e-16,1.0,dry_season,4.2955737,0.0013766934,20.580233,2024,,101.4264,4.1217747,3.071313,249.91107986250003,332.90936683590115,0.920145,1.0518287,1.1103586,1.5335152625000001,0.3274750159323169,28.543213,26.233612,26.14566,24.646783166666665,5.0259676748619535
2024-12-24 19:00:00,0.0,-0.46429563,-0.9506879,0.19430065,96870.805,1.7057589e-06,25.655731,11.364349,1.0580065,-116.029884,40.804005,19,1,359,12,0,-0.9659258262890684,0.2588190451025203,-2.4492935982947064e-16,1.0,dry_season,0.0,0.0017057589,19.430065,2024,,4.2955737,0.0,0.0,249.91832148749998,332.90378967891814,1.0170214,1.1352247,1.1944156,1.5320649583333334,0.3297700690212156,26.968475,25.46817,25.306976,24.677402458333333,5.038278695104694
2024-12-24 20:00:00,0.0,-0.5141688,-0.9098908,0.17460811,96932.055,1.7919591e-06,24.183868,11.372406,1.0451176,-119.47029,44.576706,20,1,359,12,0,-0.8660254037844386,0.5000000000000001,-2.4492935982947064e-16,1.0,dry_season,0.0,0.0017919592,17.460812,2024,,0.0,0.0,0.0,249.91832148749998,332.90378967891814,1.0580065,1.186644,1.2620453,1.5288475333333331,0.33415771147820555,25.655731,24.040619,23.873108,24.685217500000004,5.039703875242166
2024-12-24 21:00:00,0.0,-0.59035236,-0.89680535,0.17275456,96973.734,8.6017684e-07,23.118683,11.130127,1.073674,-123.356255,46.775772,21,1,359,12,0,-0.7071067811865477,0.7071067811865474,-2.4492935982947064e-16,1.0,dry_season,0.0,0.00086017686,17.275455,2024,,0.0,0.0,0.0,249.91832148749998,332.90378967891814,1.0451176,1.2395483,1.3136405,1.5229506,0.34162453771325096,24.183868,22.756866,23.248169,24.691186208333335,5.038992038340083
2024-12-24 22:00:00,0.0,-0.63175315,-0.95641357,0.21225095,96959.97,8.385128e-07,21.585327,10.892242,1.1462282,-123.44651,50.54741,22,1,359,12,0,-0.5000000000000004,0.8660254037844384,-2.4492935982947064e-16,1.0,dry_season,0.0,0.0008385128,21.225094,2024,,0.0,0.0,0.0,249.91832148749998,332.90378967891814,1.073674,1.5219404,1.5245874,1.5160391708333334,0.3492012401520925,23.118683,21.250122,21.097626,24.706261916666666,5.033491547108745
2024-12-24 23:00:00,0.0,-0.6482115,-0.92330325,0.23972338,96940.0,9.377113e-07,21.23236,11.089966,1.1281254,-125.07103,52.336193,23,1,359,12,0,-0.2588190451025215,0.965925826289068,-2.4492935982947064e-16,1.0,dry_season,0.0,0.00093771133,23.972338,2024,,0.0,0.0,0.0,249.91832148749998,332.90378967891814,1.1462282,1.5176965,1.5227013,1.5003844958333332,0.35725391762265635,21.585327,20.816345,20.882874,24.720228791666667,5.023940530425978
2024-12-25 00:00:00,0.0,-0.6613793,-0.879587,0.2594387,96927.28,8.5333556e-07,20.75824,10.820587,1.100498,-126.94024,52.928787,0,2,360,12,0,0.0,1.0,-2.4492935982947064e-16,1.0,dry_season,0.0,0.00085333554,25.943869,2024,,0.0,0.0,0.0,249.91832148749998,332.90378967891814,1.1281254,1.4832525,1.6053563,1.4841523666666665,0.36519511632005835,21.23236,20.30188,20.662903,24.73756275,5.010585374494579
2024-12-25 01:00:00,0.0,-0.6819108,-0.90121967,0.29564658,96882.46,1.213871e-06,20.315033,10.719696,1.1301324,-127.113075,54.03255,1,2,360,12,0,0.2588190451025207,0.9659258262890684,-2.4492935982947064e-16,1.0,dry_season,0.0,0.001213871,29.564657,2024,,0.0,0.0,0.0,249.91832148749998,332.90378967891814,1.100498,1.5039914,1.6963162,1.4682042624999998,0.3734991725326135,20.75824,20.284973,20.167938,24.75657775,4.993858243934971
2024-12-25 02:00:00,0.0,-0.6927971,-0.928837,0.31714934,96871.5,2.251465e-06,19.516052,10.546997,1.158752,-126.71837,56.12746,2,2,360,12,0,0.4999999999999999,0.8660254037844387,-2.4492935982947064e-16,1.0,dry_season,0.0,0.002251465,31.714933,2024,,0.0,0.0,0.0,249.91832148749998,332.90378967891814,1.1301324,1.4746463,1.7282705,1.4526268041666668,0.3796866915089501,20.315033,19.285156,19.280975,24.757830249999998,4.992691601199295
2024-12-25 03:00:00,0.0,-0.7527004,-0.93672425,0.3248266,96881.164,3.8584813e-06,18.506927,9.59668,1.2016698,-128.78345,56.094593,3,2,360,12,0,0.7071067811865476,0.7071067811865476,-2.4492935982947064e-16,1.0,dry_season,0.0,0.0038584813,32.48266,2024,,0.0,0.0,0.0,249.91832148749998,332.90378967891814,1.158752,1.4996595,1.7836612,1.4394645416666665,0.38433710768676593,19.516052,18.477875,18.608734,24.767450916666665,4.981898324979131
2024-12-25 04:00:00,0.0,-0.8283847,-0.9398289,0.3209808,96904.39,3.1757218e-06,18.694885,9.543457,1.2527966,-131.39362,55.24024,4,2,360,12,0,0.8660254037844386,0.5000000000000001,-2.4492935982947064e-16,1.0,dry_season,0.0,0.0031757217,32.09808,2024,,0.0,0.0,0.0,249.91832148749998,332.90378967891814,1.2016698,1.4728906,1.8230299,1.4270483041666664,0.3871112793165077,18.506927,18.784271,18.38739,24.76866141666667,4.980306916079715
2024-12-25 05:00:00,0.0,-0.86874264,-0.9442771,0.29012814,96964.03,3.2655705e-06,18.871307,9.494629,1.2831107,-132.6143,54.455048,5,2,360,12,0,0.9659258262890684,0.2588190451025207,-2.4492935982947064e-16,1.0,dry_season,0.0,0.0032655706,29.012814,2024,,0.0,0.0,0.0,249.91832148749998,332.90378967891814,1.2527966,1.4978402,1.8631009,1.4178777208333333,0.38858226308024507,18.694885,18.628143,18.492096,24.764937000000003,4.985007997429105
2024-12-25 06:00:00,36065.086,-0.929971,-1.018252,0.2665823,96990.0,3.117571e-06,19.357971,9.6586,1.3790153,-132.4055,53.411655,6,2,360,12,0,1.0,6.123233995736766e-17,-2.4492935982947064e-16,1.0,dry_season,10.01808,0.003117571,26.658232,2024,,0.0,10.427462,12.569807,249.91832148749998,332.90378967891814,1.2831107,1.5316072,1.9767603,1.4089306583333334,0.38913275831876376,18.871307,18.982239,18.580017,24.775068833333336,4.972223626320797
2024-12-25 07:00:00,470320.06,-1.1054547,-1.1277949,0.26511613,97057.51,3.2580451e-06,20.89441,9.800446,1.579225,-134.42686,49.029655,7,2,360,12,0,0.9659258262890684,-0.2588190451025206,-2.4492935982947064e-16,1.0,dry_season,130.64445,0.003258045,26.511612,2024,,10.01808,135.07228,141.0214,249.90126390416665,332.91660467059233,1.3790153,1.7349623,2.1688747,1.4025726625,0.388286884014687,19.357971,20.229279,21.15451,24.79072433333333,4.953748551476624
2024-12-25 08:00:00,1245908.0,-1.2671714,-1.2024056,0.26126522,97108.38,3.0870133e-06,24.158112,9.768707,1.746855,-136.50226,40.11956,8,2,360,12,0,0.8660254037844387,-0.4999999999999998,-2.4492935982947064e-16,1.0,dry_season,346.08554,0.0030870133,26.126522,2024,,130.64445,350.6394,357.82993,249.7167709875,332.9842263870202,1.579225,1.8755904,2.5178556,1.3960836083333332,0.3837654847917658,20.89441,23.746246,23.39148,24.818438125,4.928918290854192
2024-12-25 09:00:00,2004593.1,-1.5316283,-1.2594627,0.25257954,97117.52,4.3508253e-06,25.709595,9.456451,1.9829602,-140.56943,35.810825,9,2,360,12,0,0.7071067811865476,-0.7071067811865475,-2.4492935982947064e-16,1.0,dry_season,556.8314,0.004350825,25.257954,2024,,346.08554,565.8948,571.5843,249.52702682083336,332.92550962410127,1.746855,2.0896375,2.8060346,1.3907196333333334,0.3776224282206883,24.158112,25.57608,25.331268,24.835599208333335,4.925738891753191
2024-12-25 10:00:00,2630327.0,-1.595105,-1.4860196,0.2302848,97068.836,5.590009e-06,29.908844,9.738861,2.1800492,-137.02766,28.552542,10,2,360,12,0,0.4999999999999999,-0.8660254037844387,-2.4492935982947064e-16,1.0,dry_season,730.64636,0.005590009,23.028479,2024,,556.8314,733.5878,742.4067,249.14938515416668,332.5559822892176,1.9829602,2.2445216,2.9099998,1.3862747458333333,0.3695801729021085,25.709595,29.4068,29.293488,24.84116233333333,4.926686855520208
2024-12-25 11:00:00,3011308.0,-1.609205,-1.4522256,0.23846552,96990.64,4.651614e-06,30.663239,9.882996,2.1676023,-137.93535,27.608076,11,2,360,12,0,0.258819045102521,-0.9659258262890682,-2.4492935982947064e-16,1.0,dry_season,836.4744,0.004651614,23.846552,2024,,730.64636,842.2776,846.2104,249.02682515416666,332.3701753545825,2.1800492,2.0832999,2.8333054,1.3835883958333335,0.36325075915555316,29.908844,30.137299,29.790588,24.862080833333334,4.947935211554978
2024-12-25 12:00:00,3114761.8,-1.4944493,-1.4118723,0.22903612,96859.58,5.4139605e-06,31.241913,9.593384,2.055909,-136.62749,26.196407,12,2,360,12,0,1.2246467991473532e-16,-1.0,-2.4492935982947064e-16,1.0,dry_season,865.2116,0.0054139607,22.903612,2024,,836.4744,871.11176,872.82263,248.78502515416665,331.9216275898597,2.1676023,1.8414642,2.731706,1.3871009958333334,0.3706434542953772,30.663239,30.897522,30.35736,24.883995,4.973413793711721
2024-12-25 13:00:00,2963862.0,-1.3035586,-1.4623215,0.23335887,96768.46,3.950611e-06,31.741455,9.565979,1.9589919,-131.7148,25.415485,13,2,360,12,0,-0.2588190451025208,-0.9659258262890684,-2.4492935982947064e-16,1.0,dry_season,823.295,0.0039506108,23.335888,2024,,865.2116,826.757,828.00385,248.53918515416663,331.4424958060101,2.055909,1.6583079,2.6110065,1.3960361958333334,0.38440259878075006,31.241913,31.53656,30.768127,24.898344625000004,4.991980969486172
2024-12-25 14:00:00,2553723.2,-1.1223483,-1.5063014,0.24771738,96681.37,3.34721e-06,32.27899,9.488098,1.8784595,-126.689865,24.524061,14,2,360,12,0,-0.4999999999999997,-0.8660254037844388,-2.4492935982947064e-16,1.0,dry_season,709.36755,0.00334721,24.771738,2024,,823.295,710.7744,705.1662,248.39493515416666,331.18055304839896,1.9589919,1.5164447,2.4945576,1.4085646958333333,0.39798234565331225,31.741455,32.346222,31.079407,24.906881916666666,5.003988013855196
2024-12-25 15:00:00,1914711.5,-0.99781394,-1.5395513,0.2680065,96655.8,2.8113097e-06,32.302734,9.7152405,1.8346255,-122.948074,24.86765,15,2,360,12,0,-0.7071067811865471,-0.7071067811865479,-2.4492935982947064e-16,1.0,dry_season,531.8643,0.0028113096,26.80065,2024,,709.36755,530.90607,521.9498,248.33631640416664,331.09526739885183,1.8784595,1.4940773,2.397302,1.4236486458333333,0.4089579126815087,32.27899,32.163574,30.66391,24.904080583333336,4.999659194307603
2024-12-25 16:00:00,1132715.4,-0.7701418,-1.3496723,0.26171154,96666.914,2.0970801e-06,31.78772,9.507385,1.5539414,-119.70967,25.24919,16,2,360,12,0,-0.8660254037844384,-0.5000000000000004,-2.4492935982947064e-16,1.0,dry_season,314.64316,0.0020970802,26.171154,2024,,531.8643,314.86917,304.59756,248.37624265416665,331.13087940100286,1.8346255,1.2291452,2.0638382,1.4378381541666665,0.4173300631885469,32.302734,31.62973,29.995392,24.909878916666667,5.008517259452728
2024-12-25 17:00:00,370877.8,-0.4315415,-1.0490735,0.2710412,96706.3,2.9235068e-07,29.799957,10.261902,1.1343646,-112.360054,29.756142,17,2,360,12,0,-0.9659258262890684,-0.2588190451025206,-2.4492935982947064e-16,1.0,dry_season,103.021614,0.00029235068,27.104122,2024,,314.64316,101.4264,94.10632,248.3668255708333,331.12890938854065,1.5539414,0.920145,1.4792361,1.4513713291666666,0.4155306962188238,31.78772,28.543213,27.410095,24.91646183333333,5.017828638009424
2024-12-25 18:00:00,16238.187,-0.4363511,-1.0531404,0.2837946,96757.07,1.2337107e-07,27.831665,9.996094,1.1399592,-112.50585,32.7683,18,2,360,12,0,-1.0,-1.8369701987210287e-16,-2.4492935982947064e-16,1.0,dry_season,4.5106072,0.00012337106,28.379461,2024,,103.021614,4.2955737,3.3052723,248.43329282083332,331.0982904362498,1.1343646,1.0170214,1.5236894,1.4602971458333334,0.4058106346327265,29.799957,26.968475,26.064972,24.96882616666667,5.063669789641063
2024-12-25 19:00:00,0.0,-0.51369804,-0.99445075,0.26035637,96853.55,1.5552509e-07,25.971832,10.084351,1.1192936,-117.31927,36.774837,19,2,360,12,0,-0.9659258262890684,0.2588190451025203,-2.4492935982947064e-16,1.0,dry_season,0.0,0.0001555251,26.035637,2024,,4.5106072,0.0,0.0,248.44225255,331.0913995128628,1.1399592,1.0580065,1.6106024,1.4654195541666664,0.40071596317248487,27.831665,25.655731,25.111115,25.00479241666667,5.081524484570659
2024-12-25 20:00:00,0.0,-0.58404815,-0.94323933,0.2850998,96908.164,3.352227e-08,24.154358,9.952576,1.10942,-121.76553,40.626232,20,2,360,12,0,-0.8660254037844386,0.5000000000000001,-2.4492935982947064e-16,1.0,dry_season,0.0,3.352227e-05,28.509981,2024,,0.0,0.0,0.0,248.44225255,331.0913995128628,1.1192936,1.0451176,1.719812,1.4679731833333334,0.3981941184443827,25.971832,24.183868,23.685364,25.017963291666664,5.083694207089098
2024-12-25 21:00:00,0.0,-0.65952975,-0.8758741,0.29850838,96921.555,2.7137075e-08,23.065094,9.835541,1.0964192,-126.97961,43.0456,21,2,360,12,0,-0.7071067811865477,0.7071067811865474,-2.4492935982947064e-16,1.0,dry_season,0.0,2.7137075e-05,29.850838,2024,,0.0,0.0,0.0,248.44225255,331.0913995128628,1.10942,1.073674,1.7819201,1.4706524500000002,0.39543196220195703,24.154358,23.118683,22.92926,25.016733708333334,5.083908283716758
2024-12-25 22:00:00,0.0,-0.71320647,-1.059408,0.30560374,96902.95,1.0444353e-07,21.602844,8.337097,1.2771095,-123.94893,42.53108,22,2,360,12,0,-0.5000000000000004,0.8660254037844384,-2.4492935982947064e-16,1.0,dry_season,0.0,0.00010444353,30.560375,2024,,0.0,0.0,0.0,248.44225255,331.0913995128628,1.0964192,1.1462282,2.097656,1.4716001666666667,0.39446524751576545,23.065094,21.585327,21.425201,25.014500833333333,5.084789852691573
2024-12-25 23:00:00,0.0,-0.6679696,-1.0658203,0.2890818,96886.79,4.0089895e-07,21.163452,8.477631,1.2578379,-122.07614,44.11098,23,2,360,12,0,-0.2588190451025215,0.965925826289068,-2.4492935982947064e-16,1.0,dry_season,0.0,0.00040089895,28.90818,2024,,0.0,0.0,0.0,248.44225255,331.0913995128628,1.2771095,1.1281254,2.1249244,1.4770535541666667,0.39065781094083835,21.602844,21.23236,20.879822,25.015230708333334,5.084277456437131
2024-12-26 00:00:00,0.0,-0.6332184,-1.0916523,0.29105496,96843.95,6.859523e-07,20.696869,8.510895,1.2620103,-120.11609,45.49823,0,3,361,12,0,0.0,1.0,-2.4492935982947064e-16,1.0,dry_season,0.0,0.00068595225,29.105495,2024,,0.0,0.0,0.0,248.44225255,331.0913995128628,1.2578379,1.100498,2.1886313,1.4824582416666667,0.38649566460604906,21.163452,20.75824,20.539032,25.012359541666665,5.086525539272541
2024-12-26 01:00:00,0.0,-0.60426784,-1.1366658,0.2951747,96811.24,9.3611504e-07,20.343933,8.454681,1.287303,-117.99574,46.32349,1,3,361,12,0,0.2588190451025207,0.9659258262890684,-2.4492935982947064e-16,1.0,dry_season,0.0,0.00093611504,29.51747,2024,,0.0,0.0,0.0,248.44225255,331.0913995128628,1.2620103,1.1301324,2.2651289,1.4891879208333334,0.38092173190563855,20.696869,20.315033,20.178345,25.00980241666667,5.088772107918431
2024-12-26 02:00:00,0.0,-0.60767055,-1.1679,0.3289484,96788.63,1.262216e-06,19.543396,8.401611,1.316531,-117.488434,48.50569,2,3,361,12,0,0.4999999999999999,0.8660254037844387,-2.4492935982947064e-16,1.0,dry_season,0.0,0.001262216,32.89484,2024,,0.0,0.0,0.0,248.44225255,331.0913995128628,1.287303,1.158752,2.310841,1.4957366958333331,0.37579705401793073,20.343933,19.516052,19.315521,25.011006583333337,5.087616161531918
2024-12-26 03:00:00,0.0,-0.66467804,-1.1703426,0.34938478,96798.02,1.3771495e-06,18.935883,8.394531,1.3459193,-119.593735,50.353413,3,3,361,12,0,0.7071067811865476,0.7071067811865476,-2.4492935982947064e-16,1.0,dry_season,0.0,0.0013771495,34.938477,2024,,0.0,0.0,0.0,248.44225255,331.0913995128628,1.316531,1.2016698,2.3415365,1.5023108208333333,0.3709949918167557,19.543396,18.506927,18.225128,25.012145916666665,5.086335005923094
2024-12-26 04:00:00,0.0,-0.6824623,-1.159911,0.3503099,96851.79,1.7094076e-06,18.690063,8.354889,1.3457892,-120.47148,50.9961,4,3,361,12,0,0.8660254037844386,0.5000000000000001,-2.4492935982947064e-16,1.0,dry_season,0.0,0.0017094075,35.03099,2024,,0.0,0.0,0.0,248.44225255,331.0913995128628,1.3459193,1.2527966,2.3377101,1.5083212166666666,0.36706022599714566,18.935883,18.694885,18.205444,25.03001908333333,5.063183043791764
2024-12-26 05:00:00,0.0,-0.7492127,-1.1515803,0.35740688,96887.51,2.101869e-06,18.53714,8.073151,1.3738475,-123.04784,50.511135,5,3,361,12,0,0.9659258262890684,0.2588190451025207,-2.4492935982947064e-16,1.0,dry_season,0.0,0.002101869,35.74069,2024,,0.0,0.0,0.0,248.44225255,331.0913995128628,1.3457892,1.2831107,2.3347564,1.5121959083333334,0.3647290434290586,18.690063,18.871307,17.951447,25.02981816666666,5.063445452755051
2024-12-26 06:00:00,35634.473,-0.7768632,-1.1613908,0.29917973,96961.04,3.106853e-06,18.568756,7.8861084,1.3972634,-123.77887,49.773743,6,3,361,12,0,1.0,6.123233995736766e-17,-2.4492935982947064e-16,1.0,dry_season,9.898464,0.003106853,29.917973,2024,,0.0,10.01808,12.505846,248.44225255,331.0913995128628,1.3738475,1.3790153,2.3757339,1.5159766083333335,0.3627158744663254,18.53714,19.357971,17.869995,25.015894541666665,5.081543730649394
2024-12-26 07:00:00,476848.56,-0.94614524,-1.2714163,0.26931098,97025.695,2.8648997e-06,20.493011,8.277496,1.5848312,-126.65538,45.35056,7,3,361,12,0,0.9659258262890684,-0.2588190451025206,-2.4492935982947064e-16,1.0,dry_season,132.45793,0.0028648996,26.931099,2024,,9.898464,130.64445,144.20338,248.43726854999997,331.0951454954714,1.3972634,1.579225,2.54379,1.5167369458333335,0.36243530635343674,18.568756,20.89441,19.043823,24.983010583333336,5.122140932514666
2024-12-26 08:00:00,1253997.5,-1.1331445,-1.2906373,0.22518414,97080.234,2.9971643e-06,24.38034,8.639954,1.7174869,-131.28226,36.688972,8,3,361,12,0,0.8660254037844387,-0.4999999999999998,-2.4492935982947064e-16,1.0,dry_season,348.33264,0.0029971644,22.518414,2024,,132.45793,346.08554,363.58258,248.51283021666666,331.06730009131536,1.5848312,1.746855,3.0610716,1.5169705375,0.3624791352724047,20.493011,24.158112,21.81009,24.966285625,5.136706210738975
2024-12-26 09:00:00,2025657.9,-1.4606228,-1.3041666,0.18346336,97091.61,5.369948e-06,26.288788,8.041901,1.958129,-138.23885,31.446434,9,3,361,12,0,0.7071067811865476,-0.7071067811865475,-2.4492935982947064e-16,1.0,dry_season,562.68274,0.005369948,18.346336,2024,,348.33264,556.8314,574.9227,248.60645938333332,331.0964108705275,1.7174869,1.9829602,3.2732666,1.5157468666666665,0.36171811324409797,24.38034,25.709595,23.42868,24.975545124999996,5.135386171256154
2024-12-26 10:00:00,2649545.2,-1.7357751,-1.3207381,0.27813366,97057.25,5.694225e-06,29.98291,7.222687,2.1811154,-142.73277,23.974068,10,3,361,12,0,0.4999999999999999,-0.8660254037844387,-2.4492935982947064e-16,1.0,dry_season,735.9848,0.005694225,27.813366,2024,,562.68274,730.64636,742.1104,248.85026521666666,331.3353112547157,1.958129,2.1800492,3.236165,1.5147122333333332,0.3603565752915642,26.288788,29.908844,26.573547,24.99967816666667,5.140344244449828
2024-12-26 11:00:00,3029712.0,-1.6994994,-1.1915637,0.2622675,96986.4,5.707679e-06,30.725769,7.130371,2.0756016,-144.96468,22.82903,11,3,361,12,0,0.258819045102521,-0.9659258262890682,-2.4492935982947064e-16,1.0,dry_season,841.5867,0.005707679,26.22675,2024,,735.9848,836.4744,842.46875,249.07270021666668,331.67443608560325,2.1811154,2.1676023,3.0209816,1.5147566583333332,0.3604422202474594,29.98291,30.663239,27.541718,25.00276425,5.143440979982877
2024-12-26 12:00:00,3147565.0,-1.5097303,-1.1132091,0.2593805,96877.055,1.1238625e-05,31.419281,7.0599976,1.8757719,-143.59656,21.837553,12,3,361,12,0,1.2246467991473532e-16,-1.0,-2.4492935982947064e-16,1.0,dry_season,874.3236,0.011238625,25.93805,2024,,841.5867,865.2116,873.71704,249.28571271666667,332.06949375873893,2.0756016,2.055909,2.760106,1.5109232958333332,0.3536219185776072,30.725769,31.241913,28.654083,25.005369666666667,5.146447925264135
2024-12-26 13:00:00,2978644.2,-1.2559687,-1.0869529,0.26665214,96801.87,1.6587821e-05,31.779236,7.2533875,1.6610008,-139.1261,21.680433,13,3,361,12,0,-0.2588190451025208,-0.9659258262890684,-2.4492935982947064e-16,1.0,dry_season,827.4012,0.016587822,26.665215,2024,,874.3236,823.295,823.9324,249.66537938333332,332.8087074366767,1.8757719,1.9589919,2.5123692,1.5034175833333334,0.34331299186392156,31.419281,31.741455,29.086853,25.01276,5.155911671276632
2024-12-26 14:00:00,2541346.2,-1.0193003,-1.1459639,0.26286888,96726.26,1.0030912e-05,32.32065,6.987488,1.5336905,-131.65211,20.645866,14,3,361,12,0,-0.4999999999999997,-0.8660254037844388,-2.4492935982947064e-16,1.0,dry_season,705.9295,0.010030911,26.286888,2024,,827.4012,709.36755,703.5244,249.83647105,333.11733514396826,1.6610008,1.8784595,2.3210852,1.4910012874999998,0.3312986440289189,31.779236,32.27899,29.363495,25.014334208333334,5.158060725515971
2024-12-26 15:00:00,1912876.9,-0.85073787,-1.1756563,0.23571853,96711.84,8.292543e-06,31.97409,7.249481,1.4511797,-125.89055,21.436333,15,3,361,12,0,-0.7071067811865471,-0.7071067811865479,-2.4492935982947064e-16,1.0,dry_season,531.3547,0.008292543,23.571854,2024,,705.9295,531.8643,522.58813,249.69321896666668,332.91180464244405,1.5336905,1.8346255,2.1932576,1.4766359125,0.32108497939025876,32.32065,32.302734,28.855743,25.016070041666666,5.16061815756299
2024-12-26 16:00:00,1130948.0,-0.58678603,-1.0475812,0.19562489,96725.22,2.9905511e-06,31.69815,7.1708374,1.2007266,-119.25468,21.657776,16,3,361,12,0,-0.8660254037844384,-0.5000000000000004,-2.4492935982947064e-16,1.0,dry_season,314.15222,0.002990551,19.562489,2024,,531.3547,314.64316,303.99908,249.67198563333332,332.8930408275508,1.4511797,1.5539414,1.9976507,1.4606590041666667,0.31190600363417637,31.97409,31.78772,28.400269,25.002376541666663,5.140840755465046
2024-12-26 17:00:00,374795.94,-0.29218635,-0.9503048,0.16882479,96782.195,1.1420375e-06,28.285034,8.762482,0.9942093,-107.09087,29.370975,17,3,361,12,0,-0.9659258262890684,-0.2588190451025206,-2.4492935982947064e-16,1.0,dry_season,104.109985,0.0011420375,16.882479,2024,,314.15222,103.021614,94.71106,249.65152980000002,332.8888899112107,1.2007266,1.1343646,1.4278382,1.4459417208333332,0.3156241610884619,31.69815,29.799957,25.929016,24.998644458333334,5.1357306179999505
2024-12-26 18:00:00,16763.348,-0.31851366,-1.0281448,0.15200421,96841.87,5.865257e-07,26.94519,8.570648,1.0763516,-107.212685,31.357618,18,3,361,12,0,-1.0,-1.8369701987210287e-16,-2.4492935982947064e-16,1.0,dry_season,4.6564856,0.0005865257,15.200421,2024,,104.109985,4.5106072,3.4525619,249.69687859166666,332.86811981194876,0.9942093,1.1399592,1.4602921,1.4401019166666666,0.32285354417892353,28.285034,27.831665,24.475433,24.935522666666667,5.083194373953557
2024-12-26 19:00:00,0.0,-0.38246176,-1.0511162,0.13850324,96923.5,3.3271422e-07,25.822784,8.38623,1.1185358,-109.994545,33.091057,19,3,361,12,0,-0.9659258262890684,0.2588190451025203,-2.4492935982947064e-16,1.0,dry_season,0.0,0.00033271423,13.850324,2024,,4.6564856,0.0,0.0,249.70295685833335,332.8634492803146,1.0763516,1.1192936,1.5577092,1.4374516000000002,0.3256733169089621,26.94519,25.971832,23.834412,24.89858620833333,5.064420972640925
2024-12-26 20:00:00,0.0,-0.4492274,-1.0517025,0.12270562,96980.2,1.0421549e-07,24.35553,8.657928,1.1436273,-113.12941,36.788322,20,3,361,12,0,-0.8660254037844386,0.5000000000000001,-2.4492935982947064e-16,1.0,dry_season,0.0,0.00010421549,12.270562,2024,,0.0,0.0,0.0,249.70295685833335,332.8634492803146,1.1185358,1.10942,1.6869586,1.4374200249999998,0.32570553956438114,25.822784,24.154358,22.781128,24.892375875,5.063138889446165
2024-12-26 21:00:00,0.0,-0.521098,-1.0492774,0.10892655,97003.72,1.315806e-07,23.678894,8.544891,1.1715487,-116.410164,38.023655,21,3,361,12,0,-0.7071067811865477,0.7071067811865474,-2.4492935982947064e-16,1.0,dry_season,0.0,0.0001315806,10.892655,2024,,0.0,0.0,0.0,249.70295685833335,332.8634492803146,1.1436273,1.0964192,1.7459794,1.4388453291666667,0.32427951299584884,24.35553,23.065094,21.737396,24.900758041666666,5.062030359838706
2024-12-26 22:00:00,0.0,-0.65798867,-1.2344953,0.14675282,96996.336,2.4811038e-07,21.90689,7.6525574,1.3989023,-118.05771,39.848118,22,3,361,12,0,-0.5000000000000004,0.8660254037844384,-2.4492935982947064e-16,1.0,dry_season,0.0,0.0002481104,14.675282,2024,,0.0,0.0,0.0,249.70295685833335,332.8634492803146,1.1715487,1.2771095,1.9991165,1.4419757249999998,0.3211780156248863,23.678894,21.602844,20.33014,24.926333041666666,5.053896786242459
2024-12-26 23:00:00,0.0,-0.68175364,-1.1977079,0.15770692,96979.055,3.4844916e-07,21.479492,7.7113647,1.3781481,-119.649185,41.068203,23,3,361,12,0,-0.2588190451025215,0.965925826289068,-2.4492935982947064e-16,1.0,dry_season,0.0,0.00034844916,15.770692,2024,,0.0,0.0,0.0,249.70295685833335,332.8634492803146,1.3989023,1.2578379,2.0192463,1.4470504250000003,0.31941717940311365,21.90689,21.163452,19.979248,24.939001625,5.045577821598338
2024-12-27 00:00:00,0.0,-0.6907671,-1.1477734,0.18041866,96954.86,7.140015e-07,20.870941,7.649933,1.3396056,-121.04088,42.45403,0,4,362,12,0,0.0,1.0,-2.4492935982947064e-16,1.0,dry_season,0.0,0.0007140015,18.041866,2024,,0.0,0.0,0.0,249.70295685833335,332.8634492803146,1.3781481,1.2620103,2.05615,1.4520633499999998,0.31725533114474647,21.479492,20.696869,19.30893,24.952169958333332,5.035698422662287
2024-12-27 01:00:00,0.0,-0.69830054,-1.1743038,0.20756678,96915.19,7.00547e-07,20.578491,7.702759,1.3662404,-120.73787,43.382145,1,4,362,12,0,0.2588190451025207,0.9659258262890684,-2.4492935982947064e-16,1.0,dry_season,0.0,0.000700547,20.756678,2024,,0.0,0.0,0.0,249.70295685833335,332.8634492803146,1.3396056,1.287303,2.1335647,1.4552964874999998,0.3156254966874132,20.870941,20.343933,19.017395,24.95942295833333,5.029424415646861
2024-12-27 02:00:00,0.0,-0.72181493,-1.1792738,0.23085763,96870.53,8.765959e-07,19.942017,7.4996643,1.3826437,-121.47014,44.50284,2,4,362,12,0,0.4999999999999999,0.8660254037844387,-2.4492935982947064e-16,1.0,dry_season,0.0,0.0008765959,23.085762,2024,,0.0,0.0,0.0,249.70295685833335,332.8634492803146,1.3662404,1.316531,2.2309816,1.4585855458333334,0.31420686835726086,20.578491,19.543396,18.43042,24.96919620833333,5.020285171989764
2024-12-27 03:00:00,0.0,-0.7886708,-1.1659155,0.26849642,96896.6,1.2610758e-06,18.84668,7.418274,1.407608,-124.07595,47.379177,3,4,362,12,0,0.7071067811865476,0.7071067811865476,-2.4492935982947064e-16,1.0,dry_season,0.0,0.0012610758,26.849642,2024,,0.0,0.0,0.0,249.70295685833335,332.8634492803146,1.3826437,1.3459193,2.318498,1.4613402416666668,0.31319548975066225,19.942017,18.935883,18.01532,24.98580541666667,5.00218063708663
2024-12-27 04:00:00,0.0,-0.86756843,-1.1730242,0.30327228,96924.234,1.9278725e-06,18.85556,7.6921997,1.4589931,-126.48662,48.246677,4,4,362,12,0,0.8660254037844386,0.5000000000000001,-2.4492935982947064e-16,1.0,dry_season,0.0,0.0019278725,30.327229,2024,,0.0,0.0,0.0,249.70295685833335,332.8634492803146,1.407608,1.3457892,2.3986096,1.4639106041666665,0.31245932869956267,18.84668,18.690063,17.85669,24.982088625000003,5.006902296629823
2024-12-27 05:00:00,0.0,-0.93692285,-1.1681489,0.35170174,96954.99,2.1684575e-06,18.617645,7.700012,1.4974633,-128.73161,48.99634,5,4,362,12,0,0.9659258262890684,0.2588190451025207,-2.4492935982947064e-16,1.0,dry_season,0.0,0.0021684575,35.170174,2024,,0.0,0.0,0.0,249.70295685833335,332.8634492803146,1.4589931,1.3738475,2.4396155,1.4686274333333333,0.31145148902527486,18.85556,18.53714,17.704987,24.988984333333335,4.997965887508972
2024-12-27 06:00:00,34135.66,-1.0481311,-1.224257,0.39786783,97019.61,2.9132448e-06,19.552612,6.9539185,1.6116401,-130.56804,43.920322,6,4,362,12,0,1.0,6.123233995736766e-17,-2.4492935982947064e-16,1.0,dry_season,9.482128,0.0029132448,39.78678,2024,,0.0,9.898464,11.582829,249.70295685833335,332.8634492803146,1.4974633,1.3972634,2.5218096,1.4737780916666665,0.31083745640941707,18.617645,18.568756,17.950653,24.992338708333335,4.99347247325743
2024-12-27 07:00:00,460417.75,-1.2719328,-1.2883952,0.45143375,97074.305,3.2169976e-06,22.519257,8.857208,1.8104627,-134.6316,41.65979,7,4,362,12,0,0.9659258262890684,-0.2588190451025206,-2.4492935982947064e-16,1.0,dry_season,127.89382,0.0032169975,45.143375,2024,,9.482128,132.45793,140.03094,249.68560952500002,332.87650076633787,1.6116401,1.5848312,2.7489626,1.4827104541666667,0.3116223190622339,19.552612,20.493011,18.88681,25.033332708333333,4.9422206261559305
2024-12-27 08:00:00,1232485.9,-1.5280037,-1.354219,0.46496272,97135.625,2.4847525e-06,24.763489,8.536133,2.0417404,-138.45049,35.605724,8,4,362,12,0,0.8660254037844387,-0.4999999999999998,-2.4492935982947064e-16,1.0,dry_season,342.35718,0.0024847526,46.496273,2024,,127.89382,348.33264,360.88437,249.495438275,332.9476804911822,1.8104627,1.7174869,3.229716,1.4921117666666666,0.3181718471713303,22.519257,24.38034,21.648254,25.117759625,4.878179071595522
2024-12-27 09:00:00,2010653.0,-1.9187295,-1.3615042,0.43156126,97139.6,3.1524614e-06,25.859924,8.077942,2.352704,-144.64099,32.33428,9,4,362,12,0,0.7071067811865476,-0.7071067811865475,-2.4492935982947064e-16,1.0,dry_season,558.5147,0.0031524615,43.156128,2024,,342.35718,562.68274,574.8701,249.24646077500003,332.8727825669468,2.0417404,1.958129,3.4659016,1.5056223291666668,0.33461745168260254,24.763489,26.288788,23.992035,25.133724166666667,4.876287421661014
2024-12-27 10:00:00,2635437.5,-2.1303504,-1.6331415,0.47616675,97074.76,3.0407205e-06,29.180176,8.033417,2.6843143,-142.52597,26.538605,10,4,362,12,0,0.4999999999999999,-0.8660254037844387,-2.4492935982947064e-16,1.0,dry_season,732.066,0.0030407205,47.616676,2024,,558.5147,735.9848,745.1473,249.07279244166668,332.70318893946023,2.352704,2.1811154,3.4830897,1.5220629541666668,0.3660352386591873,25.859924,29.98291,27.359222,25.115854833333334,4.872655055440042
2024-12-27 11:00:00,3027683.5,-2.1778033,-1.491961,0.49848774,96998.43,2.7880494e-06,30.26361,7.918152,2.6398437,-145.58589,24.737286,11,4,362,12,0,0.258819045102521,-0.9659258262890682,-2.4492935982947064e-16,1.0,dry_season,841.0232,0.0027880494,49.848774,2024,,732.066,841.5867,847.8366,248.9095091083333,332.45470237177693,2.6843143,2.0756016,3.3030555,1.543029575,0.41637718010702046,29.180176,30.725769,28.044037,25.082407583333335,4.840442303539948
2024-12-27 12:00:00,3142169.8,-2.066996,-1.3433939,0.51503056,96875.58,2.6703792e-06,31.219543,7.9332275,2.4651937,-146.97913,23.444807,12,4,362,12,0,1.2246467991473532e-16,-1.0,-2.4492935982947064e-16,1.0,dry_season,872.82495,0.0026703791,51.503056,2024,,841.0232,874.3236,876.08044,248.8860299416667,332.4110425019956,2.6398437,1.8757719,3.001135,1.5665396625,0.4612653613543789,30.26361,31.419281,28.774261,25.063150958333335,4.817882042974975
2024-12-27 13:00:00,3003150.8,-1.8168527,-1.2728893,0.51963943,96774.78,3.3301067e-06,31.690002,7.991638,2.218378,-144.98485,22.916288,13,4,362,12,0,-0.2588190451025208,-0.9659258262890684,-2.4492935982947064e-16,1.0,dry_season,834.20856,0.0033301066,51.963943,2024,,872.82495,827.4012,826.5276,248.82358619166666,332.28856339939796,2.4651937,1.6610008,2.7553182,1.5910989041666665,0.49304248967794023,31.219543,31.779236,29.160309,25.054828541666666,4.806584348586369
2024-12-27 14:00:00,2584301.5,-1.6148456,-1.2444158,0.50267965,96711.445,2.7901017e-06,32.208893,7.906433,2.0386999,-142.3818,22.123137,14,4,362,12,0,-0.4999999999999997,-0.8660254037844388,-2.4492935982947064e-16,1.0,dry_season,717.8615,0.0027901018,50.267963,2024,,834.20856,705.9295,705.3273,249.10722619166665,332.80640912383086,2.218378,1.5336905,2.545045,1.6143229541666668,0.5093362626991033,31.690002,32.32065,29.725769,25.05111045833333,4.801188080676848
2024-12-27 15:00:00,1940207.8,-1.4122559,-1.2798494,0.48594657,96682.98,2.6452947e-06,31.865082,7.5553284,1.9059069,-137.81572,22.024916,15,4,362,12,0,-0.7071067811865471,-0.7071067811865479,-2.4492935982947064e-16,1.0,dry_season,538.9466,0.0026452946,48.594658,2024,,717.8615,531.3547,524.9014,249.6043928583333,333.52664218679513,2.0386999,1.4511797,2.4296303,1.6353650125,0.5162450807321328,32.208893,31.97409,29.306976,25.046453916666664,4.7938796399048815
2024-12-27 16:00:00,1159664.1,-1.1209608,-1.143495,0.4581976,96690.66,1.101446e-06,31.413788,7.326111,1.6012913,-134.42986,22.24601,16,4,362,12,0,-0.8660254037844384,-0.5000000000000004,-2.4492935982947064e-16,1.0,dry_season,322.12894,0.001101446,45.81976,2024,,538.9466,314.15222,306.0071,249.920722025,333.8089638409417,1.9059069,1.2007266,2.1318705,1.6543119791666667,0.5175342710850569,31.865082,31.69815,28.792145,25.041911916666667,4.78707743357032
2024-12-27 17:00:00,385274.56,-0.5742486,-0.9390967,0.39834562,96724.08,8.0088574e-07,28.813599,8.740082,1.1007562,-121.44538,28.439077,17,4,362,12,0,-0.9659258262890684,-0.2588190451025206,-2.4492935982947064e-16,1.0,dry_season,107.02071,0.0008008857,39.83456,2024,,322.12894,104.109985,95.7046,250.25308535833335,333.87966135138885,1.6012913,0.9942093,1.5426588,1.6710021750000001,0.5086531915427367,31.413788,28.285034,26.475769,25.0300635,4.770208583192858
2024-12-27 18:00:00,17888.107,-0.528944,-1.0199294,0.31450683,96812.97,7.247195e-07,26.355621,9.223938,1.148929,-117.41163,33.93136,18,4,362,12,0,-1.0,-1.8369701987210287e-16,-2.4492935982947064e-16,1.0,dry_season,4.968919,0.0007247195,31.450684,2024,,107.02071,4.6564856,3.6798897,250.37436556666668,333.8247916282502,1.1007562,1.0763516,1.5640811,1.6754416291666667,0.5029220900595045,28.813599,26.94519,25.00772,25.052087041666667,4.787080145628513
2024-12-27 19:00:00,0.0,-0.5870134,-1.0489969,0.22592478,96879.78,9.6234e-08,24.858612,9.164642,1.202073,-119.23115,36.93971,19,4,362,12,0,-0.9659258262890684,0.2588190451025203,-2.4492935982947064e-16,1.0,dry_season,0.0,9.6234e-05,22.592478,2024,,4.968919,0.0,0.0,250.38738362499998,333.8147987726794,1.148929,1.1185358,1.6530699,1.6784656875,0.49936880449395793,26.355621,25.822784,24.54895,25.02752166666667,4.778448057874612
2024-12-27 20:00:00,0.0,-0.67823595,-1.0460498,0.18764827,96960.164,7.046518e-08,23.4422,8.954956,1.2466853,-122.958496,39.65497,20,4,362,12,0,-0.8660254037844386,0.5000000000000001,-2.4492935982947064e-16,1.0,dry_season,0.0,7.0465176e-05,18.764826,2024,,0.0,0.0,0.0,250.38738362499998,333.8147987726794,1.202073,1.1436273,1.7383708,1.681946404166667,0.49557298463070515,24.858612,24.35553,23.559967,24.987347833333335,4.775523500431408
2024-12-27 21:00:00,0.0,-0.7531373,-1.0489099,0.13334842,96995.26,2.0523837e-08,22.906464,8.753479,1.2912892,-125.67907,40.40757,21,4,362,12,0,-0.7071067811865477,0.7071067811865474,-2.4492935982947064e-16,1.0,dry_season,0.0,2.0523838e-05,13.334842,2024,,0.0,0.0,0.0,250.38738362499998,333.8147987726794,1.2466853,1.1715487,1.7741791,1.6862404874999999,0.4911323049608881,23.4422,23.678894,22.647644,24.949292416666665,4.784408096013561
2024-12-27 22:00:00,0.0,-0.7064029,-1.2393967,0.100009166,96982.766,7.069322e-09,20.955566,8.1828,1.4265726,-119.68128,43.793507,22,4,362,12,0,-0.5000000000000004,0.8660254037844384,-2.4492935982947064e-16,1.0,dry_season,0.0,7.0693222e-06,10.0009165,2024,,0.0,0.0,0.0,250.38738362499998,333.8147987726794,1.2912892,1.3989023,2.0214162,1.691229675,0.4862604919187553,22.906464,21.90689,20.993073,24.917107833333333,4.7959098268020055
2024-12-27 23:00:00,0.0,-0.7612728,-1.1689227,0.09663087,96986.46,2.7365116e-08,20.550629,7.991974,1.3949611,-123.0746,44.32126,23,4,362,12,0,-0.2588190451025215,0.965925826289068,-2.4492935982947064e-16,1.0,dry_season,0.0,2.7365117e-05,9.663087,2024,,0.0,0.0,0.0,250.38738362499998,333.8147987726794,1.4265726,1.3781481,2.0523918,1.6923826041666665,0.48556955751677544,20.955566,21.479492,20.763977,24.877469333333334,4.8257099850403895
2024-12-28 00:00:00,0.0,-0.83462334,-1.108125,0.10122632,96956.984,8.5287944e-08,20.197388,7.9146423,1.3872768,-126.98651,45.06158,0,5,363,12,1,0.0,1.0,-2.4492935982947064e-16,1.0,dry_season,0.0,8.5287946e-05,10.122632,2024,,0.0,0.0,0.0,250.38738362499998,333.8147987726794,1.3949611,1.3396056,2.1064394,1.6930831458333333,0.48510840288433177,20.550629,20.870941,20.313171,24.838766708333335,4.857765256690312
2024-12-28 01:00:00,0.0,-0.8964989,-1.0770931,0.11190598,96913.555,4.939404e-07,19.70111,7.934326,1.4013706,-129.7717,46.531796,1,5,363,12,1,0.2588190451025207,0.9659258262890684,-2.4492935982947064e-16,1.0,dry_season,0.0,0.0004939404,11.190598,2024,,0.0,0.0,0.0,250.38738362499998,333.8147987726794,1.3872768,1.3662404,2.2049022,1.6950694458333333,0.4836936775465541,20.197388,20.578491,19.88446,24.810702000000003,4.8835623492774145
2024-12-28 02:00:00,0.0,-0.968651,-1.0238754,0.12662879,96870.72,1.5447608e-06,18.872131,7.848053,1.40947,-133.4124,48.711365,2,5,363,12,1,0.4999999999999999,0.8660254037844387,-2.4492935982947064e-16,1.0,dry_season,0.0,0.0015447609,12.662879,2024,,0.0,0.0,0.0,250.38738362499998,333.8147987726794,1.4013706,1.3826437,2.2922373,1.6965332041666665,0.4827074568020469,19.70111,19.942017,18.818909,24.774144458333335,4.91977117534738
2024-12-28 03:00:00,0.0,-1.0505002,-1.0031931,0.1369979,96875.33,1.8706338e-06,18.15329,7.968445,1.4525658,-136.31958,51.375473,3,5,363,12,1,0.7071067811865476,0.7071067811865476,-2.4492935982947064e-16,1.0,dry_season,0.0,0.0018706338,13.699789,2024,,0.0,0.0,0.0,250.38738362499998,333.8147987726794,1.40947,1.407608,2.3819351,1.6976509666666664,0.48197951970431213,18.872131,18.84668,18.168213,24.729565875000002,4.970049543517716
2024-12-28 04:00:00,0.0,-1.1059866,-0.95623404,0.14965513,96894.72,3.0824524e-06,18.059235,8.023651,1.46205,-139.15337,51.874615,4,5,363,12,1,0.8660254037844386,0.5000000000000001,-2.4492935982947064e-16,1.0,dry_season,0.0,0.0030824523,14.965513,2024,,0.0,0.0,0.0,250.38738362499998,333.8147987726794,1.4525658,1.4589931,2.4059453,1.6995242083333333,0.48088937171770885,18.15329,18.85556,18.045776,24.700674625,5.007607482002061
2024-12-28 05:00:00,0.0,-1.1418315,-0.9257276,0.15594769,96930.0,3.993711e-06,18.387177,8.046082,1.4699492,-140.96696,50.894554,5,5,363,12,1,0.9659258262890684,0.2588190451025207,-2.4492935982947064e-16,1.0,dry_season,0.0,0.003993711,15.594769,2024,,0.0,0.0,0.0,250.38738362499998,333.8147987726794,1.46205,1.4974633,2.466535,1.6996515791666666,0.48082329377767097,18.059235,18.617645,18.072327,24.667494416666667,5.050475591213507
2024-12-28 06:00:00,33444.363,-1.1632482,-0.91789556,0.15490161,96999.04,5.20781e-06,18.61319,8.226746,1.4817823,-141.72374,50.798428,6,5,363,12,1,1.0,6.123233995736766e-17,-2.4492935982947064e-16,1.0,dry_season,9.290101,0.00520781,15.490161,2024,,0.0,9.482128,11.5641165,250.38738362499998,333.8147987726794,1.4699492,1.6116401,2.5312624,1.6985051583333333,0.48135883100668403,18.387177,19.552612,18.223694,24.657891583333335,5.062683086480623
2024-12-28 07:00:00,464414.12,-1.3818512,-0.96761686,0.13765077,97062.85,3.7850518e-06,20.744843,8.338959,1.6869484,-144.99904,44.838203,7,5,363,12,1,0.9659258262890684,-0.2588190451025206,-2.4492935982947064e-16,1.0,dry_season,129.00392,0.0037850519,13.765078,2024,,9.290101,127.89382,139.615,250.3793825,333.8208262706731,1.4817823,1.8104627,2.7204158,1.6930944166666666,0.4831043675287215,18.61319,22.519257,19.59613,24.618748999999998,5.107306134943742
2024-12-28 08:00:00,1245567.5,-1.5788963,-0.8994204,0.117175005,97125.16,4.4607423e-06,23.329681,8.277863,1.817105,-150.33194,38.136795,8,5,363,12,1,0.8660254037844387,-0.4999999999999998,-2.4492935982947064e-16,1.0,dry_season,345.99097,0.004460742,11.717501,2024,,129.00392,342.35718,358.8808,250.42563666666663,333.80319323544916,1.6869484,2.0417404,3.0847294,1.6879479875,0.4824571569298295,20.744843,24.763489,22.47638,24.544815083333333,5.151670639328497
2024-12-28 09:00:00,2012445.4,-1.8632464,-0.8074445,0.114808105,97133.53,6.647671e-06,25.340088,8.240967,2.0306783,-156.57033,33.71998,9,5,363,12,1,0.7071067811865476,-0.7071067811865475,-2.4492935982947064e-16,1.0,dry_season,559.01263,0.006647671,11.48081,2024,,345.99097,558.5147,571.5472,250.5770445833333,333.8475261069034,1.817105,2.352704,3.2992783,1.6785881791666668,0.47744805356964515,23.329681,25.859924,23.981415,24.485073083333333,5.15733505775092
2024-12-28 10:00:00,2630906.0,-1.8942461,-0.76423764,0.16550565,97097.51,6.8789063e-06,29.002075,8.76828,2.042603,-158.02829,28.18366,10,5,363,12,1,0.4999999999999999,-0.8660254037844387,-2.4492935982947064e-16,1.0,dry_season,730.80725,0.0068789064,16.550564,2024,,559.01263,732.066,740.61755,250.59779166666667,333.86750992456655,2.0306783,2.6843143,3.4107623,1.6651704416666666,0.4619531910081904,25.340088,29.180176,27.533478,24.46341325,5.152399139596318
2024-12-28 11:00:00,3017472.2,-1.8579998,-0.59610504,0.22594666,97051.836,5.331865e-06,30.032104,8.686829,1.9512827,-162.21211,26.410883,11,5,363,12,1,0.258819045102521,-0.9659258262890682,-2.4492935982947064e-16,1.0,dry_season,838.1867,0.005331865,22.594666,2024,,730.80725,841.0232,845.5437,250.54534375,333.7886762109127,2.042603,2.6398437,3.185455,1.6384324708333333,0.4167608186848315,29.002075,30.26361,28.427765,24.455992374999997,5.14543388347235
2024-12-28 12:00:00,3142663.2,-1.7069592,-0.519272,0.29119924,96934.21,4.673734e-06,30.773956,8.876404,1.7841954,-163.07979,25.637236,12,5,363,12,1,1.2246467991473532e-16,-1.0,-2.4492935982947064e-16,1.0,dry_season,872.96204,0.0046737343,29.119925,2024,,838.1867,872.82495,874.7782,250.42715624999997,333.57094141814224,1.9512827,2.4651937,2.9264414,1.6097424291666667,0.3653560688470805,30.032104,31.219543,29.460663,24.446346291666668,5.134277950934264
2024-12-28 13:00:00,2978431.2,-1.5188359,-0.5386524,0.3401509,96850.39,9.397637e-06,31.49054,8.886627,1.6115237,-160.47304,24.627344,13,5,363,12,1,-0.2588190451025208,-0.9659258262890684,-2.4492935982947064e-16,1.0,dry_season,827.34204,0.009397637,34.01509,2024,,872.96204,834.20856,826.9321,250.43286833333335,333.58206376328474,1.7841954,2.218378,2.6861634,1.5813675,0.31961049635421235,30.773956,31.690002,29.799896,24.427780166666665,5.1094661081114925
2024-12-28 14:00:00,2553047.0,-1.3829643,-0.6189328,0.3298732,96772.66,7.018696e-06,31.9505,8.5546875,1.5151461,-155.88954,23.459587,14,5,363,12,1,-0.4999999999999997,-0.8660254037844388,-2.4492935982947064e-16,1.0,dry_season,709.17975,0.007018696,32.98732,2024,,827.34204,717.8615,706.19666,250.14676333333333,333.06214426738154,1.6115237,2.0386999,2.5179007,1.5560819041666667,0.28962136770075675,31.49054,32.208893,30.36499,24.419469250000002,5.097287696171123
2024-12-28 15:00:00,1934205.9,-1.2598476,-0.75352335,0.3347541,96719.055,1.0814694e-05,31.604248,8.829773,1.4679965,-149.11607,24.37479,15,5,363,12,1,-0.7071067811865471,-0.7071067811865479,-2.4492935982947064e-16,1.0,dry_season,537.2794,0.010814694,33.47541,2024,,709.17975,538.9466,525.33105,249.78502375000002,332.5363714747085,1.5151461,1.9059069,2.4368079,1.5342671625,0.27079486554510973,31.9505,31.865082,29.950562,24.408702875000003,5.080364513487662
2024-12-28 16:00:00,1150370.2,-0.97211796,-0.813021,0.35195184,96726.17,1.8859126e-06,31.11914,8.363861,1.267287,-140.09291,24.279531,16,5,363,12,1,-0.8660254037844384,-0.5000000000000004,-2.4492935982947064e-16,1.0,dry_season,319.5473,0.0018859126,35.195183,2024,,537.2794,322.12894,306.8447,249.71555708333335,332.47350764110695,1.4679965,1.6012913,2.1305902,1.5160208958333332,0.2591685902544695,31.604248,31.413788,29.51233,24.397834791666668,5.0639726104775455
2024-12-28 17:00:00,385600.88,-0.5625259,-0.8827795,0.3468076,96756.78,7.812741e-07,28.56836,9.690887,1.0467737,-122.506165,30.755323,17,5,363,12,1,-0.9659258262890684,-0.2588190451025206,-2.4492935982947064e-16,1.0,dry_season,107.11135,0.0007812741,34.68076,2024,,319.5473,107.02071,97.39707,249.60798874999998,332.44947717522166,1.267287,1.1007562,1.4985663,1.5021040499999998,0.26332501497547117,31.11914,28.813599,27.03305,24.385557791666667,5.046550930137659
2024-12-28 18:00:00,18676.98,-0.5032063,-1.0049293,0.34354043,96832.05,1.9406428e-07,27.507416,10.168762,1.123877,-116.59887,33.78402,18,5,363,12,1,-1.0,-1.8369701987210287e-16,-2.4492935982947064e-16,1.0,dry_season,5.1880503,0.00019406428,34.354042,2024,,107.11135,4.968919,3.7975748,249.61176541666666,332.44778745039173,1.0467737,1.148929,1.5131848,1.4998547791666665,0.26710571677186534,28.56836,26.355621,25.81961,24.3753395,5.03743522616073
2024-12-28 19:00:00,0.0,-0.53329045,-1.028382,0.33119094,96891.35,4.766091e-07,26.430908,10.105194,1.1584334,-117.41001,35.83959,19,5,363,12,1,-0.9659258262890684,0.2588190451025203,-2.4492935982947064e-16,1.0,dry_season,0.0,0.0004766091,33.119095,2024,,5.1880503,0.0,0.0,249.62089588749998,332.44077929388004,1.123877,1.202073,1.5532969,1.4988109458333334,0.268581613235771,27.507416,24.858612,25.040405,24.423330958333334,5.062545528252412
2024-12-28 20:00:00,0.0,-0.5521847,-1.0740229,0.28651047,96979.164,7.525407e-08,24.299255,9.879883,1.207656,-117.20894,40.078724,20,5,363,12,1,-0.8660254037844386,0.5000000000000001,-2.4492935982947064e-16,1.0,dry_season,0.0,7.525407e-05,28.651047,2024,,0.0,0.0,0.0,249.62089588749998,332.44077929388004,1.1584334,1.2466853,1.5967008,1.4969926291666666,0.27081632014190793,26.430908,23.4422,23.376556,24.488843291666665,5.078571081997801
2024-12-28 21:00:00,0.0,-0.6200763,-1.0708189,0.26624718,97009.734,1.8699497e-08,23.61856,9.796204,1.2373955,-120.07372,41.52013,21,5,363,12,1,-0.7071067811865477,0.7071067811865474,-2.4492935982947064e-16,1.0,dry_season,0.0,1.8699497e-05,26.624718,2024,,0.0,0.0,0.0,249.62089588749998,332.44077929388004,1.207656,1.2912892,1.6421525,1.4953664083333333,0.2724967074832526,24.299255,22.906464,22.593964,24.524553916666665,5.073902592737095
2024-12-28 22:00:00,0.0,-0.6974889,-1.1928557,0.20855367,97035.51,4.5608526e-09,21.572784,9.208618,1.3818088,-120.315765,45.19548,22,5,363,12,1,-0.5000000000000004,0.8660254037844384,-2.4492935982947064e-16,1.0,dry_season,0.0,4.5608526e-06,20.855368,2024,,0.0,0.0,0.0,249.62089588749998,332.44077929388004,1.2373955,1.4265726,1.928774,1.4931208375,0.274466513283044,23.61856,20.955566,21.033997,24.554224583333333,5.066105161239686
2024-12-28 23:00:00,0.0,-0.68172234,-1.2192498,0.18062262,97045.67,6.1799557e-07,21.217926,8.981995,1.396895,-119.210976,45.489155,23,5,363,12,1,-0.2588190451025215,0.965925826289068,-2.4492935982947064e-16,1.0,dry_season,0.0,0.00061799557,18.062262,2024,,0.0,0.0,0.0,249.62089588749998,332.44077929388004,1.3818088,1.3949611,1.9555281,1.4912556791666667,0.27508979950583745,21.572784,20.550629,20.873444,24.579942,5.0485790756413085
2024-12-29 00:00:00,0.0,-0.723945,-1.2191082,0.17800684,97002.56,9.691812e-07,20.6026,8.6315,1.4178579,-120.70318,46.13876,0,6,364,12,1,0.0,1.0,-2.4492935982947064e-16,1.0,dry_season,0.0,0.0009691812,17.800684,2024,,0.0,0.0,0.0,249.62089588749998,332.44077929388004,1.396895,1.3872768,1.9931437,1.4913362583333332,0.275060648267565,21.217926,20.197388,20.302307,24.60774604166667,5.0272159314283895
2024-12-29 01:00:00,0.0,-0.7622743,-1.2015095,0.15024722,96943.34,7.7078414e-07,20.290161,8.678162,1.422915,-122.39229,47.18645,1,6,364,12,1,0.2588190451025207,0.9659258262890684,-2.4492935982947064e-16,1.0,dry_season,0.0,0.00077078416,15.024721,2024,,0.0,0.0,0.0,249.62089588749998,332.44077929388004,1.4178579,1.4013706,2.0353937,1.4926104708333334,0.27462812932957603,20.6026,19.70111,19.947021,24.624629875,5.0124184725681795
2024-12-29 02:00:00,0.0,-0.8001246,-1.1917069,0.16897406,96907.57,3.4502852e-07,19.206482,8.525574,1.435397,-123.87782,49.951874,2,6,364,12,1,0.4999999999999999,0.8660254037844387,-2.4492935982947064e-16,1.0,dry_season,0.0,0.00034502853,16.897406,2024,,0.0,0.0,0.0,249.62089588749998,332.44077929388004,1.422915,1.40947,2.0979893,1.4935081541666666,0.2743519971016784,20.290161,18.872131,19.18695,24.64917366666667,4.988647593325757
2024-12-29 03:00:00,0.0,-0.89162946,-1.1676903,0.17229004,96894.05,4.912038e-07,18.489288,8.932434,1.4691848,-127.36476,53.69992,3,6,364,12,1,0.7071067811865476,0.7071067811865476,-2.4492935982947064e-16,1.0,dry_season,0.0,0.0004912038,17.229004,2024,,0.0,0.0,0.0,249.62089588749998,332.44077929388004,1.435397,1.4525658,2.134655,1.4945884458333334,0.2740575873611894,19.206482,18.15329,18.412018,24.66310495833333,4.972253112342961
2024-12-29 04:00:00,0.0,-0.9729217,-1.1334844,0.18734503,96921.62,1.4238982e-06,18.355133,8.867249,1.4937749,-130.641,53.915756,4,6,364,12,1,0.8660254037844386,0.5000000000000001,-2.4492935982947064e-16,1.0,dry_season,0.0,0.0014238982,18.734503,2024,,0.0,0.0,0.0,249.62089588749998,332.44077929388004,1.4691848,1.46205,2.135346,1.4952809041666668,0.273967773562574,18.489288,18.059235,18.310913,24.677104874999998,4.9535650069813
2024-12-29 05:00:00,0.0,-1.0605617,-1.0953915,0.20957099,96955.805,1.3721326e-06,18.375671,8.822235,1.524688,-134.07446,53.68281,5,6,364,12,1,0.9659258262890684,0.2588190451025207,-2.4492935982947064e-16,1.0,dry_season,0.0,0.0013721326,20.957098,2024,,0.0,0.0,0.0,249.62089588749998,332.44077929388004,1.4937749,1.4699492,2.1445231,1.4966027750000002,0.27387698608856553,18.355133,18.387177,18.430481,24.689433958333336,4.93671701753354
2024-12-29 06:00:00,32058.43,-1.1527518,-1.0898497,0.2213607,97018.414,2.4995754e-06,18.752014,8.582977,1.5863824,-136.60664,51.590122,6,6,364,12,1,1.0,6.123233995736766e-17,-2.4492935982947064e-16,1.0,dry_season,8.905119,0.0024995755,22.13607,2024,,0.0,9.290101,11.269121,249.62089588749998,332.44077929388004,1.524688,1.4817823,2.163742,1.4988835583333333,0.2738732966463247,18.375671,18.61319,18.469696,24.688954541666664,4.937356172332092
2024-12-29 07:00:00,452754.72,-1.4368392,-1.1422205,0.26269197,97070.88,2.8154145e-06,21.677856,8.902374,1.8355312,-141.51694,43.987583,7,6,364,12,1,0.9659258262890684,-0.2588190451025206,-2.4492935982947064e-16,1.0,dry_season,125.7652,0.0028154145,26.269197,2024,,8.905119,129.00392,138.41267,249.60485497083334,332.4528889840826,1.5863824,1.6869484,2.3485844,1.5032418958333336,0.27442105951988627,18.752014,20.744843,20.049316,24.694738875000002,4.930004509178352
2024-12-29 08:00:00,1217245.4,-1.6366527,-1.1710842,0.27637938,97134.82,3.1052566e-06,24.078857,8.76886,2.0124786,-144.4149,37.68616,8,6,364,12,1,0.8660254037844387,-0.4999999999999998,-2.4492935982947064e-16,1.0,dry_season,338.12372,0.0031052567,27.637938,2024,,125.7652,345.99097,357.29868,249.46990830416667,332.5046240693066,1.8355312,1.817105,2.6645749,1.5094328458333335,0.28035748492959994,21.677856,23.329681,22.676758,24.733614416666665,4.901097286474887
2024-12-29 09:00:00,1994054.5,-2.0162947,-1.1798794,0.30401474,97144.22,2.8384468e-06,26.245544,8.636505,2.336142,-149.66501,32.82468,9,6,364,12,1,0.7071067811865476,-0.7071067811865475,-2.4492935982947064e-16,1.0,dry_season,553.90405,0.0028384468,30.401474,2024,,338.12372,559.01263,569.7068,249.14210622083337,332.40919516582466,2.0124786,2.0306783,2.8690848,1.5175734125,0.29226326501000016,24.078857,25.340088,24.782867,24.764830083333337,4.894147562105535
2024-12-29 10:00:00,2610268.0,-2.1010938,-1.4791977,0.30957207,97085.305,2.4854367e-06,30.927155,7.7909546,2.5695565,-144.85394,23.609459,10,6,364,12,1,0.4999999999999999,-0.8660254037844387,-2.4492935982947064e-16,1.0,dry_season,725.07446,0.0024854366,30.957207,2024,,553.90405,730.80725,739.0922,248.92924872083336,332.2037152095417,2.336142,2.042603,2.853942,1.5303010666666665,0.32083449886604043,26.245544,29.002075,28.033417,24.80255741666667,4.902258041672379
2024-12-29 11:00:00,3007589.2,-2.2149825,-1.3030542,0.3736171,97003.65,2.252377e-06,31.462616,7.714447,2.569844,-149.53209,22.780401,11,6,364,12,1,0.258819045102521,-0.9659258262890682,-2.4492935982947064e-16,1.0,dry_season,835.44147,0.002252377,37.36171,2024,,725.07446,838.1867,842.7979,248.69038247083336,331.84402949177286,2.5695565,1.9512827,2.6415243,1.5522574625,0.3714559149584002,30.927155,30.032104,29.0979,24.882769083333333,4.988941743731774
2024-12-29 12:00:00,3120822.2,-2.2050512,-1.1568267,0.4002075,96909.21,3.0372998e-06,31.748016,8.018372,2.49008,-152.31734,22.882473,12,6,364,12,1,1.2246467991473532e-16,-1.0,-2.4492935982947064e-16,1.0,dry_season,866.8951,0.0030373,40.02075,2024,,835.44147,872.96204,872.574,248.5759978875,331.6324048150802,2.569844,1.7841954,2.3661957,1.57803085,0.418789519951425,31.462616,30.773956,30.04776,24.94237375,5.0611602200779195
2024-12-29 13:00:00,2963375.0,-2.1291163,-1.0555634,0.45445105,96817.57,6.7927062e-06,32.21704,8.219879,2.3764155,-153.6289,22.589241,13,6,364,12,1,-0.2588190451025208,-0.9659258262890684,-2.4492935982947064e-16,1.0,dry_season,823.1597,0.0067927064,45.445107,2024,,866.8951,827.34204,827.00635,248.32320872083332,331.1377122584547,2.49008,1.6115237,2.1607091,1.6074427083333331,0.4569471322750262,31.748016,31.49054,30.520264,24.982959583333336,5.113591291610231
2024-12-29 14:00:00,2540601.8,-2.0066512,-0.99203616,0.54018503,96746.516,6.619394e-06,32.731476,8.206512,2.2384782,-153.6934,21.922287,14,6,364,12,1,-0.4999999999999997,-0.8660254037844388,-2.4492935982947064e-16,1.0,dry_season,705.7227,0.006619394,54.018505,2024,,823.1597,709.17975,706.2221,248.14894455416666,330.8206987723246,2.3764155,1.5151461,2.0236387,1.6393132,0.4831662195336186,32.21704,31.9505,30.773193,25.01323041666667,5.155765411402523
2024-12-29 15:00:00,1895438.1,-1.8816732,-0.961059,0.5508213,96711.72,6.787689e-06,32.416016,8.671234,2.1128957,-152.94446,23.030392,15,6,364,12,1,-0.7071067811865471,-0.7071067811865479,-2.4492935982947064e-16,1.0,dry_season,526.5106,0.006787689,55.08213,2024,,705.7227,537.2794,526.04,248.00490080416668,330.611918764422,2.2384782,1.4679965,1.9429891,1.6694520375000002,0.49743347997258397,32.731476,31.604248,30.329926,25.04577108333333,5.20369552050835
2024-12-29 16:00:00,1131576.8,-1.4646595,-0.80672073,0.47597986,96719.12,3.9535753e-06,31.68628,8.621521,1.672132,-151.15443,23.922089,16,6,364,12,1,-0.8660254037844384,-0.5000000000000004,-2.4492935982947064e-16,1.0,dry_season,314.32687,0.003953575,47.59799,2024,,526.5106,319.5473,308.96902,247.55620080416665,330.2093140990195,2.1128957,1.267287,1.7038448,1.6963228375000001,0.5034597920884563,32.416016,31.11914,29.880005,25.07959475,5.250605415645808
2024-12-29 17:00:00,384511.22,-0.8598092,-0.80432814,0.45306936,96776.664,8.729472e-07,28.994507,9.915283,1.1773766,-136.90948,30.458916,17,6,364,12,1,-0.9659258262890684,-0.2588190451025206,-2.4492935982947064e-16,1.0,dry_season,106.80867,0.0008729472,45.306934,2024,,314.32687,107.11135,98.755356,247.3386828875,330.1615457075857,1.672132,1.0467737,1.2038497,1.7131913791666669,0.4951738752043655,31.68628,28.56836,27.673065,25.10322558333333,5.280161795460615
2024-12-29 18:00:00,19131.256,-0.74881864,-0.9549993,0.4503375,96840.695,8.004297e-07,27.540466,10.473816,1.2135704,-128.10013,34.41267,18,6,364,12,1,-1.0,-1.8369701987210287e-16,-2.4492935982947064e-16,1.0,dry_season,5.3142376,0.00080042967,45.03375,2024,,106.80867,5.1880503,3.985504,247.32607122083334,330.1671408010238,1.1773766,1.123877,1.2690454,1.7186331666666668,0.48820029188811603,28.994507,27.507416,26.40149,25.120981708333332,5.293021843005596
2024-12-29 19:00:00,0.0,-0.7417317,-1.0740604,0.4170387,96920.12,3.6578038e-07,26.594574,10.5466,1.305286,-124.62844,36.557,19,6,364,12,1,-0.9659258262890684,0.2588190451025203,-2.4492935982947064e-16,1.0,dry_season,0.0,0.00036578038,41.703873,2024,,5.3142376,0.0,0.0,247.33132902499997,330.16311816132594,1.2135704,1.1584334,1.3118207,1.7223703916666666,0.483772645624759,27.540466,26.430908,25.365906,25.122358791666667,5.293673974450709
2024-12-29 20:00:00,0.0,-0.79354155,-1.1581347,0.35608357,96995.38,2.663538e-07,24.619263,10.0295105,1.4039174,-124.41852,39.71351,20,6,364,12,1,-0.8660254037844386,0.5000000000000001,-2.4492935982947064e-16,1.0,dry_season,0.0,0.0002663538,35.608356,2024,,0.0,0.0,0.0,247.33132902499997,330.16311816132594,1.305286,1.207656,1.3246598,1.72848925,0.47721398263009396,26.594574,24.299255,24.222046,25.129178208333332,5.2955380556827425
2024-12-29 21:00:00,0.0,-0.8486506,-1.1766899,0.32733908,97033.78,1.6624308e-07,23.991333,9.364685,1.4507953,-125.799835,39.438515,21,6,364,12,1,-0.7071067811865477,0.7071067811865474,-2.4492935982947064e-16,1.0,dry_season,0.0,0.00016624309,32.73391,2024,,0.0,0.0,0.0,247.33132902499997,330.16311816132594,1.4039174,1.2373955,1.3201176,1.7366668083333332,0.469520473807717,24.619263,23.61856,23.52414,25.142511875,5.29376010851329
2024-12-29 22:00:00,0.0,-0.9313572,-1.3206096,0.3507134,97043.555,8.118318e-08,22.772522,9.029907,1.6159937,-125.19332,41.504925,22,6,364,12,1,-0.5000000000000004,0.8660254037844384,-2.4492935982947064e-16,1.0,dry_season,0.0,8.118318e-05,35.07134,2024,,0.0,0.0,0.0,247.33132902499997,330.16311816132594,1.4507953,1.3818088,1.3752998,1.7455584666666668,0.4616083006519629,23.991333,21.572784,21.853058,25.158044083333333,5.289639600964965
2024-12-29 23:00:00,0.0,-0.94679,-1.2403656,0.36288342,97015.08,1.05355696e-07,22.340546,9.149261,1.5604224,-127.35505,42.95351,23,6,364,12,1,-0.2588190451025215,0.965925826289068,-2.4492935982947064e-16,1.0,dry_season,0.0,0.0001053557,36.28834,2024,,0.0,0.0,0.0,247.33132902499997,330.16311816132594,1.6159937,1.396895,1.3704318,1.7553161708333331,0.4560262786142268,22.772522,21.217926,21.486847,25.208033166666667,5.259869627365529
2024-12-30 00:00:00,0.0,-0.9863884,-1.1589456,0.38499832,96981.99,3.3020575e-07,21.842957,8.886108,1.5218793,-130.40138,43.497917,0,0,365,12,0,0.0,1.0,-2.4492935982947064e-16,1.0,dry_season,0.0,0.00033020574,38.499832,2024,,0.0,0.0,0.0,247.33132902499997,330.16311816132594,1.5604224,1.4178579,1.376407,1.7621298124999998,0.45163870059830363,22.340546,20.6026,21.041931,25.254808999999998,5.227736526542584
2024-12-30 01:00:00,0.0,-0.9867587,-1.1260582,0.39748144,96936.664,6.9484594e-07,20.78302,8.494904,1.4972308,-131.2279,45.208317,1,0,365,12,0,0.2588190451025207,0.9659258262890684,-2.4492935982947064e-16,1.0,dry_season,0.0,0.0006948459,39.748146,2024,,0.0,0.0,0.0,247.33132902499997,330.16311816132594,1.5218793,1.422915,1.4184031,1.7664640374999998,0.4486806345596983,21.842957,20.290161,20.501678,25.306490541666665,5.185707168747745
2024-12-30 02:00:00,0.0,-1.0187262,-1.1295872,0.45571822,96916.06,9.846881e-07,20.319122,8.199188,1.5211083,-132.04594,45.597294,2,0,365,12,0,0.4999999999999999,0.8660254037844387,-2.4492935982947064e-16,1.0,dry_season,0.0,0.000984688,45.571823,2024,,0.0,0.0,0.0,247.33132902499997,330.16311816132594,1.4972308,1.435397,1.4580183,1.7695605291666665,0.44645753723870335,20.78302,19.206482,19.402527,25.327026333333333,5.165916542867357
2024-12-30 03:00:00,0.0,-1.0795417,-1.1360756,0.46041587,96917.26,1.5554789e-06,19.390167,8.399414,1.5671879,-133.53835,48.963066,3,0,365,12,0,0.7071067811865476,0.7071067811865476,-2.4492935982947064e-16,1.0,dry_season,0.0,0.0015554789,46.041588,2024,,0.0,0.0,0.0,247.33132902499997,330.16311816132594,1.5211083,1.4691848,1.5054307,1.7731318333333332,0.44400434749373,20.319122,18.489288,18.593689,25.373386333333332,5.113326223770784
2024-12-30 04:00:00,0.0,-1.119946,-1.1127571,0.42555246,96942.164,2.1310584e-06,19.299286,8.432159,1.5787677,-135.18448,49.350418,4,0,365,12,0,0.8660254037844386,0.5000000000000001,-2.4492935982947064e-16,1.0,dry_season,0.0,0.0021310584,42.555244,2024,,0.0,0.0,0.0,247.33132902499997,330.16311816132594,1.5671879,1.4937749,1.5526582,1.7772152958333332,0.4415312144299456,19.390167,18.355133,18.608673,25.410922958333334,5.06365868928749
2024-12-30 05:00:00,0.0,-1.2020965,-1.0789566,0.4457006,96956.195,2.3949037e-06,19.39981,8.393158,1.6152967,-138.09004,48.912926,5,0,365,12,0,0.9659258262890684,0.2588190451025207,-2.4492935982947064e-16,1.0,dry_season,0.0,0.0023949037,44.570057,2024,,0.0,0.0,0.0,247.33132902499997,330.16311816132594,1.5787677,1.524688,1.6072447,1.7807566625,0.43949515038629466,19.299286,18.375671,18.823334,25.450262666666664,5.009840299751956
2024-12-30 06:00:00,30624.26,-1.3075149,-1.0884166,0.42325386,97012.97,3.1615832e-06,19.622223,8.286163,1.7012483,-140.22493,47.892025,6,0,365,12,0,1.0,6.123233995736766e-17,-2.4492935982947064e-16,1.0,dry_season,8.506739,0.003161583,42.325386,2024,,0.0,8.905119,10.791884,247.33132902499997,330.16311816132594,1.6152967,1.5863824,1.6574271,1.784532025,0.43758484715083573,19.39981,18.752014,18.775055,25.492935125,4.950976731743609
2024-12-30 07:00:00,435309.84,-1.5751951,-1.1386775,0.40734378,97053.4,2.754299e-06,21.486145,9.080414,1.943663,-144.13757,45.045006,7,0,365,12,0,0.9659258262890684,-0.2588190451025206,-2.4492935982947064e-16,1.0,dry_season,120.9194,0.002754299,40.73438,2024,,8.506739,125.7652,136.40746,247.31472985833332,330.17563614742267,1.7012483,1.8355312,1.876234,1.7893181041666664,0.4359484718334295,19.622223,21.677856,20.582428,25.529193833333334,4.902411182917008
2024-12-30 08:00:00,1193554.8,-1.8479971,-1.1771728,0.3835949,97125.49,2.9846221e-06,24.34143,8.786041,2.1910794,-147.50288,37.13986,8,0,365,12,0,0.8660254037844387,-0.4999999999999998,-2.4492935982947064e-16,1.0,dry_season,331.543,0.002984622,38.35949,2024,,120.9194,338.12372,354.3583,247.112821525,330.2546697834595,1.943663,2.0124786,2.1067443,1.7938235958333333,0.4370043339691199,21.486145,24.078857,23.3497,25.521205875000003,4.909110978267357
2024-12-30 09:00:00,1948527.2,-2.3086367,-1.1806933,0.36008063,97114.12,2.193086e-06,26.026886,8.533722,2.593037,-152.91368,33.02159,9,0,365,12,0,0.7071067811865476,-0.7071067811865475,-2.4492935982947064e-16,1.0,dry_season,541.25757,0.0021930858,36.008064,2024,,331.543,553.90405,565.8815,246.83862485833333,330.1785449802674,2.1910794,2.336142,2.3030393,1.801265295833333,0.44237733212048613,24.34143,26.245544,25.237274,25.532146416666663,4.90604840489471
2024-12-30 10:00:00,2585431.5,-2.5711696,-1.2720896,0.36832362,97081.86,1.8382517e-06,30.636047,8.406067,2.8686452,-153.67603,25.030777,10,0,365,12,0,0.4999999999999999,-0.8660254037844387,-2.4492935982947064e-16,1.0,dry_season,718.1754,0.0018382517,36.832363,2024,,541.25757,725.07446,736.89355,246.3116881916667,329.6768986149445,2.593037,2.5695565,2.383774,1.8119692541666668,0.4586893777447853,26.026886,30.927155,28.489868,25.52303566666667,4.904868880408286
2024-12-30 11:00:00,2997317.0,-2.7131946,-1.1086532,0.37775835,97016.56,1.9132776e-06,31.539856,8.37735,2.9309618,-157.77432,23.726263,11,0,365,12,0,0.258819045102521,-0.9659258262890682,-2.4492935982947064e-16,1.0,dry_season,832.5881,0.0019132777,37.775837,2024,,718.1754,835.44147,841.96954,246.02422735833332,329.24401613464875,2.8686452,2.569844,2.2339234,1.8244312833333334,0.4835559006503301,30.636047,31.462616,29.53479,25.51090616666667,4.891264791590197
2024-12-30 12:00:00,3120481.5,-2.7305589,-0.9483976,0.39594632,96905.46,1.4635776e-06,32.234802,8.373688,2.8905725,-160.84648,22.803331,12,0,365,12,0,1.2246467991473532e-16,-1.0,-2.4492935982947064e-16,1.0,dry_season,866.8004,0.0014635776,39.59463,2024,,832.5881,866.8951,872.9208,245.90533694166666,329.0223635334132,2.9309618,2.49008,2.0180488,1.8394778583333335,0.5125104956855709,31.539856,31.748016,30.265533,25.514124499999998,4.895374820582909
2024-12-30 13:00:00,2975628.5,-2.6426167,-0.8717769,0.38913438,96783.87,1.4138643e-06,32.50107,8.655365,2.7826998,-161.7427,22.89538,13,0,365,12,0,-0.2588190451025208,-0.9659258262890684,-2.4492935982947064e-16,1.0,dry_season,826.5635,0.0014138643,38.913437,2024,,866.8004,823.1597,824.7833,245.90139110833334,329.0145929333271,2.8905725,2.3764155,1.8670553,1.8561650458333334,0.5403772793907536,32.234802,32.21704,30.828278,25.534407249999997,4.923255400772539
2024-12-30 14:00:00,2553786.0,-2.517358,-0.826036,0.38352665,96701.836,3.053947e-06,33.014282,8.617462,2.64942,-161.83347,22.185438,14,0,365,12,0,-0.4999999999999997,-0.8660254037844388,-2.4492935982947064e-16,1.0,dry_season,709.385,0.0030539471,38.352665,2024,,826.5635,705.7227,703.5192,246.04321610833335,329.27487533544814,2.7826998,2.2384782,1.7520627,1.8730935583333335,0.5632631333750218,32.50107,32.731476,31.453827,25.54624183333333,4.940329394371912
2024-12-30 15:00:00,1931675.2,-2.299095,-0.8150517,0.36741248,96660.65,2.7406165e-06,32.252808,9.2777405,2.4392922,-160.48009,24.21526,15,0,365,12,0,-0.7071067811865471,-0.7071067811865479,-2.4492935982947064e-16,1.0,dry_season,536.5765,0.0027406164,36.74125,2024,,709.385,526.5106,524.5296,246.19581194166665,329.49793976147527,2.64942,2.1128957,1.6902355,1.8902161333333334,0.5808256359820582,33.014282,32.416016,30.895294,25.558025416666666,4.958516413402708
2024-12-30 16:00:00,1154685.9,-1.7344257,-0.7075693,0.34558198,96664.78,1.0658713e-06,31.42218,8.885834,1.8732023,-157.8067,24.722025,16,0,365,12,0,-0.8660254037844384,-0.5000000000000004,-2.4492935982947064e-16,1.0,dry_season,320.74606,0.0010658713,34.558197,2024,,536.5765,314.32687,308.17114,246.61522444166667,329.8764501848655,2.4392922,1.672132,1.4042015,1.9038159874999998,0.5900148501924753,32.252808,31.68628,30.30072,25.551225083333335,4.948804531240655
2024-12-30 17:00:00,394451.88,-1.0078847,-0.72064966,0.32770303,96727.95,1.23143025e-08,29.099335,10.330292,1.2390188,-144.43477,31.126722,17,0,365,12,0,-0.9659258262890684,-0.2588190451025206,-2.4492935982947064e-16,1.0,dry_season,109.56996,1.2314303e-05,32.7703,2024,,320.74606,106.80867,99.00135,246.88269069166668,329.9363352165376,1.8732023,1.1773766,0.9774041,1.9121939166666666,0.5880061451306909,31.42218,28.994507,27.743866,25.54022091666667,4.934843423957426
2024-12-30 18:00:00,20402.379,-0.85780543,-0.84008616,0.30819374,96789.75,8.209535e-09,27.79126,11.151489,1.2006559,-135.59792,35.475193,18,0,365,12,0,-1.0,-1.8369701987210287e-16,-2.4492935982947064e-16,1.0,dry_season,5.6673274,8.209535e-06,30.819374,2024,,109.56996,5.3142376,4.1217747,246.99774444166667,329.8858431567984,1.2390188,1.2135704,1.0518287,1.9147623416666664,0.5847826850103459,29.099335,27.540466,26.233612,25.544588750000003,4.9380790759067414
2024-12-30 19:00:00,0.0,-0.85537463,-0.94262356,0.29612342,96880.9,9.121705e-09,26.9375,10.701141,1.2728727,-132.22186,36.19674,19,0,365,12,0,-0.9659258262890684,0.2588190451025203,-2.4492935982947064e-16,1.0,dry_season,0.0,9.121705e-06,29.61234,2024,,5.6673274,0.0,0.0,247.01245651666667,329.87460373581393,1.2006559,1.305286,1.1352247,1.9142242375,0.5854615073466927,27.79126,26.594574,25.46817,25.5550385,4.94274945072948
2024-12-30 20:00:00,0.0,-0.89215595,-0.9521504,0.30035725,96951.984,1.0489962e-08,25.366852,10.301727,1.3048114,-133.13684,38.678097,20,0,365,12,0,-0.8660254037844386,0.5000000000000001,-2.4492935982947064e-16,1.0,dry_season,0.0,1.0489962e-05,30.035725,2024,,0.0,0.0,0.0,247.01245651666667,329.87460373581393,1.2728727,1.4039174,1.186644,1.9128736833333333,0.5869627535436628,26.9375,24.619263,24.040619,25.569327083333334,4.946379549372166
2024-12-30 21:00:00,0.0,-0.9501219,-1.0249815,0.3108207,96992.016,2.1892093e-08,24.172546,9.787598,1.3976117,-132.82944,40.135616,21,0,365,12,0,-0.7071067811865477,0.7071067811865474,-2.4492935982947064e-16,1.0,dry_season,0.0,2.1892094e-05,31.08207,2024,,0.0,0.0,0.0,247.01245651666667,329.87460373581393,1.3048114,1.4507953,1.2395483,1.9087442666666667,0.5910335565840772,25.366852,23.991333,22.756866,25.600476625,4.942488865244488
2024-12-30 22:00:00,0.0,-0.86451983,-1.0931377,0.30065137,96965.01,4.5152444e-08,22.944275,9.681671,1.3936802,-128.33908,42.916534,22,0,365,12,0,-0.5000000000000004,0.8660254037844384,-2.4492935982947064e-16,1.0,dry_season,0.0,4.5152443e-05,30.065138,2024,,0.0,0.0,0.0,247.01245651666667,329.87460373581393,1.3976117,1.6159937,1.5219404,1.9065282833333335,0.5929218984369117,24.172546,22.772522,21.250122,25.60802716666667,4.9400615495995766
2024-12-30 23:00:00,0.0,-0.93618,-1.0973994,0.2875881,96964.18,4.925721e-08,22.60022,9.761475,1.4424695,-130.46715,44.057312,23,0,365,12,0,-0.2588190451025215,0.965925826289068,-2.4492935982947064e-16,1.0,dry_season,0.0,4.925721e-05,28.758808,2024,,0.0,0.0,0.0,247.01245651666667,329.87460373581393,1.3936802,1.5604224,1.5176965,1.8972652208333336,0.5993598104383366,22.944275,22.340546,20.816345,25.615183541666667,4.935897978054303
2024-12-31 00:00:00,0.0,-1.0023686,-1.0989307,0.2754682,96937.664,6.567628e-08,22.027435,9.789398,1.487411,-132.3689,45.706657,0,1,366,12,0,0.0,1.0,-2.4492935982947064e-16,1.0,dry_season,0.0,6.567628e-05,27.54682,2024,,0.0,0.0,0.0,247.01245651666667,329.87460373581393,1.4424695,1.5218793,1.4832525,1.8923505166666665,0.6027161907857613,22.60022,21.842957,20.30188,25.626003291666667,4.928687046549707
2024-12-31 01:00:00,0.0,-1.0503058,-1.1341711,0.2902234,96867.61,2.0341403e-07,21.402924,9.202423,1.5457964,-132.8014,45.64928,1,1,366,12,0,0.2588190451025207,0.9659258262890684,-2.4492935982947064e-16,1.0,dry_season,0.0,0.00020341403,29.022339,2024,,0.0,0.0,0.0,247.01245651666667,329.87460373581393,1.487411,1.4972308,1.5039914,1.8909143375,0.6036776471989883,22.027435,20.78302,20.284973,25.633689874999998,4.92267082228122
2024-12-31 02:00:00,0.0,-1.1161755,-1.1005803,0.29896784,96835.414,3.6441213e-07,20.80304,9.167908,1.5675219,-135.40308,47.2535,2,1,366,12,0,0.4999999999999999,0.8660254037844387,-2.4492935982947064e-16,1.0,dry_season,0.0,0.00036441212,29.896784,2024,,0.0,0.0,0.0,247.01245651666667,329.87460373581393,1.5457964,1.5211083,1.4746463,1.8929379041666667,0.602380622382115,21.402924,20.319122,19.285156,25.659519208333332,4.8976755556353995
2024-12-31 03:00:00,0.0,-1.1771688,-1.0456942,0.30469543,96829.08,5.2427004e-07,19.898712,8.774872,1.5745485,-138.3849,48.661495,3,1,366,12,0,0.7071067811865476,0.7071067811865476,-2.4492935982947064e-16,1.0,dry_season,0.0,0.00052427006,30.469543,2024,,0.0,0.0,0.0,247.01245651666667,329.87460373581393,1.5675219,1.5671879,1.4996595,1.8948718041666668,0.6012083516829181,20.80304,19.390167,18.477875,25.679682458333332,4.875680488108313
2024-12-31 04:00:00,0.0,-1.2472548,-0.9968083,0.3068108,96846.27,7.418227e-07,20.046112,9.028381,1.5966438,-141.36809,49.051632,4,1,366,12,0,0.8660254037844386,0.5000000000000001,-2.4492935982947064e-16,1.0,dry_season,0.0,0.0007418227,30.68108,2024,,0.0,0.0,0.0,247.01245651666667,329.87460373581393,1.5745485,1.5787677,1.4728906,1.8951784958333333,0.6010357766162967,19.898712,19.299286,18.784271,25.700871833333334,4.8481857839346665
2024-12-31 05:00:00,0.0,-1.3170663,-0.9346466,0.30653393,96874.586,1.3386103e-06,20.164093,9.032776,1.615001,-144.63885,48.709045,5,1,366,12,0,0.9659258262890684,0.2588190451025207,-2.4492935982947064e-16,1.0,dry_season,0.0,0.0013386103,30.653393,2024,,0.0,0.0,0.0,247.01245651666667,329.87460373581393,1.5966438,1.6152967,1.4978402,1.8959233333333334,0.6006375586527654,20.046112,19.39981,18.628143,25.731989583333334,4.807537524527174
2024-12-31 06:00:00,30367.709,-1.3919098,-0.8837706,0.29731938,96938.13,1.6699562e-06,20.13977,9.035339,1.6487763,-147.58716,48.79087,6,1,366,12,0,1.0,6.123233995736766e-17,-2.4492935982947064e-16,1.0,dry_season,8.435474,0.0016699561,29.731937,2024,,0.0,8.506739,10.427462,247.01245651666667,329.87460373581393,1.615001,1.7012483,1.5316072,1.8959110125,0.6006435684101251,20.164093,19.622223,18.982239,25.763834708333334,4.766122421494136
2024-12-31 07:00:00,445983.6,-1.6534066,-0.91799986,0.29456326,96986.95,1.3828505e-06,21.912933,9.758514,1.8911576,-150.9602,45.93205,7,1,366,12,0,0.9659258262890684,-0.2588190451025206,-2.4492935982947064e-16,1.0,dry_season,123.88433,0.0013828506,29.456326,2024,,8.435474,120.9194,135.07228,247.00948714166668,329.87684430865164,1.6487763,1.943663,1.7349623,1.8937246791666666,0.6014778642595849,20.13977,21.486145,20.229279,25.785399166666664,4.738215479482879
2024-12-31 08:00:00,1214808.9,-1.9122573,-0.8952163,0.28237805,97060.42,9.0555733e-07,24.558594,9.5877075,2.111431,-154.91353,38.694527,8,1,366,12,0,0.8660254037844387,-0.4999999999999998,-2.4492935982947064e-16,1.0,dry_season,337.4469,0.0009055573,28.237804,2024,,123.88433,331.543,350.6394,247.13302589166668,329.82812213107843,1.8911576,2.1910794,1.8755904,1.891536954166667,0.6013838090857012,21.912933,24.34143,23.746246,25.803182000000003,4.722152211571597
2024-12-31 09:00:00,1983468.9,-2.3966625,-0.8843177,0.26128238,97060.54,8.889102e-07,26.398712,9.281097,2.5546055,-159.747,33.97563,9,1,366,12,0,0.7071067811865476,-0.7071067811865475,-2.4492935982947064e-16,1.0,dry_season,550.96356,0.0008889102,26.128239,2024,,337.4469,541.25757,565.8948,247.379021725,329.89600951818386,2.111431,2.593037,2.0896375,1.8882182708333335,0.5998768192691675,24.558594,26.026886,25.57608,25.812230500000002,4.719436729860278
2024-12-31 10:00:00,2612465.8,-2.4859457,-0.86428297,0.21966863,97026.36,2.1372157e-06,30.169098,9.192535,2.6319025,-160.82907,27.113903,10,1,366,12,0,0.4999999999999999,-0.8660254037844387,-2.4492935982947064e-16,1.0,dry_season,725.68494,0.0021372156,21.966862,2024,,550.96356,718.1754,733.5878,247.783437975,330.27766439058144,2.5546055,2.8686452,2.2445216,1.8866169583333334,0.5979618105513427,26.398712,30.636047,29.4068,25.827723250000002,4.720782143391851
2024-12-31 11:00:00,3008566.2,-2.6101823,-0.7210735,0.20377041,96960.65,2.0494192e-06,31.332062,9.240662,2.707951,-164.55698,25.451132,11,1,366,12,0,0.258819045102521,-0.9659258262890682,-2.4492935982947064e-16,1.0,dry_season,835.7128,0.002049419,20.37704,2024,,725.68494,832.5881,842.2776,248.09633547500002,330.7459038279053,2.6319025,2.9309618,2.0832999,1.8767526791666667,0.5828183881977704,30.169098,31.539856,30.137299,25.808267041666667,4.701024427771255
2024-12-31 12:00:00,3152242.2,-2.60238,-0.6204106,0.15910938,96843.28,1.7771363e-06,32.284973,9.103302,2.6753113,-166.59091,23.88878,12,1,366,12,0,1.2246467991473532e-16,-1.0,-2.4492935982947064e-16,1.0,dry_season,875.62286,0.0017771362,15.910938,2024,,835.7128,866.8004,871.11176,248.2265313083333,330.9865159762335,2.707951,2.8905725,1.8414642,1.8674605624999998,0.5668386331618283,31.332062,32.234802,30.897522,25.799608958333334,4.690188209249451
2024-12-31 13:00:00,3000905.2,-2.5228982,-0.58728796,0.13389052,96728.586,1.8277617e-06,32.839966,8.997925,2.5903518,-166.89587,22.987871,13,1,366,12,0,-0.2588190451025208,-0.9659258262890684,-2.4492935982947064e-16,1.0,dry_season,833.5848,0.0018277618,13.389052,2024,,875.62286,826.5635,826.757,248.59413380833334,331.7075044376098,2.6753113,2.7826998,1.6583079,1.8584913458333334,0.5514397315057177,32.284973,32.50107,31.53656,25.80169941666667,4.693191356344997
2024-12-31 14:00:00,2587711.0,-2.3616505,-0.60921043,0.1151325,96647.58,2.3301398e-06,33.510956,8.899994,2.4389608,-165.53534,21.991154,14,1,366,12,0,-0.4999999999999997,-0.8660254037844388,-2.4492935982947064e-16,1.0,dry_season,718.8086,0.0023301397,11.51325,2024,,833.5848,709.385,710.7744,248.88668797499997,332.24208124629627,2.5903518,2.64942,1.5164447,1.8504768458333334,0.5386734820748635,32.839966,33.014282,32.346222,25.815820083333335,4.714685117038807
2024-12-31 15:00:00,1951922.5,-2.1531475,-0.6741693,0.109908916,96612.87,1.3609584e-06,33.19992,9.249023,2.2562244,-162.61421,22.911545,15,1,366,12,0,-0.7071067811865471,-0.7071067811865479,-2.4492935982947064e-16,1.0,dry_season,542.2007,0.0013609584,10.990891,2024,,718.8086,536.5765,530.90607,249.279337975,332.8150433287978,2.4389608,2.4392922,1.4940773,1.8417077124999999,0.5266814655946336,33.510956,32.252808,32.163574,25.836514833333336,4.7486239040151705
2024-12-31 16:00:00,1178967.1,-1.5711325,-0.66879135,0.11497212,96618.69,4.0545982e-07,32.67566,9.422455,1.7075536,-156.94177,23.875008,16,1,366,12,0,-0.8660254037844384,-0.5000000000000004,-2.4492935982947064e-16,1.0,dry_season,327.49088,0.0004054598,11.497212,2024,,542.2007,320.74606,314.86917,249.5136796416667,333.02804213794786,2.2562244,1.8732023,1.2291452,1.8340798875,0.518918938043931,33.19992,31.42218,31.62973,25.875977833333334,4.807830606996046
2024-12-31 17:00:00,403704.78,-0.89458996,-0.7562145,0.10790969,96673.53,2.6452946e-08,30.389221,10.894226,1.1713887,-139.79149,30.003347,17,1,366,12,0,-0.9659258262890684,-0.2588190451025206,-2.4492935982947064e-16,1.0,dry_season,112.14022,2.6452946e-05,10.790969,2024,,327.49088,109.56996,101.4264,249.7947138083333,333.0936063627931,1.7075536,1.2390188,0.920145,1.8271778583333333,0.5194772834345588,32.67566,29.099335,28.543213,25.928206166666666,4.877010222198882
2024-12-31 18:00:00,21213.598,-0.78107697,-0.90836626,0.101175725,96730.016,9.121705e-09,28.38321,10.556732,1.1980027,-130.69125,32.942005,18,1,366,12,0,-1.0,-1.8369701987210287e-16,-2.4492935982947064e-16,1.0,dry_season,5.892666,9.121705e-06,10.117573,2024,,112.14022,5.6673274,4.2955737,249.901807975,333.0469719201984,1.1713887,1.2006559,1.0170214,1.8243599375,0.5229781220016619,30.389221,27.79126,26.968475,25.981951416666664,4.920390273894536
2024-12-31 19:00:00,0.0,-0.8240867,-0.9975261,0.098782554,96812.836,2.5996862e-08,27.546082,11.138153,1.2939,-129.56114,35.95597,19,1,366,12,0,-0.9659258262890684,0.2588190451025203,-2.4492935982947064e-16,1.0,dry_season,0.0,2.5996862e-05,9.878256,2024,,5.892666,0.0,0.0,249.91119708333335,333.0397903090897,1.1980027,1.2728727,1.0580065,1.8242493875,0.5231159585219768,28.38321,26.9375,25.655731,26.006615999999998,4.931325667630101
2024-12-31 20:00:00,0.0,-0.9021573,-1.0198737,0.10009912,96879.64,4.7888955e-09,26.2034,11.087128,1.3616278,-131.49525,38.78122,20,1,366,12,0,-0.8660254037844386,0.5000000000000001,-2.4492935982947064e-16,1.0,dry_season,0.0,4.7888957e-06,10.009912,2024,,0.0,0.0,0.0,249.91119708333335,333.0397903090897,1.2939,1.3048114,1.0451176,1.825125525,0.5221690896337471,27.546082,25.366852,24.183868,26.031973583333336,4.937880876669721
2024-12-31 21:00:00,0.0,-0.98792,-1.047914,0.09492169,96912.22,2.3032307e-08,24.882874,10.954681,1.440177,-133.31204,41.580616,21,1,366,12,0,-0.7071067811865477,0.7071067811865474,-2.4492935982947064e-16,1.0,dry_season,0.0,2.3032308e-05,9.492169,2024,,0.0,0.0,0.0,249.91119708333335,333.0397903090897,1.3616278,1.3976117,1.073674,1.8274928750000001,0.5198311467484942,26.2034,24.172546,23.118683,26.06682975,4.935933879918624
2024-12-31 22:00:00,0.0,-0.8834787,-1.0821648,0.09259546,96874.266,1.2040651e-07,23.30783,10.652496,1.3970022,-129.22818,44.798244,22,1,366,12,0,-0.5000000000000004,0.8660254037844384,-2.4492935982947064e-16,1.0,dry_season,0.0,0.00012040651,9.259546,2024,,0.0,0.0,0.0,249.91119708333335,333.0397903090897,1.440177,1.3936802,1.1462282,1.829266429166667,0.5183712769035891,24.882874,22.944275,21.585327,26.096426750000003,4.926201516884571
2024-12-31 23:00:00,0.0,-0.9057771,-1.035187,0.09989166,96865.33,1.3454516e-07,22.837952,10.26123,1.375516,-131.18556,44.90354,23,1,366,12,0,-0.2588190451025215,0.965925826289068,-2.4492935982947064e-16,1.0,dry_season,0.0,0.00013454516,9.989166,2024,,0.0,0.0,0.0,249.91119708333335,333.0397903090897,1.3970022,1.4424695,1.1281254,1.8294048458333332,0.5182503380936573,23.30783,22.60022,21.23236,26.111574875000002,4.916636866875228
